Date,Open,High,Low,Close,Volume,Dividends,Stock Splits
2021-02-12 00:00:00-05:00,130.85629728454018,132.00560480490336,130.2134567077312,131.84976196289062,60145100,0.0,0.0
2021-02-16 00:00:00-05:00,131.96667922879305,132.4731462786685,129.33687901923372,129.7264862060547,80576300,0.0,0.0
2021-02-17 00:00:00-05:00,127.83691038959827,128.781687221056,126.10319957479774,127.43756866455078,97918500,0.0,0.0
2021-02-18 00:00:00-05:00,125.84019743521674,126.61939669496834,124.09675228153843,126.33694458007812,96856700,0.0,0.0
2021-02-19 00:00:00-05:00,126.85320926611831,127.31098844832445,125.45065303655015,126.4928207397461,87668800,0.0,0.0
2021-02-22 00:00:00-05:00,124.68115232492676,126.34669108531578,122.33382715227125,122.72342681884766,103916400,0.0,0.0
2021-02-23 00:00:00-05:00,120.54169271715817,123.4149766498793,115.31133387912055,122.58708190917969,158273000,0.0,0.0
2021-02-24 00:00:00-05:00,121.69100535268275,122.29487783267318,119.05147832650884,122.09033966064453,111039900,0.0,0.0
2021-02-25 00:00:00-05:00,121.43776543888308,123.17147632846172,117.40542445743719,117.84371948242188,148199500,0.0,0.0
2021-02-26 00:00:00-05:00,119.40210545733144,121.60333738053185,118.04825229910983,118.10669708251953,164560400,0.0,0.0
2021-03-01 00:00:00-05:00,120.53194563410155,124.60324720609326,119.59691082635653,124.46688842773438,116307900,0.0,0.0
2021-03-02 00:00:00-05:00,125.07080293618576,125.37273925310699,121.7592157646373,121.8663558959961,102260900,0.0,0.0
2021-03-03 00:00:00-05:00,121.56438254510716,122.44098002866822,118.6716145648539,118.88589477539062,112966300,0.0,0.0
2021-03-04 00:00:00-05:00,118.583971529586,120.38586201324064,115.53536779088374,117.00609588623047,178155000,0.0,0.0
2021-03-05 00:00:00-05:00,117.83398211644732,118.7690169305712,114.5126538027712,118.26253509521484,153766600,0.0,0.0
2021-03-08 00:00:00-05:00,117.78528895665244,117.85346835184752,113.1880285063647,113.3341293334961,154376600,0.0,0.0
2021-03-09 00:00:00-05:00,115.93468039958287,118.88588550494669,115.70092356585985,117.94110870361328,129525800,0.0,0.0
2021-03-10 00:00:00-05:00,118.52551679323263,118.99303047984385,116.34376148572666,116.8599853515625,111943300,0.0,0.0
2021-03-11 00:00:00-05:00,119.35342480023796,120.00600008566362,118.1067115889779,118.78850555419922,103026500,0.0,0.0
2021-03-12 00:00:00-05:00,117.26906067587845,118.01903394756955,116.06130832636462,117.88267517089844,88105100,0.0,0.0
2021-03-15 00:00:00-04:00,118.25281346511821,120.77545858975141,117.28855243734995,120.76571655273438,92403800,0.0,0.0
2021-03-16 00:00:00-04:00,122.43122794234345,123.91170522216095,121.47671654048351,122.30461120605469,115227900,0.0,0.0
2021-03-17 00:00:00-04:00,120.82416526324258,122.58709503966791,119.15862613615897,121.51570129394531,111932600,0.0,0.0
2021-03-18 00:00:00-04:00,119.68456358302885,119.97676520351848,117.1911374972353,117.39567565917969,121229700,0.0,0.0
2021-03-19 00:00:00-04:00,116.78207967633583,118.27229182875169,116.5677994448256,116.86973571777344,185549500,0.0,0.0
2021-03-22 00:00:00-04:00,117.20088850037816,120.64883370339138,117.13270910784668,120.18131256103516,111912300,0.0,0.0
2021-03-23 00:00:00-04:00,120.12288150317761,121.0092136525593,118.96382433837393,119.35342407226562,95467100,0.0,0.0
2021-03-24 00:00:00-04:00,119.62613612617307,119.70405755554833,116.94764829711929,116.96712493896484,88530500,0.0,0.0
2021-03-25 00:00:00-04:00,116.43144110431777,118.49631456122934,115.90548256064227,117.45413208007812,98844700,0.0,0.0
2021-03-26 00:00:00-04:00,117.22035432205121,118.32097396831911,115.82754049090362,118.05799102783203,94071200,0.0,0.0
2021-03-29 00:00:00-04:00,118.48657071923124,119.39238695881983,117.59049651669116,118.23332977294922,80819200,0.0,0.0
2021-03-30 00:00:00-04:00,116.98659687346046,117.26905645239088,115.76910253203405,116.78205871582031,85671900,0.0,0.0
2021-03-31 00:00:00-04:00,118.48655874928595,120.30792565051348,117.9995609800172,118.97355651855469,118323800,0.0,0.0
2021-04-01 00:00:00-04:00,120.44430093685868,120.9507753854183,119.30472042335516,119.80146026611328,75089100,0.0,0.0
2021-04-05 00:00:00-04:00,120.6488503978394,122.8793014492825,119.86965086309161,122.62606048583984,88651200,0.0,0.0
2021-04-06 00:00:00-04:00,123.21043811923847,123.82405264578033,122.38254338092113,122.927978515625,80171300,0.0,0.0
2021-04-07 00:00:00-04:00,122.55786509964642,124.59351228641088,121.88580577435263,124.57403564453125,83466700,0.0,0.0
2021-04-08 00:00:00-04:00,125.59669475691503,126.99925040920485,125.17788389901726,126.97003173828125,88844600,0.0,0.0
2021-04-09 00:00:00-04:00,126.42459968145573,129.58033511074808,126.1031794318075,129.5413818359375,106686700,0.0,0.0
2021-04-12 00:00:00-04:00,129.07389204693322,129.3953123558948,127.23304108614778,127.82717895507812,91420000,0.0,0.0
2021-04-13 00:00:00-04:00,128.99597765783932,131.15824904554103,128.49923039780398,130.93421936035156,91266500,0.0,0.0
2021-04-14 00:00:00-04:00,131.43098018165665,131.48941754486856,128.2362755221187,128.59664916992188,87222800,0.0,0.0
2021-04-15 00:00:00-04:00,130.3400706375454,131.48937806764056,130.16474373855363,131.00238037109375,89347100,0.0,0.0
2021-04-16 00:00:00-04:00,130.8076234498389,131.16799709740084,129.81414368991753,130.6712646484375,84922400,0.0,0.0
2021-04-19 00:00:00-04:00,130.03811104016313,131.94714842450873,129.87253361765187,131.33352661132812,94264200,0.0,0.0
2021-04-20 00:00:00-04:00,131.50891027779352,132.00564275979164,128.38237738217003,129.64857482910156,94812300,0.0,0.0
2021-04-21 00:00:00-04:00,128.91801209652044,130.27186490176769,127.8855795077404,130.0283660888672,68847100,0.0,0.0
2021-04-22 00:00:00-04:00,129.58035833012048,130.66149395921403,127.99275572778816,128.50897216796875,84566500,0.0,0.0
2021-04-23 00:00:00-04:00,128.72322345292264,131.60624124145804,128.72322345292264,130.82705688476562,78657500,0.0,0.0
2021-04-26 00:00:00-04:00,131.32383017529745,131.5478450047434,130.08685158645528,131.21669006347656,66905100,0.0,0.0
2021-04-27 00:00:00-04:00,131.49915149684074,131.88875868630524,130.62256132903624,130.89527893066406,66015800,0.0,0.0
2021-04-28 00:00:00-04:00,130.81732046769145,131.50886374451756,129.61931028089822,130.10630798339844,107760100,0.0,0.0
2021-04-29 00:00:00-04:00,132.9211473369093,133.50555049492985,129.00568184694694,130.00889587402344,151101000,0.0,0.0
2021-04-30 00:00:00-04:00,128.3531289693404,130.08683981317637,127.66160046998598,128.0414581298828,109839500,0.0,0.0
2021-05-03 00:00:00-04:00,128.60637073689202,130.58359545105438,128.401839986388,129.09336853027344,75135100,0.0,0.0
2021-05-04 00:00:00-04:00,127.77847076247717,128.07067238199318,123.40522566029897,124.52532196044922,137564700,0.0,0.0
2021-05-05 00:00:00-04:00,125.84023856195147,127.05773315883954,124.6422280399721,124.76885223388672,84000900,0.0,0.0
2021-05-06 00:00:00-04:00,124.56428281581603,126.37591502452003,123.82404416158315,126.36618041992188,78128300,0.0,0.0
2021-05-07 00:00:00-04:00,127.66379828936026,128.06380344320834,126.32714777247271,127.03938293457031,78973300,0.22,0.0
2021-05-10 00:00:00-04:00,126.25886120807223,126.38568557584613,123.72216543128324,123.76119232177734,88071200,0.0,0.0
2021-05-11 00:00:00-04:00,120.49278076667929,123.19532812082859,119.78055295740043,122.84410095214844,126142800,0.0,0.0
2021-05-12 00:00:00-04:00,120.39519702699735,121.60500079746393,119.27319817304675,119.78053283691406,112172300,0.0,0.0
2021-05-13 00:00:00-04:00,121.54648377421124,123.07825403932372,121.23427605914434,121.92698669433594,105861300,0.0,0.0
2021-05-14 00:00:00-04:00,123.17581112527975,124.77587651193251,122.78554964091157,124.34658813476562,81918000,0.0,0.0
2021-05-17 00:00:00-04:00,123.73191527246206,123.83923735283338,122.12209151050999,123.19530487060547,74244600,0.0,0.0
2021-05-18 00:00:00-04:00,123.47826668103308,123.89779649597985,121.74161080080381,121.80990600585938,63342900,0.0,0.0
2021-05-19 00:00:00-04:00,120.16106519010208,121.8782039395482,119.86836719410006,121.65380859375,92612000,0.0,0.0
2021-05-20 00:00:00-04:00,122.1806452374261,124.61001150333645,122.05380598133526,124.20999145507812,76857100,0.0,0.0
2021-05-21 00:00:00-04:00,124.70757329750661,124.88319058200729,122.16112639405591,122.37577056884766,79295400,0.0,0.0
2021-05-24 00:00:00-04:00,122.94164921888921,124.82465387319235,122.87335402183648,124.0051040649414,63092900,0.0,0.0
2021-05-25 00:00:00-04:00,124.7075784829674,125.19541091008112,123.24410353248182,123.80998229980469,72009500,0.0,0.0
2021-05-26 00:00:00-04:00,123.86851440973157,124.28804417802037,123.34166255348855,123.76119232177734,56575900,0.0,0.0
2021-05-27 00:00:00-04:00,123.36118872845968,124.5319657543007,122.03430412924318,122.22943115234375,94625600,0.0,0.0
2021-05-28 00:00:00-04:00,122.51236771666937,122.73677048730885,121.51720801205188,121.57574462890625,71311100,0.0,0.0
2021-06-01 00:00:00-04:00,122.03429950032661,122.29772171588232,120.92205913488071,121.25377655029297,67637100,0.0,0.0
2021-06-02 00:00:00-04:00,121.253779962891,122.19040306312083,121.02938463288338,122.01478576660156,59278900,0.0,0.0
2021-06-03 00:00:00-04:00,121.64404739693522,121.80990611741935,120.13178685609535,120.53180694580078,76229200,0.0,0.0
2021-06-04 00:00:00-04:00,121.04890967576293,123.08802229025616,120.83426545911946,122.82459259033203,75169300,0.0,0.0
2021-06-07 00:00:00-04:00,123.09775754946514,123.24410653680496,121.7903901347652,122.83433532714844,71057600,0.0,0.0
2021-06-08 00:00:00-04:00,123.51727923465421,125.33199613747028,123.13677635872094,123.65386962890625,74403800,0.0,0.0
2021-06-09 00:00:00-04:00,124.11243947005046,124.63929137968418,123.43923856713752,124.03438568115234,56877900,0.0,0.0
2021-06-10 00:00:00-04:00,123.9270603510902,125.06857651400928,122.87336400291547,123.03922271728516,71186400,0.0,0.0
2021-06-11 00:00:00-04:00,123.44898317154788,124.3368281715762,123.02945340825438,124.24901580810547,53522400,0.0,0.0
2021-06-14 00:00:00-04:00,124.70757053406396,127.36133202248661,123.97583310546236,127.30279541015625,96906500,0.0,0.0
2021-06-15 00:00:00-04:00,126.77595142885431,127.41988394107798,126.23934100200125,126.4832534790039,62746300,0.0,0.0
2021-06-16 00:00:00-04:00,127.19545621391383,127.70279826458582,125.33197646072955,126.9808120727539,91815000,0.0,0.0
2021-06-17 00:00:00-04:00,126.63936820067508,129.32240559947226,126.49301177385304,128.58090209960938,96721700,0.0,0.0
2021-06-18 00:00:00-04:00,127.52721480091387,128.30772287123602,127.06865812161917,127.2833023071289,108953300,0.0,0.0
2021-06-21 00:00:00-04:00,127.12720634134745,129.18582857227696,126.06375134431808,129.07850646972656,79663300,0.0,0.0
2021-06-22 00:00:00-04:00,128.91263161271146,130.8151460223462,128.4150406144124,130.7175750732422,74783600,0.0,0.0
2021-06-23 00:00:00-04:00,130.51271488266488,131.0493254021088,129.98585550457855,130.4444122314453,60214200,0.0,0.0
2021-06-24 00:00:00-04:00,131.1761225655203,131.36149842351492,129.69313058879897,130.1614532470703,68711000,0.0,0.0
2021-06-25 00:00:00-04:00,130.21025787505408,130.6297802366699,129.5760764313894,129.8687744140625,70783700,0.0,0.0
2021-06-28 00:00:00-04:00,130.1614117379613,131.95660336046586,130.10287514615388,131.498046875,62111300,0.0,0.0
2021-06-29 00:00:00-04:00,131.51758729616188,133.16643773077968,131.07854789272267,133.0103302001953,64556100,0.0,0.0
2021-06-30 00:00:00-04:00,132.8542586809143,134.0640700400228,132.56156070353867,133.62503051757812,63261400,0.0,0.0
2021-07-01 00:00:00-04:00,133.27377610064684,133.98599632611845,132.45421890843855,133.92745971679688,52485800,0.0,0.0
2021-07-02 00:00:00-04:00,134.5421050302235,136.59097561940857,134.3957635112395,136.5519561767578,78852600,0.0,0.0
2021-07-06 00:00:00-04:00,136.65931393358588,139.6643030810213,136.65931393358588,138.56182861328125,108181800,0.0,0.0
2021-07-07 00:00:00-04:00,140.0447648918188,141.36189806872017,139.18620319634806,141.04969787597656,104911600,0.0,0.0
2021-07-08 00:00:00-04:00,138.1325533693018,140.55216163148216,137.24470813835896,139.75213623046875,105575500,0.0,0.0
2021-07-09 00:00:00-04:00,139.27403406481795,142.10341304013653,139.17646311232951,141.57656860351562,99890800,0.0,0.0
2021-07-12 00:00:00-04:00,142.64978272453996,142.75710481226085,140.49358983023356,140.98141479492188,76299700,0.0,0.0
2021-07-13 00:00:00-04:00,140.5228614286861,143.86934850619764,140.1326074026889,142.09365844726562,100827100,0.0,0.0
2021-07-14 00:00:00-04:00,144.4937679079545,145.9279745686904,144.0839818158266,145.5181884765625,127050800,0.0,0.0
2021-07-15 00:00:00-04:00,145.6059901139749,146.34747864637848,143.50833398770226,144.86448669433594,106820300,0.0,0.0
2021-07-16 00:00:00-04:00,144.8450426158096,146.11337603058237,142.3278631852022,142.825439453125,93251400,0.0,0.0
2021-07-19 00:00:00-04:00,140.24968646910114,140.56190161268026,138.2203326975493,138.98133850097656,121434600,0.0,0.0
2021-07-20 00:00:00-04:00,139.96673149730913,143.51809629152285,139.4789065811411,142.59121704101562,96350000,0.0,0.0
2021-07-21 00:00:00-04:00,141.98636687285668,142.5717629249031,141.10828768202705,141.85952758789062,74993500,0.0,0.0
2021-07-22 00:00:00-04:00,142.38635852395822,144.59132208932277,142.25951926436974,143.2254180908203,77338200,0.0,0.0
2021-07-23 00:00:00-04:00,143.95714959308972,145.09865822031367,143.34248537564744,144.9425506591797,71447400,0.0,0.0
2021-07-26 00:00:00-04:00,144.6596219111436,146.18163344756866,144.10349429509156,145.36209106445312,72434100,0.0,0.0
2021-07-27 00:00:00-04:00,145.48895126026883,145.57677109148528,142.0058878307222,143.19618225097656,104818600,0.0,0.0
2021-07-28 00:00:00-04:00,141.28387882976534,143.391286472983,139.06914908747908,141.44973754882812,118931200,0.0,0.0
2021-07-29 00:00:00-04:00,141.16679397009463,142.98150347673163,141.05947187985987,142.09365844726562,56699500,0.0,0.0
2021-07-30 00:00:00-04:00,140.86436116386733,142.7668758133756,140.60093147786202,142.30831909179688,70440600,0.0,0.0
2021-08-02 00:00:00-04:00,142.7961507964113,143.3717807887823,141.7131785780533,141.9766082763672,62880000,0.0,0.0
2021-08-03 00:00:00-04:00,142.2595139229218,144.43520909857267,141.64484970305608,143.7717742919922,64786600,0.0,0.0
2021-08-04 00:00:00-04:00,143.68394969989515,144.19127687526958,142.7180510419496,143.37173461914062,56368300,0.0,0.0
2021-08-05 00:00:00-04:00,143.40102641721816,144.24008597517638,142.61075233452527,143.4790802001953,46397700,0.0,0.0
2021-08-06 00:00:00-04:00,143.000320280882,143.74291989384258,142.29679858037488,142.7951202392578,54126800,0.22,0.0
2021-08-09 00:00:00-04:00,142.85375976308137,143.34231572322156,142.18933081387217,142.74627685546875,48908700,0.0,0.0
2021-08-10 00:00:00-04:00,143.0882569205625,144.32919310328901,141.9743500451473,142.26748657226562,69023100,0.0,0.0
2021-08-11 00:00:00-04:00,142.7071837820295,143.36184690994065,142.19908146277635,142.5215301513672,48493500,0.0,0.0
2021-08-12 00:00:00-04:00,142.84394884807298,145.63848865290169,142.5019538202862,145.48214721679688,72282600,0.0,0.0
2021-08-13 00:00:00-04:00,145.56031813141018,146.01956178212575,144.87634298445295,145.68734741210938,59375000,0.0,0.0
2021-08-16 00:00:00-04:00,145.1401375440863,147.72949199860398,143.11752446564824,147.6610870361328,103296000,0.0,0.0
2021-08-17 00:00:00-04:00,146.79148879708086,148.20829780218608,145.67758203815535,146.75241088867188,92229700,0.0,0.0
2021-08-18 00:00:00-04:00,146.37132185900873,147.27026274921596,142.80485554411644,143.0100555419922,86326000,0.0,0.0
2021-08-19 00:00:00-04:00,141.71054055666755,144.61256415166383,141.19267243186096,143.34231567382812,86960300,0.0,0.0
2021-08-20 00:00:00-04:00,144.06536865206095,145.10110479232438,143.4204712746936,144.79820251464844,60549600,0.0,0.0
2021-08-23 00:00:00-04:00,144.91542102572143,146.75239563031982,144.50503593715925,146.28338623046875,60131800,0.0,0.0
2021-08-24 00:00:00-04:00,146.02934262692168,147.40707372149436,145.73620613091066,146.19544982910156,48606400,0.0,0.0
2021-08-25 00:00:00-04:00,146.38108802855803,146.87942449217206,144.4170990582826,144.9642791748047,58991300,0.0,0.0
2021-08-26 00:00:00-04:00,144.95452843061085,145.70689371393732,144.13374326132688,144.16305541992188,48597200,0.0,0.0
2021-08-27 00:00:00-04:00,144.10444664756716,145.34538283026907,143.46932993010927,145.19882202148438,55802400,0.0,0.0
2021-08-30 00:00:00-04:00,145.58963083933705,149.976867364279,145.2085579053338,149.61532592773438,90956700,0.0,0.0
2021-08-31 00:00:00-04:00,149.1658935130071,149.30268857096087,147.82724018566304,148.35488891601562,86453100,0.0,0.0
2021-09-01 00:00:00-04:00,149.33201585532615,151.4328005101191,148.85322564922996,149.0193328857422,80313700,0.0,0.0
2021-09-02 00:00:00-04:00,150.34819027947748,151.17874128646721,148.91183471793337,150.1332244873047,71115500,0.0,0.0
2021-09-03 00:00:00-04:00,150.24066197663203,151.09075913768157,149.58599904725085,150.768310546875,57808700,0.0,0.0
2021-09-07 00:00:00-04:00,151.42301943650597,153.660598936694,150.85629279363835,153.10365295410156,82278300,0.0,0.0
2021-09-08 00:00:00-04:00,153.38700877891932,153.4456331023822,150.45567332943037,151.559814453125,74420200,0.0,0.0
2021-09-09 00:00:00-04:00,151.93112186962642,152.53692642541913,150.42636132134103,150.5436248779297,57305700,0.0,0.0
2021-09-10 00:00:00-04:00,151.45231569560596,151.9213251437336,145.2965089144569,145.56033325195312,140893200,0.0,0.0
2021-09-13 00:00:00-04:00,147.18231163973152,147.95422317305022,145.34533722841422,146.1270294189453,102404300,0.0,0.0
2021-09-14 00:00:00-04:00,146.90881391260595,147.61233583515445,143.54754581810707,144.72984313964844,109296300,0.0,0.0
2021-09-15 00:00:00-04:00,145.15971382126716,146.0195769004921,143.01983678244974,145.61895751953125,83281300,0.0,0.0
2021-09-16 00:00:00-04:00,145.0424802595639,145.56034832894838,143.85040265204483,145.38446044921875,68034100,0.0,0.0
2021-09-17 00:00:00-04:00,145.41377207009813,145.41377207009813,142.42379770872697,142.71693420410156,129868800,0.0,0.0
2021-09-20 00:00:00-04:00,140.50866688674913,141.52485650500037,138.0365754530921,139.66835021972656,123478900,0.0,0.0
2021-09-21 00:00:00-04:00,140.6356964105484,141.29037444715544,139.51202378684255,140.1471405029297,75834000,0.0,0.0
2021-09-22 00:00:00-04:00,141.14379903633161,143.07847626004042,140.41096517330857,142.5117645263672,76404300,0.0,0.0
2021-09-23 00:00:00-04:00,143.29341147385273,143.71357721861844,142.30653411634987,143.46929931640625,64838200,0.0,0.0
2021-09-24 00:00:00-04:00,142.32611071447462,144.09468071612673,142.22839356904527,143.55726623535156,53477900,0.0,0.0
2021-09-27 00:00:00-04:00,142.14045701354505,142.6192471706429,140.52822848156046,142.04273986816406,74150700,0.0,0.0
2021-09-28 00:00:00-04:00,139.97122157619168,141.4368888178272,138.44693003041687,138.66189575195312,108972300,0.0,0.0
2021-09-29 00:00:00-04:00,139.2091064976362,141.14378350850296,138.77917495976774,139.5608673095703,74602000,0.0,0.0
2021-09-30 00:00:00-04:00,140.37187163149707,141.075393254431,138.04634099404652,138.2613067626953,89056700,0.0,0.0
2021-10-01 00:00:00-04:00,138.65211510957346,139.64877300866175,135.9259806000398,139.38494873046875,94639600,0.0,0.0
2021-10-04 00:00:00-04:00,138.5153657120816,138.9550779570537,135.10525501528176,135.95533752441406,98322000,0.0,0.0
2021-10-05 00:00:00-04:00,136.29733265175278,138.98439014714222,136.1703033445533,137.8802490234375,80861100,0.0,0.0
2021-10-06 00:00:00-04:00,136.27778622694314,138.8964387383312,135.20295726507902,138.7498779296875,83221100,0.0,0.0
2021-10-07 00:00:00-04:00,139.7855986818326,140.9190518423827,139.45338427911526,140.0103302001953,61732700,0.0,0.0
2021-10-08 00:00:00-04:00,140.73342896287608,140.8799897873894,139.29707324446653,139.62928771972656,58773200,0.0,0.0
2021-10-11 00:00:00-04:00,139.0137022391212,141.49555969160025,138.56422424355534,139.5413360595703,64452200,0.0,0.0
2021-10-12 00:00:00-04:00,139.9517211619384,139.97126757292082,137.8118439004276,138.27108764648438,73035900,0.0,0.0
2021-10-13 00:00:00-04:00,138.00724781162134,138.16357433643927,136.01393179740973,137.68479919433594,78762700,0.0,0.0
2021-10-14 00:00:00-04:00,138.85737578524592,140.58686806127858,138.27110266842462,140.4696044921875,69907100,0.0,0.0
2021-10-15 00:00:00-04:00,140.47935479013262,141.58348088448486,140.22529620330172,141.5248565673828,67940300,0.0,0.0
2021-10-18 00:00:00-04:00,140.1666871499396,143.47909561279081,139.88333128324254,143.19573974609375,85589200,0.0,0.0
2021-10-19 00:00:00-04:00,143.64518755891186,145.75575243725564,143.1957245202807,145.35513305664062,76378900,0.0,0.0
2021-10-20 00:00:00-04:00,145.29650879090318,146.32247907181252,144.7297822080243,145.84368896484375,58418800,0.0,0.0
2021-10-21 00:00:00-04:00,145.40397653574416,146.2149809625118,144.48548923531962,146.0586395263672,61421000,0.0,0.0
2021-10-22 00:00:00-04:00,146.26383951681254,146.7426146643611,145.23786934278849,145.28672790527344,58883400,0.0,0.0
2021-10-25 00:00:00-04:00,145.27697769272697,145.95118723150932,144.24124155296286,145.23789978027344,50720600,0.0,0.0
2021-10-26 00:00:00-04:00,145.91210950073977,147.38754297777294,145.5994265625498,145.90234375,60893400,0.0,0.0
2021-10-27 00:00:00-04:00,145.94139101285785,146.30291753836434,145.09130868119013,145.4430694580078,56094900,0.0,0.0
2021-10-28 00:00:00-04:00,146.39086968766787,149.6641846605071,146.2931525621037,149.0779266357422,100077900,0.0,0.0
2021-10-29 00:00:00-04:00,143.85040287273776,146.5081482073945,143.0589446865979,146.37135314941406,124953200,0.0,0.0
2021-11-01 00:00:00-04:00,145.57984926191588,146.27359008476768,144.41708417933333,145.550537109375,74588300,0.0,0.0
2021-11-02 00:00:00-04:00,145.25741606122364,148.10081443519022,145.2476354029817,146.58628845214844,69122000,0.0,0.0
2021-11-03 00:00:00-04:00,146.94783044977856,148.49166875101167,146.39088452432864,148.0226593017578,54511500,0.0,0.0
2021-11-04 00:00:00-04:00,148.1105804313896,148.94111635864294,147.19209312751175,147.50477600097656,60394600,0.0,0.0
2021-11-05 00:00:00-04:00,148.63012712450208,148.93347149692437,146.83940090236302,148.03321838378906,65463900,0.22,0.0
2021-11-08 00:00:00-05:00,148.16042562432813,148.3169952703634,146.93725326087116,147.21124267578125,55020900,0.0,0.0
2021-11-09 00:00:00-05:00,146.9763488953236,148.17994599827716,146.83935422451017,147.57325744628906,56787900,0.0,0.0
2021-11-10 00:00:00-05:00,146.8002509889988,146.9078907486886,144.67682566721112,144.7453155517578,65187100,0.0,0.0
2021-11-11 00:00:00-05:00,145.76298280044355,146.22288178403127,144.5104408038777,144.6963653564453,41000000,0.0,0.0
2021-11-12 00:00:00-05:00,145.24435777936998,147.1720784304826,144.31474986015922,146.77088928222656,63804000,0.0,0.0
2021-11-15 00:00:00-05:00,147.1427090779816,148.6203105600799,146.22288125155492,146.78065490722656,59222800,0.0,0.0
2021-11-16 00:00:00-05:00,146.72196856987298,148.23870523347338,146.1348398835429,147.75921630859375,59256200,0.0,0.0
2021-11-17 00:00:00-05:00,147.7592057993934,151.6733569463972,147.7494257967945,150.19577026367188,88807000,0.0,0.0
2021-11-18 00:00:00-05:00,150.41107449173293,155.26461435018126,149.76523586281957,154.48178100585938,137827700,0.0,0.0
2021-11-19 00:00:00-05:00,154.26649442831288,157.56417731455713,153.17053675502055,157.10426330566406,117305600,0.0,0.0
2021-11-22 00:00:00-05:00,158.210017461011,162.14374442137012,157.54461878472307,157.56419372558594,117467900,0.0,0.0
2021-11-23 00:00:00-05:00,157.66200120676388,158.3274146566765,155.64621578340464,157.94578552246094,96041900,0.0,0.0
2021-11-24 00:00:00-05:00,157.29995411244806,158.66012108108276,156.2137765381209,158.46441650390625,69463600,0.0,0.0
2021-11-26 00:00:00-05:00,156.14527755829806,157.00638063396804,153.00416477836077,153.4445037841797,76959800,0.0,0.0
2021-11-29 00:00:00-05:00,155.94959562817246,157.7305419477323,155.38204179879529,156.80093383789062,88748200,0.0,0.0
2021-11-30 00:00:00-05:00,156.55627065978888,161.9675835913138,156.48776584559891,161.75230407714844,174048100,0.0,0.0
2021-12-01 00:00:00-05:00,163.88553311945805,166.64501732963333,160.99884912795645,161.23370361328125,152052500,0.0,0.0
2021-12-02 00:00:00-05:00,155.33309702351337,160.6759050938818,154.4132690949476,160.24534606933594,136739200,0.0,0.0
2021-12-03 00:00:00-05:00,160.49978216462458,161.41961013164072,156.29206642790317,158.36656188964844,118023100,0.0,0.0
2021-12-06 00:00:00-05:00,160.7639885662799,164.27695105253582,160.75420856233345,161.7718963623047,107497000,0.0,0.0
2021-12-07 00:00:00-05:00,165.4511829707639,167.89752761795768,164.72705957992557,167.506103515625,120405400,0.0,0.0
2021-12-08 00:00:00-05:00,168.43570437579535,172.1835056764081,167.03638765651502,171.3223876953125,116998900,0.0,0.0
2021-12-09 00:00:00-05:00,171.15606234208923,172.95656843850207,170.18730447599066,170.81356811523438,108923700,0.0,0.0
2021-12-10 00:00:00-05:00,171.4496265464153,175.77476213435622,170.94078267392138,175.59861755371094,115402700,0.0,0.0
2021-12-13 00:00:00-05:00,177.2327699190323,178.22110269969062,171.76274694249355,171.96824645996094,153237000,0.0,0.0
2021-12-14 00:00:00-05:00,171.48875398461132,173.92531854630914,168.51400556372403,170.5885009765625,139380400,0.0,0.0
2021-12-15 00:00:00-05:00,171.3517373886768,175.64751729804553,168.6118288401074,175.45181274414062,131063300,0.0,0.0
2021-12-16 00:00:00-05:00,175.43225135839342,177.2523322197485,167.08532532021002,168.5629119873047,150185800,0.0,0.0
2021-12-17 00:00:00-05:00,166.28292736988075,169.74695967221308,166.0480878451819,167.4669647216797,195432700,0.0,0.0
2021-12-20 00:00:00-05:00,164.66835958996737,166.91899978685493,163.86596626176092,166.1068115234375,107499100,0.0,0.0
2021-12-21 00:00:00-05:00,167.87790517319985,169.48270621037332,165.49027108419332,169.2772216796875,91185900,0.0,0.0
2021-12-22 00:00:00-05:00,169.32617236411534,172.08565609490324,168.45527432954148,171.87037658691406,92135300,0.0,0.0
2021-12-23 00:00:00-05:00,172.07589419886108,173.05443209039555,171.50834043001467,172.4966583251953,68356600,0.0,0.0
2021-12-27 00:00:00-05:00,173.28927903509933,176.54781214494253,173.26971902697096,176.45974731445312,74919600,0.0,0.0
2021-12-28 00:00:00-05:00,176.29336988152778,177.43825729141835,174.69834852343934,175.44203186035156,79144300,0.0,0.0
2021-12-29 00:00:00-05:00,175.48122148088493,176.753323868227,174.31675887088656,175.5301513671875,62348900,0.0,0.0
2021-12-30 00:00:00-05:00,175.6181743920382,176.69457190920295,174.26778749437727,174.37542724609375,59773000,0.0,0.0
2021-12-31 00:00:00-05:00,174.26780109643352,175.38333364161016,173.45561289396153,173.75897216796875,64062300,0.0,0.0
2022-01-03 00:00:00-05:00,174.0133871781769,178.9550062933326,173.89596741451703,178.10366821289062,104487900,0.0,0.0
2022-01-04 00:00:00-05:00,178.71035458130368,179.01369889567948,175.2756775127618,175.84323120117188,99310400,0.0,0.0
2022-01-05 00:00:00-05:00,175.75519292106577,176.30317175638402,170.8918583606612,171.1658477783203,94537600,0.0,0.0
2022-01-06 00:00:00-05:00,168.99346035254746,171.53766438344002,167.95621276391145,168.30848693847656,96904000,0.0,0.0
2022-01-07 00:00:00-05:00,169.1793866130696,170.40255876885018,167.3593058480161,168.47483825683594,86709100,0.0,0.0
2022-01-10 00:00:00-05:00,165.45114734140734,168.79774430633347,164.5606744980765,168.49440002441406,106765600,0.0,0.0
2022-01-11 00:00:00-05:00,168.62162893365016,171.4202325096092,167.15382233749222,171.3223876953125,76138300,0.0,0.0
2022-01-12 00:00:00-05:00,172.34004419476074,173.37729170304524,171.0679572091586,171.76271057128906,74805200,0.0,0.0
2022-01-13 00:00:00-05:00,172.0073465977702,172.82931463870656,168.10297600637327,168.49440002441406,84505800,0.0,0.0
2022-01-14 00:00:00-05:00,167.66267899736397,170.05031384521072,167.41804452412237,169.35556030273438,80440800,0.0,0.0
2022-01-18 00:00:00-05:00,167.82900716362772,168.83689986985863,165.77408681023036,166.1557159423828,90956700,0.0,0.0
2022-01-19 00:00:00-05:00,166.3514456378891,167.40826837840387,162.37858408989868,162.662353515625,94815000,0.0,0.0
2022-01-20 00:00:00-05:00,163.3962221186515,166.0382709410417,160.6563135530504,160.97923278808594,91420500,0.0,0.0
2022-01-21 00:00:00-05:00,160.89118731707072,162.76019814543096,158.81669190708894,158.92433166503906,122848900,0.0,0.0
2022-01-24 00:00:00-05:00,156.58562410189697,158.81668910799385,151.37979580013618,158.15127563476562,162294600,0.0,0.0
2022-01-25 00:00:00-05:00,155.56795099632697,159.26682305990172,153.65002507588994,156.3507843017578,115798400,0.0,0.0
2022-01-26 00:00:00-05:00,159.99096861060076,160.86186686388942,154.43287974271476,156.2627410888672,108275300,0.0,0.0
2022-01-27 00:00:00-05:00,158.96349957568594,160.3236668366123,154.88299779290693,155.80282592773438,121954600,0.0,0.0
2022-01-28 00:00:00-05:00,162.15350702087153,166.69392186078738,159.30595841103175,166.67434692382812,179935700,0.0,0.0
2022-01-31 00:00:00-05:00,166.5079694467073,171.2440880703996,165.87191101795182,171.02880859375,115541600,0.0,0.0
2022-02-01 00:00:00-05:00,170.27534392743365,171.0875320298687,168.61183278338754,170.8624725341797,86213900,0.0,0.0
2022-02-02 00:00:00-05:00,170.99946801633135,172.10522042730014,169.60994623393472,172.06607055664062,84914300,0.0,0.0
2022-02-03 00:00:00-05:00,170.7352853699913,172.4575215973305,168.42593537257994,169.18919372558594,89418100,0.0,0.0
2022-02-04 00:00:00-05:00,168.20939100229583,170.5804825811808,167.22960653014735,168.90504455566406,82465400,0.22,0.0
2022-02-07 00:00:00-05:00,169.36554243968104,170.4335039135459,167.4941505320522,168.18980407714844,77251200,0.0,0.0
2022-02-08 00:00:00-05:00,168.2583925780297,171.80522273077705,167.96445422996524,171.2957305908203,74829200,0.0,0.0
2022-02-09 00:00:00-05:00,172.49108438879807,173.07894618735656,171.36432311182244,172.7164306640625,71285000,0.0,0.0
2022-02-10 00:00:00-05:00,170.61965636290995,171.9325638827204,168.08201833200982,168.64048767089844,90865900,0.0,0.0
2022-02-11 00:00:00-05:00,168.846288443205,169.5811269216294,164.64300397443432,165.2308807373047,98670700,0.0,0.0
2022-02-14 00:00:00-05:00,163.98651932384257,166.1518495458794,163.19289630795137,165.46600341796875,86185500,0.0,0.0
2022-02-15 00:00:00-05:00,167.51375134007887,169.45372039657573,166.80830532856646,169.2969512939453,62527400,0.0,0.0
2022-02-16 00:00:00-05:00,168.3759520184021,169.83582117930217,166.61233714082573,169.06179809570312,61177400,0.0,0.0
2022-02-17 00:00:00-05:00,167.57253401447812,168.43474911832254,165.06428820364812,165.46600341796875,69589300,0.0,0.0
2022-02-18 00:00:00-05:00,166.38698369504047,167.09241466512012,162.83036175887298,163.9179229736328,82772700,0.0,0.0
2022-02-22 00:00:00-05:00,161.6448612037598,163.3202994694817,158.87206895600934,160.9982147216797,91162800,0.0,0.0
2022-02-23 00:00:00-05:00,162.19351371308113,162.79118283457873,156.5205682404435,156.8341064453125,90009200,0.0,0.0
2022-02-24 00:00:00-05:00,149.49553451506446,159.5579264390306,148.9272576589058,159.4501495361328,141147500,0.0,0.0
2022-02-25 00:00:00-05:00,160.52789462372328,161.78201763247694,157.61793335879435,161.51748657226562,91974200,0.0,0.0
2022-02-28 00:00:00-05:00,159.76365924798694,162.07595128148682,159.14639022474867,161.78201293945312,95056600,0.0,0.0
2022-03-01 00:00:00-05:00,161.37046373535,163.23206278919963,158.6956569065014,159.90078735351562,83474400,0.0,0.0
2022-03-02 00:00:00-05:00,161.06678613054137,163.97674752234462,159.65589394659725,163.1929168701172,79724800,0.0,0.0
2022-03-03 00:00:00-05:00,165.06430592514928,165.49541352335572,162.203336805619,162.8695831298828,76678400,0.0,0.0
2022-03-04 00:00:00-05:00,161.16473673176029,162.20330577402447,158.82305268070243,159.8714141845703,83737200,0.0,0.0
2022-03-07 00:00:00-05:00,160.05758861933697,161.68403439715155,155.82491261205914,156.0796661376953,96418800,0.0,0.0
2022-03-08 00:00:00-05:00,155.60941665986704,159.58734023748997,152.65046261455836,154.25730895996094,131148300,0.0,0.0
2022-03-09 00:00:00-05:00,158.21559935544633,160.10659124427465,156.1874531828048,159.6558837890625,91454900,0.0,0.0
2022-03-10 00:00:00-05:00,156.9614757494235,157.14763719865718,152.82678391494153,155.31544494628906,105342000,0.0,0.0
2022-03-11 00:00:00-05:00,155.71707997980795,156.06001039525037,151.37664358897615,151.60198974609375,96970100,0.0,0.0
2022-03-14 00:00:00-04:00,148.38835719355112,151.0043799732345,147.06565710961667,147.57513427734375,108732100,0.0,0.0
2022-03-15 00:00:00-04:00,147.84950323761805,152.42511088063213,147.3400259647883,151.95480346679688,92964300,0.0,0.0
2022-03-16 00:00:00-04:00,153.8751690879972,156.76553056777536,151.3375306500096,156.3638153076172,102300200,0.0,0.0
2022-03-17 00:00:00-04:00,155.40363939181822,157.74532403885397,154.4434546489776,157.3730010986328,75615400,0.0,0.0
2022-03-18 00:00:00-04:00,157.2652308625226,161.15497717032517,156.53039236533564,160.6650848388672,123511700,0.0,0.0
2022-03-21 00:00:00-04:00,160.2045664067095,162.9871658912754,159.71467413165345,162.03677368164062,95811400,0.0,0.0
2022-03-22 00:00:00-04:00,162.16411234772428,165.9950729796282,161.57625067180703,165.40721130371094,81532000,0.0,0.0
2022-03-23 00:00:00-04:00,164.5940116285297,169.15000379737148,164.2608735199057,166.76913452148438,98062700,0.0,0.0
2022-03-24 00:00:00-04:00,167.60195565228418,170.61969409297694,166.769147690774,170.55111694335938,90131400,0.0,0.0
2022-03-25 00:00:00-04:00,170.3649271443604,171.73661941189775,169.2577659174967,171.1879425048828,80546200,0.0,0.0
2022-03-28 00:00:00-04:00,168.6894722365633,172.17750218202073,168.52291068864233,172.05014038085938,90371900,0.0,0.0
2022-03-29 00:00:00-04:00,173.11815452599345,175.391247170357,172.77522391375607,175.34226989746094,100589400,0.0,0.0
2022-03-30 00:00:00-04:00,174.94053078604693,175.979099995584,173.12792342578476,174.17630004882812,92633200,0.0,0.0
2022-03-31 00:00:00-04:00,174.2448849220912,174.43104638306448,170.87442359799343,171.08018493652344,103049300,0.0,0.0
2022-04-01 00:00:00-04:00,170.5119011506989,171.34472398421482,168.46415506398156,170.78623962402344,78751300,0.0,0.0
2022-04-04 00:00:00-04:00,171.04100211349504,174.88175589117134,170.91362533338986,174.832763671875,76468400,0.0,0.0
2022-04-05 00:00:00-04:00,173.9117489626708,174.6955795536943,170.8940109049415,171.5210723876953,73401800,0.0,0.0
2022-04-06 00:00:00-04:00,168.87566890286308,170.11999949152553,166.69075350018778,168.35638427734375,89058800,0.0,0.0
2022-04-07 00:00:00-04:00,167.69992580849703,169.85544881098227,166.41641045043957,168.6601104736328,77594700,0.0,0.0
2022-04-08 00:00:00-04:00,168.30740398265033,168.30740398265033,165.7795578216243,166.6515655517578,76575500,0.0,0.0
2022-04-11 00:00:00-04:00,165.29944535757966,165.61296861541499,162.1543306146452,162.39927673339844,72246700,0.0,0.0
2022-04-12 00:00:00-04:00,164.6233833916544,166.435975608999,163.27127610008927,164.27066040039062,79265200,0.0,0.0
2022-04-13 00:00:00-04:00,164.00614545081112,167.58235330112555,163.39868377604554,166.95529174804688,70618900,0.0,0.0
2022-04-14 00:00:00-04:00,167.17083120352376,167.80770011623432,161.70363174912274,161.94857788085938,75329400,0.0,0.0
2022-04-18 00:00:00-04:00,160.60627109784113,163.23210129361956,160.2633554980497,161.7330322265625,69023900,0.0,0.0
2022-04-19 00:00:00-04:00,161.68406811950865,164.42746814637917,160.59650655333354,164.0159454345703,67723800,0.0,0.0
2022-04-20 00:00:00-04:00,165.3484035950485,165.4659878847408,162.74218855364813,163.84933471679688,67929800,0.0,0.0
2022-04-21 00:00:00-04:00,165.4953937411617,168.062424195949,162.55604041418727,163.05572509765625,87227800,0.0,0.0
2022-04-22 00:00:00-04:00,163.09492410815207,164.47640880332085,158.23518671810965,158.51931762695312,84882400,0.0,0.0
2022-04-25 00:00:00-04:00,157.8628955248933,159.87145701566283,155.25667975939896,159.5873260498047,96046400,0.0,0.0
2022-04-26 00:00:00-04:00,158.9700412464134,159.0582182667308,153.55183394880203,153.63021850585938,95623200,0.0,0.0
2022-04-27 00:00:00-04:00,152.75821530720194,156.55976925790796,152.23893068313222,153.40487670898438,88063200,0.0,0.0
2022-04-28 00:00:00-04:00,156.03070106321982,161.194170207573,155.7171628080034,160.3319549560547,130216800,0.0,0.0
2022-04-29 00:00:00-04:00,158.568327600733,162.84018882642286,154.07112011517893,154.46302795410156,131747600,0.0,0.0
2022-05-02 00:00:00-04:00,153.54203875876948,155.03130046543404,150.17157761678854,154.7667694091797,123055300,0.0,0.0
2022-05-03 00:00:00-04:00,154.95291204808,157.46117291588328,153.15991957685017,156.2560272216797,88966500,0.0,0.0
2022-05-04 00:00:00-04:00,156.4421664548319,163.11449553252916,156.04045128046997,162.66380310058594,108256500,0.0,0.0
2022-05-05 00:00:00-04:00,160.53770657596968,160.76305283929582,151.8176149978829,153.600830078125,130525300,0.0,0.0
2022-05-06 00:00:00-04:00,153.08079107355962,156.44639806349898,151.28514888506098,154.3269500732422,116124600,0.23,0.0
2022-05-09 00:00:00-04:00,152.02103374851995,152.90414437032265,148.6456356183626,149.20492553710938,131577900,0.0,0.0
2022-05-10 00:00:00-04:00,152.59999379126018,153.79708852885074,150.05861170075954,151.60894775390625,115366700,0.0,0.0
2022-05-11 00:00:00-04:00,150.61789721596364,152.53128118939546,143.07228159830737,143.74932861328125,142689800,0.0,0.0
2022-05-12 00:00:00-04:00,140.08937970466798,143.45497143936288,136.19391853080884,139.88331604003906,182602000,0.0,0.0
2022-05-13 00:00:00-04:00,141.87518108716213,145.3192870677171,140.42297369266063,144.34786987304688,113990900,0.0,0.0
2022-05-16 00:00:00-04:00,142.817149092285,144.75016147394118,141.472862097978,142.8073272705078,86643800,0.0,0.0
2022-05-17 00:00:00-04:00,146.0650115425021,146.95792901438662,143.9259353445969,146.43788146972656,78336300,0.0,0.0
2022-05-18 00:00:00-04:00,144.09277542323014,144.59319436014727,137.27325546059197,138.17599487304688,109742900,0.0,0.0
2022-05-19 00:00:00-04:00,137.25361360845713,139.0001910759216,134.03520018713232,134.7711181640625,136095600,0.0,0.0
2022-05-20 00:00:00-04:00,136.47847391127468,138.05824551298795,130.12014512321653,135.0066375732422,137426100,0.0,0.0
2022-05-23 00:00:00-04:00,135.20285452842407,140.57015125059797,135.0654837610607,140.4229736328125,117726300,0.0,0.0
2022-05-24 00:00:00-04:00,138.1661418989175,139.30436527340177,134.75148674775386,137.72459411621094,104132700,0.0,0.0
2022-05-25 00:00:00-04:00,135.8308524536192,139.12776621000188,135.742545873108,137.88162231445312,92482700,0.0,0.0
2022-05-26 00:00:00-04:00,134.8103917996885,141.62989697300142,134.56508575048807,141.08041381835938,90601500,0.0,0.0
2022-05-27 00:00:00-04:00,142.6601806038178,146.8696256795322,142.5326166713653,146.83038330078125,90978500,0.0,0.0
2022-05-31 00:00:00-04:00,146.27108722583742,147.8312299883083,144.08294665114528,146.04539489746094,103718400,0.0,0.0
2022-06-01 00:00:00-04:00,147.08549081541827,148.8909545900905,144.90717205322113,145.9178466796875,74286600,0.0,0.0
2022-06-02 00:00:00-04:00,145.05435330119587,148.429766433254,144.1025647736461,148.3708953857422,72348100,0.0,0.0
2022-06-03 00:00:00-04:00,144.14179449565412,145.19171132509297,141.74762059734428,142.6503448486328,88570300,0.0,0.0
2022-06-06 00:00:00-04:00,144.26939183778111,145.7804854788439,142.17937951644433,143.39610290527344,71598400,0.0,0.0
2022-06-07 00:00:00-04:00,141.63970888221743,146.20239508903217,141.39440285018887,145.9178466796875,67808200,0.0,0.0
2022-06-08 00:00:00-04:00,145.79025407304024,147.0560263615052,144.69128805686674,145.18190002441406,53950200,0.0,0.0
2022-06-09 00:00:00-04:00,144.31844471982856,145.17210490927135,139.85387199936835,139.96180725097656,69473000,0.0,0.0
2022-06-10 00:00:00-04:00,137.64613290864105,138.1171163437947,134.4865897104107,134.55528259277344,91437900,0.0,0.0
2022-06-13 00:00:00-04:00,130.37524138815306,132.6614953380435,128.97209811172078,129.40383911132812,122207100,0.0,0.0
2022-06-14 00:00:00-04:00,130.63036655754385,131.3760914682962,129.01133784221852,130.26730346679688,84784300,0.0,0.0
2022-06-15 00:00:00-04:00,131.76858160626196,134.7613181921413,129.67858439406757,132.88717651367188,91533000,0.0,0.0
2022-06-16 00:00:00-04:00,129.60005747260172,129.90423449299203,126.61712836390117,127.61798095703125,108123900,0.0,0.0
2022-06-17 00:00:00-04:00,127.62779921111623,130.5812777450833,127.3726714161481,129.08981323242188,134520300,0.0,0.0
2022-06-21 00:00:00-04:00,130.91491273074396,134.48656772231706,130.8167993077871,133.31890869140625,81000500,0.0,0.0
2022-06-22 00:00:00-04:00,132.25918724085466,135.17342395812105,131.39572023105475,132.80868530273438,73409200,0.0,0.0
2022-06-23 00:00:00-04:00,134.25111690905595,135.98787315289331,133.08345758782295,135.67388916015625,72433800,0.0,0.0
2022-06-24 00:00:00-04:00,137.27324957478913,139.24551965514786,137.1457006192552,139.00021362304688,89116800,0.0,0.0
2022-06-27 00:00:00-04:00,140.02068012877845,140.79585557470105,138.32316657888146,139.00021362304688,70207900,0.0,0.0
2022-06-28 00:00:00-04:00,139.46137923230657,140.72715167094702,134.74169394010806,134.85943603515625,67083400,0.0,0.0
2022-06-29 00:00:00-04:00,134.8790886274478,138.0288100068747,134.1039131048046,136.6158447265625,66242400,0.0,0.0
2022-06-30 00:00:00-04:00,134.67300165333307,135.77196780465343,131.2583461315228,134.1529541015625,98964500,0.0,0.0
2022-07-01 00:00:00-04:00,133.48571986150768,136.4293921589786,133.11286488498627,136.3214569091797,71051600,0.0,0.0
2022-07-05 00:00:00-04:00,135.18326636531972,138.9511638153359,134.3590266331402,138.902099609375,73353800,0.0,0.0
2022-07-06 00:00:00-04:00,138.6960126584971,141.41399224615117,138.43107799720204,140.2365264892578,74064300,0.0,0.0
2022-07-07 00:00:00-04:00,140.59961411426397,143.79841470419998,140.58980726193488,143.6021728515625,66253700,0.0,0.0
2022-07-08 00:00:00-04:00,142.5326123028861,144.7796239540416,142.2774994180926,144.27919006347656,64547800,0.0,0.0
2022-07-11 00:00:00-04:00,142.93491514840724,143.88670373849325,141.08040216848238,142.14993286132812,63141600,0.0,0.0
2022-07-12 00:00:00-04:00,143.0232094985196,145.66270453987497,142.32654882035914,143.121337890625,77588800,0.0,0.0
2022-07-13 00:00:00-04:00,140.3052405126538,143.7002675399076,139.45156535802397,142.75830078125,71185600,0.0,0.0
2022-07-14 00:00:00-04:00,141.37475454509644,146.15331059436355,140.56033683517074,145.6823272705078,78140700,0.0,0.0
2022-07-15 00:00:00-04:00,146.96774129904725,148.02746510063992,145.4174054581408,147.3504180908203,76259900,0.0,0.0
2022-07-18 00:00:00-04:00,147.90974591488566,148.72416382298212,143.94559163866427,144.30865478515625,81420900,0.0,0.0
2022-07-19 00:00:00-04:00,145.14266864096726,148.3905180514349,144.15163767930207,148.1648406982422,82982400,0.0,0.0
2022-07-20 00:00:00-04:00,148.28255575422767,150.83374396533713,147.54663780551792,150.16650390625,64823400,0.0,0.0
2022-07-21 00:00:00-04:00,151.5990896981029,152.64900643805024,149.08715895692373,152.43313598632812,65086600,0.0,0.0
2022-07-22 00:00:00-04:00,152.47243287549966,153.34572184345396,150.5296130875675,151.19683837890625,66675400,0.0,0.0
2022-07-25 00:00:00-04:00,151.11829629325123,152.1289557716175,149.4207830391442,150.0782012939453,53623900,0.0,0.0
2022-07-26 00:00:00-04:00,149.40118236976926,150.21560020375307,147.96860350790257,148.7535858154297,55138700,0.0,0.0
2022-07-27 00:00:00-04:00,149.7151850174758,154.37599980512033,149.30307266450654,153.84613037109375,78620700,0.0,0.0
2022-07-28 00:00:00-04:00,154.03253631118739,154.68014773185416,151.5107984661639,154.39559936523438,81378700,0.0,0.0
2022-07-29 00:00:00-04:00,158.21258113398608,160.55770616166393,156.50524578988953,159.45872497558594,101786900,0.0,0.0
2022-08-01 00:00:00-04:00,157.98688125382472,160.51844113720935,157.8691391572039,158.4774932861328,67829400,0.0,0.0
2022-08-02 00:00:00-04:00,157.0939825576486,159.36060780651525,156.63280603827062,157.0056610107422,59907000,0.0,0.0
2022-08-03 00:00:00-04:00,157.82010334400223,163.46214273028536,157.7317967556544,163.0107879638672,82507500,0.0,0.0
2022-08-04 00:00:00-04:00,162.8930191834261,164.05087149041262,161.3426831970874,162.69677734375,55474100,0.0,0.0
2022-08-05 00:00:00-04:00,160.36807379339814,162.9621035680302,160.16172387120494,162.47080993652344,56697000,0.23,0.0
2022-08-08 00:00:00-04:00,163.47301089783898,164.88793871959618,161.3407986917232,161.99913024902344,60276900,0.0,0.0
2022-08-09 00:00:00-04:00,161.16394115258205,162.9326009401167,160.40734488370262,162.0482635498047,63135500,0.0,0.0
2022-08-10 00:00:00-04:00,164.7601512300086,166.3912489539949,163.99373470776638,166.29299926757812,70170500,0.0,0.0
2022-08-11 00:00:00-04:00,167.09871432150194,168.01252787205166,165.26128174267427,165.55606079101562,57149200,0.0,0.0
2022-08-12 00:00:00-04:00,166.86294364369544,169.1720142653812,166.45024387983412,169.10324096679688,68039400,0.0,0.0
2022-08-15 00:00:00-04:00,168.53330655626456,170.37073923171536,168.3662685851405,170.17422485351562,54091700,0.0,0.0
2022-08-16 00:00:00-04:00,169.77141253005902,170.6852264080059,168.6709196812625,170.01705932617188,56377100,0.0,0.0
2022-08-17 00:00:00-04:00,169.76157057327157,173.08270464114312,169.5650561598673,171.5105743408203,79542000,0.0,0.0
2022-08-18 00:00:00-04:00,170.7245248308653,171.85449410589086,170.10549010131544,171.1175537109375,62290100,0.0,0.0
2022-08-19 00:00:00-04:00,170.01704154998163,170.71468497495962,168.32699056998192,168.53334045410156,70346300,0.0,0.0
2022-08-22 00:00:00-04:00,166.73519456201245,166.90223255698254,164.22959465128477,164.65211486816406,69026800,0.0,0.0
2022-08-23 00:00:00-04:00,164.17064162540487,165.7722632709113,163.74812140904885,164.31802368164062,54147100,0.0,0.0
2022-08-24 00:00:00-04:00,164.40645810232692,165.18269520734955,163.35508285359487,164.61279296875,53841500,0.0,0.0
2022-08-25 00:00:00-04:00,165.84104108991514,167.17736007756102,165.41853585512217,167.06927490234375,51218200,0.0,0.0
2022-08-26 00:00:00-04:00,167.59988131493301,168.0715189036816,160.71193645776907,160.77088928222656,78961000,0.0,0.0
2022-08-29 00:00:00-04:00,158.3439099366534,160.0634374134409,157.03708224821386,158.56991577148438,73314000,0.0,0.0
2022-08-30 00:00:00-04:00,159.30687649740773,159.72938182049697,154.97366310325177,156.1429443359375,77906200,0.0,0.0
2022-08-31 00:00:00-04:00,157.51852057324083,157.78382326299328,154.403721562595,154.48233032226562,87991100,0.0,0.0
2022-09-01 00:00:00-04:00,153.91243529158203,155.66143904544523,151.97673759886456,155.20945739746094,74229900,0.0,0.0
2022-09-02 00:00:00-04:00,156.9682732301626,157.56765189981036,152.2715085702032,153.0968780517578,76957800,0.0,0.0
2022-09-06 00:00:00-04:00,153.7453935980758,154.35459275815265,151.0138028574181,151.83917236328125,73714800,0.0,0.0
2022-09-07 00:00:00-04:00,152.1241293530868,153.9419063408882,150.93519246411637,153.24427795410156,87449600,0.0,0.0
2022-09-08 00:00:00-04:00,151.94725947173376,153.6373103822705,150.02138227376568,151.77040100097656,84923800,0.0,0.0
2022-09-09 00:00:00-04:00,152.76282069447305,155.07190642293236,152.05535676886382,154.62973022460938,68028800,0.0,0.0
2022-09-12 00:00:00-04:00,156.81105233922636,161.39973173078485,156.5261087123494,160.5841827392578,104956000,0.0,0.0
2022-09-13 00:00:00-04:00,157.11562161569998,157.74447656114404,150.69933108085993,151.16114807128906,122656600,0.0,0.0
2022-09-14 00:00:00-04:00,152.09465656902455,154.36444545311878,150.93521094229624,152.60560607910156,87965400,0.0,0.0
2022-09-15 00:00:00-04:00,151.95709434204855,152.53683214610933,148.7440452074938,149.716796875,90481100,0.0,0.0
2022-09-16 00:00:00-04:00,148.57699569456918,148.71455728301882,145.78643705402317,148.07586669921875,162278800,0.0,0.0
2022-09-19 00:00:00-04:00,146.71006595451675,151.8686478234834,146.50373107588743,151.7900390625,81474200,0.0,0.0
2022-09-20 00:00:00-04:00,150.7288529156578,155.3273682721185,150.41443284470995,154.16790771484375,107689800,0.0,0.0
2022-09-21 00:00:00-04:00,154.600234046477,155.9758648340084,150.92536828428254,151.04327392578125,101696800,0.0,0.0
2022-09-22 00:00:00-04:00,149.72665128790337,151.78025506037338,148.28224681807626,150.08038330078125,86652500,0.0,0.0
2022-09-23 00:00:00-04:00,148.55735322020942,148.83247642204518,145.97314422465584,147.81057739257812,96029900,0.0,0.0
2022-09-26 00:00:00-04:00,147.05396595162924,151.09239889982268,147.0343100146429,148.14463806152344,93339400,0.0,0.0
2022-09-27 00:00:00-04:00,150.08037791467922,152.0258964191408,147.33895116498724,149.117431640625,84442700,0.0,0.0
2022-09-28 00:00:00-04:00,145.06914652315353,148.01690757279204,142.31789987820665,147.2308349609375,146691400,0.0,0.0
2022-09-29 00:00:00-04:00,143.55599938266687,144.16519866358385,138.23036343618654,139.9990234375,128138200,0.0,0.0
2022-09-30 00:00:00-04:00,138.8199033723931,140.60821907927374,135.59701890511008,135.7935333251953,124925300,0.0,0.0
2022-10-03 00:00:00-04:00,135.80335372086685,140.57872706512543,135.2924042908768,139.96951293945312,114311700,0.0,0.0
2022-10-04 00:00:00-04:00,142.50460908002574,143.67389015390162,141.74801279814906,143.5559844970703,87830100,0.0,0.0
2022-10-05 00:00:00-04:00,141.5613389023429,144.81369999304195,140.51978392175167,143.8507537841797,79471000,0.0,0.0
2022-10-06 00:00:00-04:00,143.2710319630231,144.9709035584296,142.69130913468942,142.89764404296875,68402200,0.0,0.0
2022-10-07 00:00:00-04:00,140.05793931227225,140.60820060654387,137.02174919053795,137.65060424804688,85925600,0.0,0.0
2022-10-10 00:00:00-04:00,137.974853515625,139.4192574875598,136.15707670936632,137.974853515625,74899000,0.0,0.0
2022-10-11 00:00:00-04:00,137.4638994009055,138.88866238055874,135.81316062854552,136.55992126464844,77033700,0.0,0.0
2022-10-12 00:00:00-04:00,136.70735883391194,137.91593686444165,135.7542480720767,135.9311065673828,70433700,0.0,0.0
2022-10-13 00:00:00-04:00,132.63945479417762,141.0896959265644,132.03024051986287,140.50015258789062,113224000,0.0,0.0
2022-10-14 00:00:00-04:00,141.79713183786654,142.00348171103434,135.78370401470698,135.97039794921875,88598000,0.0,0.0
2022-10-17 00:00:00-04:00,138.61357366022068,140.41169491464842,137.82750095740744,139.93023681640625,85250900,0.0,0.0
2022-10-18 00:00:00-04:00,142.95659405664904,144.1455159806622,138.1615644966325,141.24688720703125,99136600,0.0,0.0
2022-10-19 00:00:00-04:00,139.22276826600364,142.42599680685538,139.03607431855443,141.35498046875,61758300,0.0,0.0
2022-10-20 00:00:00-04:00,140.52962076392365,143.3496411342512,140.16605331698352,140.89317321777344,64522000,0.0,0.0
2022-10-21 00:00:00-04:00,140.38220497154572,145.27549920361895,140.1660346242772,144.70559692382812,86548600,0.0,0.0
2022-10-24 00:00:00-04:00,144.62698448602487,147.6140424012265,143.45770354454174,146.84762573242188,75981900,0.0,0.0
2022-10-25 00:00:00-04:00,147.47646582788911,149.83468340940922,146.75918158114587,149.68728637695312,74732300,0.0,0.0
2022-10-26 00:00:00-04:00,148.33135548203074,149.3434189974195,145.46218795090752,146.7493896484375,88194300,0.0,0.0
2022-10-27 00:00:00-04:00,145.49172094518025,146.4546523821078,141.62032425865732,142.27865600585938,109180200,0.0,0.0
2022-10-28 00:00:00-04:00,145.61942126085685,154.7574852960008,145.24604831703184,153.02813720703125,164762400,0.0,0.0
2022-10-31 00:00:00-04:00,150.49303288896766,151.55422867895751,149.27461957607085,150.66989135742188,97943200,0.0,0.0
2022-11-01 00:00:00-04:00,152.3796018355527,152.74315424703352,146.5332118743015,148.0267333984375,80379300,0.0,0.0
2022-11-02 00:00:00-04:00,146.35630083403993,149.52023152889558,142.47508597338197,142.5045623779297,93604600,0.0,0.0
2022-11-03 00:00:00-04:00,139.58632020230726,140.31344004952294,136.33395931941936,136.46170043945312,97918500,0.0,0.0
2022-11-04 00:00:00-04:00,139.84739003185524,140.41823769444377,132.25908536615194,136.19595336914062,140814800,0.23,0.0
2022-11-07 00:00:00-05:00,134.94598671425354,136.95378268582516,133.52871190234,136.7274169921875,83374600,0.0,0.0
2022-11-08 00:00:00-05:00,138.19387385559912,139.1977641014015,135.31996282295734,137.29823303222656,89908500,0.0,0.0
2022-11-09 00:00:00-05:00,136.31406095143706,136.36327480735815,132.46576869499577,132.74134826660156,74917800,0.0,0.0
2022-11-10 00:00:00-05:00,139.0108096143879,144.55194091796875,137.298266687944,144.55194091796875,118854000,0.0,0.0
2022-11-11 00:00:00-05:00,143.51854343102002,147.64240042758996,142.09141663457416,147.33729553222656,93979700,0.0,0.0
2022-11-14 00:00:00-05:00,146.61882473623606,147.90814675324938,145.10312196997452,145.93971252441406,73374100,0.0,0.0
2022-11-15 00:00:00-05:00,149.8175372526668,151.1659099557232,146.21529884381314,147.67193603515625,89868300,0.0,0.0
2022-11-16 00:00:00-05:00,146.77629560614008,147.50460662223392,144.96532479416157,146.441650390625,64218300,0.0,0.0
2022-11-17 00:00:00-05:00,144.1189020339811,149.08920136807347,143.84332244877638,148.34120178222656,80389400,0.0,0.0
2022-11-18 00:00:00-05:00,149.90606603666672,150.2899100074895,147.60300221173006,148.90216064453125,74829600,0.0,0.0
2022-11-21 00:00:00-05:00,147.79007216010163,147.99674938134646,145.38857956492498,145.6739959716797,58724100,0.0,0.0
2022-11-22 00:00:00-05:00,145.7920747269315,148.04592513732047,144.6110022662971,147.80970764160156,51804100,0.0,0.0
2022-11-23 00:00:00-05:00,147.09122719796105,149.43366845656658,146.98296272757275,148.6856689453125,58301400,0.0,0.0
2022-11-25 00:00:00-05:00,145.96920976620405,146.53022062215993,144.79798922240155,145.77236938476562,35195900,0.0,0.0
2022-11-28 00:00:00-05:00,142.8492952329401,144.32562115102257,141.11707822885703,141.94381713867188,69246000,0.0,0.0
2022-11-29 00:00:00-05:00,142.01267756953146,142.52447466230237,138.13487484288268,138.94192504882812,83763800,0.0,0.0
2022-11-30 00:00:00-05:00,139.16827084330671,146.3727461321645,138.33169544585772,145.69363403320312,111380900,0.0,0.0
2022-12-01 00:00:00-05:00,145.87081033178356,146.7762881829984,144.29605710134743,145.96922302246094,71250400,0.0,0.0
2022-12-02 00:00:00-05:00,143.6563344518848,145.66413072697534,143.35121453595042,145.4771270751953,65447400,0.0,0.0
2022-12-05 00:00:00-05:00,145.43777233013495,148.5380503426706,143.46933803189978,144.31576538085938,68826400,0.0,0.0
2022-12-06 00:00:00-05:00,144.74881132681773,144.97517704731527,139.68008441838234,140.6544647216797,64727200,0.0,0.0
2022-12-07 00:00:00-05:00,139.9458322919547,141.10720126498546,137.79039443330282,138.71556091308594,69721100,0.0,0.0
2022-12-08 00:00:00-05:00,140.11311277127444,141.25480793302907,138.8730049343077,140.39852905273438,62128300,0.0,0.0
2022-12-09 00:00:00-05:00,140.09347268821548,143.272505058159,138.676197516891,139.91632080078125,76097000,0.0,0.0
2022-12-12 00:00:00-05:00,140.44777667846864,142.21937045590607,138.8336612407948,142.20953369140625,70462700,0.0,0.0
2022-12-13 00:00:00-05:00,147.14046624112265,147.60304951034107,141.96348935709867,143.174072265625,93886200,0.0,0.0
2022-12-14 00:00:00-05:00,143.05596154285573,144.34528354143862,138.93208948952125,140.94973754882812,82291200,0.0,0.0
2022-12-15 00:00:00-05:00,138.88285224146853,139.5619643292127,133.88302841156911,134.34561157226562,98931900,0.0,0.0
2022-12-16 00:00:00-05:00,134.53265581803083,135.47749595050237,131.61936620399007,132.38705444335938,160156900,0.0,0.0
2022-12-19 00:00:00-05:00,132.97752092348478,133.0660968234983,129.24734618268192,130.28076171875,79592600,0.0,0.0
2022-12-20 00:00:00-05:00,129.31627297471567,131.14691722297425,127.83994745250583,130.2119140625,77432800,0.0,0.0
2022-12-21 00:00:00-05:00,130.88117753836192,134.6507305969255,130.65481182459862,133.31219482421875,85928000,0.0,0.0
2022-12-22 00:00:00-05:00,132.22957105725172,132.43624823454394,128.24348886904642,130.1430206298828,77852100,0.0,0.0
2022-12-23 00:00:00-05:00,128.8536879861786,130.33001348787815,127.59389142616514,129.7788543701172,63814900,0.0,0.0
2022-12-27 00:00:00-05:00,129.30640557151355,129.33593087352486,126.68838532816507,127.97770690917969,69007800,0.0,0.0
2022-12-28 00:00:00-05:00,127.62340977201893,128.96194542125178,123.88338987714543,124.05070495605469,85438400,0.0,0.0
2022-12-29 00:00:00-05:00,125.96990478190652,128.42060248517595,125.7140138231083,127.56433868408203,75703700,0.0,0.0
2022-12-30 00:00:00-05:00,126.38331908581098,127.8990067839709,125.41878304163788,127.87931823730469,77034200,0.0,0.0
2023-01-03 00:00:00-05:00,128.22379338136977,128.8340031338152,122.21022673136561,123.09602355957031,112117500,0.0,0.0
2023-01-04 00:00:00-05:00,124.8873030948284,126.62937150933897,123.10587260552037,124.36566925048828,89113600,0.0,0.0
2023-01-05 00:00:00-05:00,125.12351256937882,125.75341088924934,122.79092293482029,123.04681396484375,80962700,0.0,0.0
2023-01-06 00:00:00-05:00,124.02117217456781,128.2336117453076,122.91884655664052,127.57418823242188,87754700,0.0,0.0
2023-01-09 00:00:00-05:00,128.4107665197256,131.30436630158056,127.83991897613902,128.09580993652344,70790800,0.0,0.0
2023-01-10 00:00:00-05:00,128.20411901412172,129.18833615231142,126.09789493911427,128.6667022705078,63896200,0.0,0.0
2023-01-11 00:00:00-05:00,129.1784814447806,131.4028064616691,128.40095662151043,131.3831329345703,69458900,0.0,0.0
2023-01-12 00:00:00-05:00,131.76699610111268,132.14098840377943,129.36550386584642,131.30441284179688,71379600,0.0,0.0
2023-01-13 00:00:00-05:00,129.94617875784812,132.79056549396478,129.58202324711493,132.63308715820312,57809700,0.0,0.0
2023-01-17 00:00:00-05:00,132.7019674841355,135.12313266732727,132.01301865225,133.79444885253906,63646600,0.0,0.0
2023-01-18 00:00:00-05:00,134.6605787592018,136.42232060237055,132.8988218980733,133.07598876953125,69672800,0.0,0.0
2023-01-19 00:00:00-05:00,131.96381962844052,134.0995687562006,131.65871475561192,133.13504028320312,58280400,0.0,0.0
2023-01-20 00:00:00-05:00,133.1448517377868,135.84161126203279,132.1015842994744,135.6939697265625,80223600,0.0,0.0
2023-01-23 00:00:00-05:00,135.9400291721196,141.05796890647485,135.7235002594527,138.88284301757812,81760300,0.0,0.0
2023-01-24 00:00:00-05:00,138.0954784443646,140.90050277108796,138.08564168128757,140.2804412841797,66435100,0.0,0.0
2023-01-25 00:00:00-05:00,138.6663712742334,140.1820592698315,136.61919754007474,139.62106323242188,65799300,0.0,0.0
2023-01-26 00:00:00-05:00,140.91032647908082,141.97328249331738,139.6603668579937,141.6878662109375,54105100,0.0,0.0
2023-01-27 00:00:00-05:00,140.90051489349364,144.9062704324847,140.82177572822627,143.6267852783203,70555800,0.0,0.0
2023-01-30 00:00:00-05:00,142.67208313488993,143.25276748002082,140.59538495227355,140.74301147460938,64015300,0.0,0.0
2023-01-31 00:00:00-05:00,140.44779354531312,142.0619091768315,140.03442411726166,142.0126953125,65874500,0.0,0.0
2023-02-01 00:00:00-05:00,141.69774073810188,144.29607334830789,139.08957136310852,143.1346893310547,77663600,0.0,0.0
2023-02-02 00:00:00-05:00,146.54992610628193,148.79393998354684,145.83145179927072,148.43963623046875,118339000,0.0,0.0
2023-02-03 00:00:00-05:00,145.69363837431163,154.8960731461596,145.4967979818679,152.0615234375,154357300,0.0,0.0
2023-02-06 00:00:00-05:00,150.16198925829823,150.68362304726807,148.40023248441526,149.33523559570312,69858300,0.0,0.0
2023-02-07 00:00:00-05:00,148.2624474794368,152.77999988075524,148.2624474794368,152.2091522216797,83322600,0.0,0.0
2023-02-08 00:00:00-05:00,151.45131927430748,152.14026818212696,148.78408455222657,149.52224731445312,64120100,0.0,0.0
2023-02-09 00:00:00-05:00,151.35289040745275,151.89421276586904,148.04592065726195,148.4888153076172,56007100,0.0,0.0
2023-02-10 00:00:00-05:00,147.32566223415182,149.17880490718028,147.08908410868764,148.853515625,57450700,0.23,0.0
2023-02-13 00:00:00-05:00,148.79437344145694,152.05710297296255,148.7648030561656,151.65296936035156,62199000,0.0,0.0
2023-02-14 00:00:00-05:00,149.94767374239032,151.57412024796835,148.70567235340334,151.0122528076172,61707600,0.0,0.0
2023-02-15 00:00:00-05:00,150.92354792770303,153.27941747242824,150.69683660205456,153.11184692382812,65573800,0.0,0.0
2023-02-16 00:00:00-05:00,151.31784339392544,154.09758049199988,151.16013965459408,151.51499938964844,68167900,0.0,0.0
2023-02-17 00:00:00-05:00,150.17442580979125,150.8151376986906,148.69584602843153,150.37156677246094,59144100,0.0,0.0
2023-02-21 00:00:00-05:00,148.05511953332274,149.1394173925265,146.29068760704538,146.35968017578125,58867200,0.0,0.0
2023-02-22 00:00:00-05:00,146.74408634882758,147.80866542554767,145.0585140913541,146.7835235595703,51011300,0.0,0.0
2023-02-23 00:00:00-05:00,147.94665897626774,148.19308888929672,145.13736699227027,147.26651000976562,48394200,0.0,0.0
2023-02-24 00:00:00-05:00,145.00924162382364,145.0881010134071,143.6390916917033,144.61495971679688,55469600,0.0,0.0
2023-02-27 00:00:00-05:00,145.60067024018994,147.039812645864,145.34437348016522,145.8076629638672,44998500,0.0,0.0
2023-02-28 00:00:00-05:00,144.9501024216552,146.95111245136155,144.73324285815977,145.30496215820312,50547000,0.0,0.0
2023-03-01 00:00:00-05:00,144.73323786008925,145.1275197577975,142.93922063146897,143.2349395751953,55479000,0.0,0.0
2023-03-02 00:00:00-05:00,142.31822024697658,144.61494903595985,141.84506394442167,143.8263702392578,52238100,0.0,0.0
2023-03-03 00:00:00-05:00,145.9259528752422,148.9521198871165,145.22610023869615,148.87326049804688,70732300,0.0,0.0
2023-03-06 00:00:00-05:00,151.59383305095145,154.06799923846452,151.26855877090114,151.63327026367188,87558000,0.0,0.0
2023-03-07 00:00:00-05:00,151.50512207262017,151.83041139396585,148.9718301446463,149.43511962890625,56182000,0.0,0.0
2023-03-08 00:00:00-05:00,150.62785567244086,151.2784344169459,149.6618543808646,150.68699645996094,47204800,0.0,0.0
2023-03-09 00:00:00-05:00,151.36710263865677,152.33310365607178,148.08465449485655,148.43951416015625,53833600,0.0,0.0
2023-03-10 00:00:00-05:00,148.06496662146847,148.78453780981002,145.5020893181875,146.37937927246094,68572400,0.0,0.0
2023-03-13 00:00:00-04:00,145.69925527320058,150.95314411845015,145.59082548311505,148.32127380371094,84457100,0.0,0.0
2023-03-14 00:00:00-04:00,149.11967456920323,151.2093955139033,147.95653254628945,150.4109649658203,73695900,0.0,0.0
2023-03-15 00:00:00-04:00,149.03096880678774,151.06154904978908,147.7791005346977,150.80526733398438,77167900,0.0,0.0
2023-03-16 00:00:00-04:00,149.98709719489494,154.22569446185167,149.4745187940127,153.62440490722656,76161100,0.0,0.0
2023-03-17 00:00:00-04:00,153.85112382009055,154.50170239485772,152.07682545294745,152.7865447998047,98944600,0.0,0.0
2023-03-20 00:00:00-04:00,152.85558396503848,155.56631354554972,151.94870846939224,155.1522979736328,73641400,0.0,0.0
2023-03-21 00:00:00-04:00,155.0734600878072,157.1237442200261,154.3045847371103,157.00546264648438,73938300,0.0,0.0
2023-03-22 00:00:00-04:00,157.0251659140942,159.82460651427928,155.5564380089166,155.57615661621094,75701800,0.0,0.0
2023-03-23 00:00:00-04:00,156.56189845720945,159.24305787299903,155.42831151194017,156.66046142578125,67622100,0.0,0.0
2023-03-24 00:00:00-04:00,156.5914437450547,158.0503047976887,155.59587218901564,157.9615936279297,59196500,0.0,0.0
2023-03-27 00:00:00-04:00,157.6560281012329,158.47417734472043,155.61558088418133,156.0197296142578,52390300,0.0,0.0
2023-03-28 00:00:00-04:00,155.71413440722972,156.22671283698608,153.75254688783264,155.39869689941406,45992200,0.0,0.0
2023-03-29 00:00:00-04:00,157.09416533498404,158.75018247951246,157.07446176772007,158.47418212890625,51305700,0.0,0.0
2023-03-30 00:00:00-04:00,159.22330893800608,160.1498879032855,158.96702721945866,160.0414581298828,49501700,0.0,0.0
2023-03-31 00:00:00-04:00,160.1203040734608,162.64374399803975,159.59787385661696,162.545166015625,68749800,0.0,0.0
2023-04-03 00:00:00-04:00,161.92419649331373,163.91533966892132,161.87490749491164,163.79705810546875,56976200,0.0,0.0
2023-04-04 00:00:00-04:00,164.22093523724538,164.4574983782598,162.75220722625122,163.26478576660156,46278300,0.0,0.0
2023-04-05 00:00:00-04:00,162.38747921010668,162.69304993016723,159.48946069965245,161.4214630126953,51511700,0.0,0.0
2023-04-06 00:00:00-04:00,160.1104432538072,162.60432792623257,159.68659100348637,162.30860900878906,45390100,0.0,0.0
2023-04-10 00:00:00-04:00,159.11489681167845,159.7161865234375,157.79403581892626,159.7161865234375,47716900,0.0,0.0
2023-04-11 00:00:00-04:00,160.03160702009572,160.04145880285023,158.21787125365222,158.5037384033203,47644200,0.0,0.0
2023-04-12 00:00:00-04:00,158.917767985699,159.7457691153541,157.49832888292315,157.8137664794922,50133100,0.0,0.0
2023-04-13 00:00:00-04:00,159.3218986080038,163.43234843413578,159.11489082873655,163.19577026367188,68445600,0.0,0.0
2023-04-14 00:00:00-04:00,162.23962776220338,163.94493394539444,161.48063430124813,162.8507843017578,49386500,0.0,0.0
2023-04-17 00:00:00-04:00,162.73245273206868,163.02817163401676,161.68759231395518,162.87045288085938,41516200,0.0,0.0
2023-04-18 00:00:00-04:00,163.72803148121778,165.01932174992547,163.28444562876558,164.09274291992188,49923000,0.0,0.0
2023-04-19 00:00:00-04:00,163.43235220441335,165.75865162452376,163.1760554202755,165.23622131347656,47720200,0.0,0.0
2023-04-20 00:00:00-04:00,163.71820194187683,165.47278202514906,163.19577163848064,164.27020263671875,52456400,0.0,0.0
2023-04-21 00:00:00-04:00,162.69305305620966,164.07305473489896,162.14105238473394,162.66348266601562,58337300,0.0,0.0
2023-04-24 00:00:00-04:00,162.64375061086378,163.23518844762253,161.5496011414824,162.9690399169922,41949600,0.0,0.0
2023-04-25 00:00:00-04:00,162.83105575677226,163.93505711689548,161.3918982344198,161.43133544921875,48714100,0.0,0.0
2023-04-26 00:00:00-04:00,160.73146218660858,162.91976126426218,160.47518046288778,161.4214630126953,45498800,0.0,0.0
2023-04-27 00:00:00-04:00,162.83103216774902,166.15290259103057,162.83103216774902,166.0050506591797,64902300,0.0,0.0
2023-04-28 00:00:00-04:00,166.08393356927388,167.424513091262,165.4826438930684,167.25692749023438,55275900,0.0,0.0
2023-05-01 00:00:00-04:00,166.86264216717663,168.01593249804148,166.2317821133474,167.168212890625,52472900,0.0,0.0
2023-05-02 00:00:00-04:00,167.66107793363267,167.91737470896658,165.1474894240389,166.13320922851562,48425700,0.0,0.0
2023-05-03 00:00:00-04:00,167.07950544573387,168.47922575134587,164.77292473257992,165.05877685546875,65136000,0.0,0.0
2023-05-04 00:00:00-04:00,162.53534351356944,164.6546351492701,161.9636242025262,163.4224853515625,81235400,0.0,0.0
2023-05-05 00:00:00-04:00,168.5383592942621,171.8109560965244,168.32149974515366,171.0913848876953,113453200,0.0,0.0
2023-05-08 00:00:00-04:00,170.01693107088172,171.3673772990156,169.65221959190652,171.02236938476562,55962800,0.0,0.0
2023-05-09 00:00:00-04:00,170.57879765359286,171.06179068201072,169.14950709207488,169.31707763671875,45326900,0.0,0.0
2023-05-10 00:00:00-04:00,170.5492304195713,171.54480192353225,169.44521410372417,171.08151245117188,53724500,0.0,0.0
2023-05-11 00:00:00-04:00,171.3673768150292,172.09679977091955,169.71135988855104,171.268798828125,49514700,0.0,0.0
2023-05-12 00:00:00-04:00,171.3773676163626,171.8116866019269,168.79121464447562,170.3409423828125,45533100,0.24,0.0
2023-05-15 00:00:00-04:00,170.9233138186056,170.97267098611968,169.25514096380277,169.84739685058594,37266700,0.0,0.0
2023-05-16 00:00:00-04:00,169.768428394902,170.9035679392614,169.58088019536424,169.84739685058594,42110300,0.0,0.0
2023-05-17 00:00:00-04:00,169.4920742376562,170.69630196545663,168.21872838992437,170.45941162109375,57951600,0.0,0.0
2023-05-18 00:00:00-04:00,170.76538642479474,172.97645812210007,170.35081330561755,172.78890991210938,65496700,0.0,0.0
2023-05-19 00:00:00-04:00,174.11158416944232,174.11158416944232,172.68031671339108,172.89747619628906,55809500,0.0,0.0
2023-05-22 00:00:00-04:00,171.73273062815065,172.45331220735133,171.2095777379714,171.94989013671875,43570900,0.0,0.0
2023-05-23 00:00:00-04:00,170.89372201948225,171.140492823502,169.06761204505847,169.343994140625,50747300,0.0,0.0
2023-05-24 00:00:00-04:00,168.88006417332414,170.19288666082696,168.317434571077,169.62037658691406,45143500,0.0,0.0
2023-05-25 00:00:00-04:00,170.18299842572435,171.65374258398057,169.47229739906246,170.75550842285156,56058300,0.0,0.0
2023-05-26 00:00:00-04:00,171.08125526170468,173.49960591702484,170.87396117733175,173.1639862060547,54835000,0.0,0.0
2023-05-30 00:00:00-04:00,174.6742524991613,176.67803022234617,174.28929064745816,175.00985717773438,55964400,0.0,0.0
2023-05-31 00:00:00-04:00,175.03947872320146,177.03339115324283,174.47683402760893,174.96051025390625,99625300,0.0,0.0
2023-06-01 00:00:00-04:00,175.40468096744894,177.79342049505456,174.64462268903534,177.76380920410156,68901800,0.0,0.0
2023-06-02 00:00:00-04:00,178.69168514468382,179.43199760539318,176.94454352013497,178.6127166748047,61996900,0.0,0.0
2023-06-05 00:00:00-04:00,180.27099781019854,182.56102285189482,175.7402747725204,177.26039123535156,121946500,0.0,0.0
2023-06-06 00:00:00-04:00,177.64536518975015,177.79342164547316,175.13816542041533,176.8951873779297,64848400,0.0,0.0
2023-06-07 00:00:00-04:00,176.135134367242,178.86935913776645,175.02960596689772,175.5231475830078,61944600,0.0,0.0
2023-06-08 00:00:00-04:00,175.60209965770608,178.50412674833163,175.1677956906412,178.2376251220703,50214900,0.0,0.0
2023-06-09 00:00:00-04:00,179.15557682326966,179.87614324556046,178.29681937394096,178.62255859375,48900000,0.0,0.0
2023-06-12 00:00:00-04:00,178.92857679274874,181.51472997018058,178.63244881890137,181.416015625,54274900,0.0,0.0
2023-06-13 00:00:00-04:00,180.4388079672042,181.7713612206094,180.08345742062403,180.9422149658203,54929100,0.0,0.0
2023-06-14 00:00:00-04:00,181.0014644735094,182.0082936822176,179.66891102186548,181.573974609375,57462900,0.0,0.0
2023-06-15 00:00:00-04:00,181.5838370156226,184.11076766616947,181.4061542027307,183.6073455810547,65433200,0.0,0.0
2023-06-16 00:00:00-04:00,184.31805138125782,184.57470266619666,181.88983501651188,182.53143310546875,101256200,0.0,0.0
2023-06-20 00:00:00-04:00,182.02801364300083,183.69618663444365,182.02801364300083,182.62025451660156,49799100,0.0,0.0
2023-06-21 00:00:00-04:00,182.51167734169172,183.015099412311,180.23151756348105,181.58383178710938,49515700,0.0,0.0
2023-06-22 00:00:00-04:00,181.3666633051449,184.63390612000734,181.29756025506936,184.5845489501953,51245300,0.0,0.0
2023-06-23 00:00:00-04:00,183.15328303090953,185.13731475683954,182.6202496908907,184.2686767578125,53117000,0.0,0.0
2023-06-26 00:00:00-04:00,184.41677010681076,185.62101290744985,182.83743084186574,182.87692260742188,48088700,0.0,0.0
2023-06-27 00:00:00-04:00,183.48892085931215,185.95662920109734,183.27176132029933,185.63088989257812,50730800,0.0,0.0
2023-06-28 00:00:00-04:00,185.50253915791174,187.44709427325768,185.17681495512898,186.8054962158203,51216800,0.0,0.0
2023-06-29 00:00:00-04:00,186.63770623646846,187.6149240946042,186.49951518133068,187.14111328125,46347300,0.0,0.0
2023-06-30 00:00:00-04:00,189.1547673916645,191.96794560784363,188.78953634841974,191.46453857421875,85213200,0.0,0.0
2023-07-03 00:00:00-04:00,191.27698682945007,191.37570117698604,189.28307449044232,189.9740447998047,31458200,0.0,0.0
2023-07-05 00:00:00-04:00,189.09553270560195,190.48730854754436,188.15779163185775,188.85862731933594,46920300,0.0,0.0
2023-07-06 00:00:00-04:00,187.3878577490578,189.53970680413252,186.75612514844465,189.33241271972656,45094300,0.0,0.0
2023-07-07 00:00:00-04:00,188.93760736945495,190.1813268348204,187.78272178125238,188.21702575683594,46815000,0.0,0.0
2023-07-10 00:00:00-04:00,186.8153498480431,187.53593138541007,184.62402407003376,186.1737518310547,59922200,0.0,0.0
2023-07-11 00:00:00-04:00,186.71665587805697,186.85484691926047,184.18972537508213,185.65060424804688,46638100,0.0,0.0
2023-07-12 00:00:00-04:00,187.229907181424,189.22381917553403,186.03554511598557,187.31875610351562,60750200,0.0,0.0
2023-07-13 00:00:00-04:00,188.03936545890204,188.72045533421505,187.32866429002723,188.07884216308594,41342300,0.0,0.0
2023-07-14 00:00:00-04:00,187.77283329330808,188.71055932283986,187.18059240914323,188.22689819335938,41616200,0.0,0.0
2023-07-17 00:00:00-04:00,189.42126802557274,191.81002272437502,189.33243414864154,191.48428344726562,50520200,0.0,0.0
2023-07-18 00:00:00-04:00,190.85254922844402,191.8198865800326,189.93455398917624,191.22763061523438,48288200,0.0,0.0
2023-07-19 00:00:00-04:00,190.60575926840173,195.6694855056854,190.1615598085878,192.57992553710938,80507300,0.0,0.0
2023-07-20 00:00:00-04:00,192.57006595398724,193.9322456468904,190.01352397351403,190.63539123535156,59581200,0.0,0.0
2023-07-21 00:00:00-04:00,191.59285775033445,192.45161532627134,188.75991868585442,189.46075439453125,71951700,0.0,0.0
2023-07-24 00:00:00-04:00,190.9117629424984,192.3923877240068,189.76674282999198,190.26028442382812,45377800,0.0,0.0
2023-07-25 00:00:00-04:00,190.83283203623031,191.92849519264223,190.42812423483107,191.11907958984375,37283200,0.0,0.0
2023-07-26 00:00:00-04:00,191.1684204714641,193.11297577300414,190.82295035426253,191.98770141601562,47471900,0.0,0.0
2023-07-27 00:00:00-04:00,193.48804855415668,194.65279947329122,190.06286872536143,190.72421264648438,47460200,0.0,0.0
2023-07-28 00:00:00-04:00,192.15548645475204,194.09017617119656,191.63233355900982,193.30050659179688,48291400,0.0,0.0
2023-07-31 00:00:00-04:00,193.52754422924545,193.9519978690126,192.73787459795656,193.91250610351562,38824100,0.0,0.0
2023-08-01 00:00:00-04:00,193.7052107356477,194.1888718595327,192.75760424557473,193.08334350585938,35175100,0.0,0.0
2023-08-02 00:00:00-04:00,192.52071519961737,192.6589062555568,189.37193220630533,190.09249877929688,50389300,0.0,0.0
2023-08-03 00:00:00-04:00,189.09552588996192,189.8851803589987,188.22688789998924,188.70068359375,61235200,0.0,0.0
2023-08-04 00:00:00-04:00,183.12368481919472,184.95966022717982,179.57017917093492,179.6392822265625,115956800,0.0,0.0
2023-08-07 00:00:00-04:00,179.77747246914834,180.7645556934903,175.0592158617292,176.5398406982422,97576100,0.0,0.0
2023-08-08 00:00:00-04:00,177.3689898212007,177.94149990785485,175.2862435821482,177.47756958007812,67823000,0.0,0.0
2023-08-09 00:00:00-04:00,178.53371160261662,178.59293417746048,174.7235703168388,175.88833618164062,60378500,0.0,0.0
2023-08-10 00:00:00-04:00,177.1616784798233,178.41527829006225,175.30597241092943,175.6711883544922,54686900,0.0,0.0
2023-08-11 00:00:00-04:00,175.26597277471524,176.55090180538758,174.50488805624465,175.7305145263672,52036700,0.24,0.0
2023-08-14 00:00:00-04:00,175.90840396188517,177.60848075837384,175.2560457553654,177.3811492919922,43675600,0.0,0.0
2023-08-15 00:00:00-04:00,176.80789799116474,177.40093867304276,174.99909450146933,175.3944549560547,43622600,0.0,0.0
2023-08-16 00:00:00-04:00,175.0781688700227,176.47182426987777,174.4554618287455,174.524658203125,46964900,0.0,0.0
2023-08-17 00:00:00-04:00,175.08803154260252,175.4537406821077,171.47042491030345,171.98440551757812,66062900,0.0,0.0
2023-08-18 00:00:00-04:00,170.30411608587545,173.0716844916875,169.96805819399307,172.46875,61172200,0.0,0.0
2023-08-21 00:00:00-04:00,173.04203097276417,174.08974972921308,171.7274356199635,173.8031005859375,46311900,0.0,0.0
2023-08-22 00:00:00-04:00,175.00895776189057,175.62177093693052,174.2083431088137,175.17698669433594,42038900,0.0,0.0
2023-08-23 00:00:00-04:00,176.45203891919172,179.44693836874362,176.26423745502308,179.02191162109375,52722800,0.0,0.0
2023-08-24 00:00:00-04:00,178.57713623123834,179.0021629998802,173.97111355320405,174.3368377685547,54945800,0.0,0.0
2023-08-25 00:00:00-04:00,175.3252830926219,177.07476903438783,173.78335612196395,176.54103088378906,51449600,0.0,0.0
2023-08-28 00:00:00-04:00,178.003859262239,178.49806733287568,176.48170504077262,178.1027069091797,43820700,0.0,0.0
2023-08-29 00:00:00-04:00,177.61838490226515,182.7581460326424,177.4207046822572,181.9871826171875,53003900,0.0,0.0
2023-08-30 00:00:00-04:00,182.79767343476072,185.67396786591692,182.5999932338842,185.4762725830078,60813900,0.0,0.0
2023-08-31 00:00:00-04:00,185.66408956621913,186.92926105598286,185.30825914209595,185.69374084472656,60794500,0.0,0.0
2023-09-01 00:00:00-04:00,187.29497110047913,187.7199827815663,186.09898099052413,187.26531982421875,45766500,0.0,0.0
2023-09-05 00:00:00-04:00,186.09898389331408,187.77928826308653,185.4367469097816,187.50253295898438,45280000,0.0,0.0
2023-09-06 00:00:00-04:00,186.21759365485326,186.66239298088038,179.3678770840619,180.79119873046875,81755800,0.0,0.0
2023-09-07 00:00:00-04:00,173.1507234483217,176.14563807720947,171.5297216636145,175.50315856933594,112488800,0.0,0.0
2023-09-08 00:00:00-04:00,176.2840413464044,178.15214742516778,175.73051558651892,176.11599731445312,65551300,0.0,0.0
2023-09-11 00:00:00-04:00,177.9841155245434,178.21144703159865,175.2857283917044,177.28233337402344,58953100,0.0,0.0
2023-09-12 00:00:00-04:00,177.4108165912451,178.043402311121,172.79491507430095,174.2577667236328,90370200,0.0,0.0
2023-09-13 00:00:00-04:00,174.46530026870357,175.2461573436229,171.96460903055169,172.19195556640625,84267900,0.0,0.0
2023-09-14 00:00:00-04:00,171.98441978182902,174.06009984649242,171.5692867853032,173.7042694091797,60895800,0.0,0.0
2023-09-15 00:00:00-04:00,174.4356540223445,174.45542656560403,171.80647888602266,172.98268127441406,109259500,0.0,0.0
2023-09-18 00:00:00-04:00,174.4356864419302,177.3021024660386,174.12927983360214,175.90843200683594,67257600,0.0,0.0
2023-09-19 00:00:00-04:00,175.46363376102514,177.54919237650395,175.07815207769175,176.9956817626953,51826900,0.0,0.0
2023-09-20 00:00:00-04:00,177.18347129792434,177.61837681135137,173.36818440563272,173.4571533203125,58436200,0.0,0.0
2023-09-21 00:00:00-04:00,172.52801984046553,174.25774788080986,171.84601037143327,171.91519165039062,63149100,0.0,0.0
2023-09-22 00:00:00-04:00,172.64665367280514,175.02874030453424,172.03384046276338,172.7652587890625,56725400,0.0,0.0
2023-09-25 00:00:00-04:00,172.1821167645658,174.9200341436397,172.13269293306647,174.04034423828125,46172700,0.0,0.0
2023-09-26 00:00:00-04:00,172.7949188930673,173.1705067749598,169.67152023376326,169.96804809570312,64588900,0.0,0.0
2023-09-27 00:00:00-04:00,170.62039864934732,171.03553164114703,167.0917606780329,168.4557647705078,66921800,0.0,0.0
2023-09-28 00:00:00-04:00,167.37840061261642,170.03724268196555,165.6783234920371,168.7127685546875,56294400,0.0,0.0
2023-09-29 00:00:00-04:00,170.02736032081233,171.06520035560507,168.36681324873706,169.22674560546875,51861100,0.0,0.0
2023-10-02 00:00:00-04:00,169.2365980179806,172.28092127496365,168.94994891630552,171.73728942871094,52164500,0.0,0.0
2023-10-03 00:00:00-04:00,170.26454593815689,171.61868620307462,168.84123947337378,170.40292358398438,49594600,0.0,0.0
2023-10-04 00:00:00-04:00,169.10809426237566,172.19196251916273,168.9894891655102,171.64833068847656,53020300,0.0,0.0
2023-10-05 00:00:00-04:00,171.77682905786853,173.41760341955526,170.67968657288918,172.8838653564453,48527900,0.0,0.0
2023-10-06 00:00:00-04:00,171.78671747657816,175.9281832590251,171.17388925206592,175.43397521972656,57266700,0.0,0.0
2023-10-09 00:00:00-04:00,174.7618406122257,176.97589800927489,173.76354582426052,176.91659545898438,42390800,0.0,0.0
2023-10-10 00:00:00-04:00,176.0368980965743,177.63812721273464,175.88862664528037,176.3235321044922,43698000,0.0,0.0
2023-10-11 00:00:00-04:00,176.13575227199846,177.76664794425923,175.54271164011269,177.71722412109375,47551100,0.0,0.0
2023-10-12 00:00:00-04:00,177.98409824545533,180.227791982292,176.96601576479657,178.61668395996094,56743100,0.0,0.0
2023-10-13 00:00:00-04:00,179.31845034069394,179.82253713140665,176.07644667980117,176.77822875976562,51427100,0.0,0.0
2023-10-16 00:00:00-04:00,174.7025383958498,177.00554962273654,174.46531311220224,176.64971923828125,52517000,0.0,0.0
2023-10-17 00:00:00-04:00,174.60369235668924,176.35319301979084,172.7751316803463,175.097900390625,57549400,0.0,0.0
2023-10-18 00:00:00-04:00,173.5461178040648,175.5229501994882,173.08156098457755,173.8031005859375,54764400,0.0,0.0
2023-10-19 00:00:00-04:00,174.0007735918687,175.77992569036093,173.16062890788183,173.42750549316406,59302900,0.0,0.0
2023-10-20 00:00:00-04:00,173.2792552037354,173.38798159754705,170.6401855525277,170.87741088867188,64244000,0.0,0.0
2023-10-23 00:00:00-04:00,168.93021596381925,171.99429712738208,167.96155723103598,170.99600219726562,55980100,0.0,0.0
2023-10-24 00:00:00-04:00,171.04539603931104,171.65820914819068,169.46392436745393,171.43087768554688,43816600,0.0,0.0
2023-10-25 00:00:00-04:00,169.88897487497013,171.0552987076063,168.67321213575732,169.11801147460938,57157000,0.0,0.0
2023-10-26 00:00:00-04:00,168.39644027726376,169.39475015606334,163.75088778515044,164.95675659179688,70625300,0.0,0.0
2023-10-27 00:00:00-04:00,164.97655472973753,167.00281099505466,164.89747962237493,166.27137756347656,58499100,0.0,0.0
2023-10-30 00:00:00-04:00,167.06210513671374,169.18719386762373,166.91383366211736,168.3173828125,51131000,0.0,0.0
2023-10-31 00:00:00-04:00,167.38827526603964,168.92030818010912,165.9550598323106,168.7918243408203,44846000,0.0,0.0
2023-11-01 00:00:00-04:00,169.01914553939386,172.2117251766134,168.14933458405196,171.95474243164062,56934900,0.0,0.0
2023-11-02 00:00:00-04:00,173.48679033388817,175.72060519042475,173.42748778366638,175.51304626464844,77334800,0.0,0.0
2023-11-03 00:00:00-04:00,172.2216424329047,174.77175801380423,171.34195262679097,174.6037139892578,79829200,0.0,0.0
2023-11-06 00:00:00-05:00,174.33684685023218,177.35150406781844,174.16881791314302,177.15382385253906,63841300,0.0,0.0
2023-11-07 00:00:00-05:00,177.10437340755996,180.32661925220768,176.89681449142668,179.71380615234375,70530000,0.0,0.0
2023-11-08 00:00:00-05:00,180.23770048559436,181.32494925868284,179.48649451949703,180.7714385986328,49340300,0.0,0.0
2023-11-09 00:00:00-05:00,180.8406289798602,181.98718027395728,179.70394133589065,180.2969970703125,53763500,0.0,0.0
2023-11-10 00:00:00-05:00,182.07848170612579,184.65175539538808,181.6430032262288,184.48348999023438,66133400,0.24,0.0
2023-11-13 00:00:00-05:00,183.9094496896321,184.1172820619318,182.31600272709323,182.89993286132812,43627500,0.0,0.0
2023-11-14 00:00:00-05:00,185.77012344749633,186.17591157835597,184.38452385663774,185.51280212402344,60108400,0.0,0.0
2023-11-15 00:00:00-05:00,185.91857611582427,187.55160515956638,185.84928859059917,186.07691955566406,53790500,0.0,0.0
2023-11-16 00:00:00-05:00,187.6209157424311,188.9966236513369,186.7103615664657,187.7594757080078,54412900,0.0,0.0
2023-11-17 00:00:00-05:00,188.2938943366879,188.42256253993392,186.63117494967102,187.73965454101562,50922700,0.0,0.0
2023-11-20 00:00:00-05:00,187.93759410143886,189.9368291546864,187.9277023558229,189.48155212402344,46505100,0.0,0.0
2023-11-21 00:00:00-05:00,189.442003783256,189.5508734120303,187.78917585688575,188.67991638183594,38134500,0.0,0.0
2023-11-22 00:00:00-05:00,189.52119000957208,190.9463718813115,188.8679722130009,189.34303283691406,39617700,0.0,0.0
2023-11-24 00:00:00-05:00,188.90750975669584,188.93720009481962,187.30417109040621,188.0167694091797,24048300,0.0,0.0
2023-11-27 00:00:00-05:00,187.96730652329646,188.70959528304604,186.95778958150402,187.83863830566406,40552600,0.0,0.0
2023-11-28 00:00:00-05:00,187.82873180101734,189.1153685705385,187.45263402635211,188.44235229492188,38415400,0.0,0.0
2023-11-29 00:00:00-05:00,188.93725699959234,190.11502443956422,187.0271075294507,187.42298889160156,43014200,0.0,0.0
2023-11-30 00:00:00-05:00,187.888109148078,188.36318478193425,186.2550800746654,187.99697875976562,48794400,0.0,0.0
2023-12-01 00:00:00-05:00,188.37309535289532,189.5904446947665,187.28439912721964,189.27374267578125,45704800,0.0,0.0
2023-12-04 00:00:00-05:00,188.02667840765253,188.09596593756666,185.52269231677565,187.48233032226562,43389500,0.0,0.0
2023-12-05 00:00:00-05:00,188.25433276481266,192.40123993854135,188.22462732075607,191.4313201904297,66628400,0.0,0.0
2023-12-06 00:00:00-05:00,192.4507413057332,192.75755159573393,190.1348038567878,190.3426513671875,41089700,0.0,0.0
2023-12-07 00:00:00-05:00,191.63914867608756,192.99505783958267,191.5995514892092,192.27256774902344,47477700,0.0,0.0
2023-12-08 00:00:00-05:00,192.203315195023,193.97491963358075,191.67876563770596,193.6977996826172,53406400,0.0,0.0
2023-12-11 00:00:00-05:00,191.12448368196934,191.50058143348204,189.45185749474888,191.19375610351562,60943700,0.0,0.0
2023-12-12 00:00:00-05:00,191.09482308550778,192.71796059458774,189.7488055095461,192.70806884765625,52696900,0.0,0.0
2023-12-13 00:00:00-05:00,193.08413511536142,195.96421892707963,192.8466123940007,195.9246368408203,70404200,0.0,0.0
2023-12-14 00:00:00-05:00,195.9840185786185,197.56755876987646,194.14314196862804,196.07308959960938,66831600,0.0,0.0
2023-12-15 00:00:00-05:00,195.4990685795855,196.36011872958818,194.9745190512041,195.53866577148438,128538400,0.0,0.0
2023-12-18 00:00:00-05:00,194.0738561652729,194.60831249977454,192.39133809002112,193.87591552734375,55751900,0.0,0.0
2023-12-19 00:00:00-05:00,194.1431515248431,194.92502236186388,193.87592334681435,194.91513061523438,40714100,0.0,0.0
2023-12-20 00:00:00-05:00,194.87552171417178,195.64750075817219,192.82681274414062,192.82681274414062,52242800,0.0,0.0
2023-12-21 00:00:00-05:00,194.08377332368417,195.05369307239374,191.51049958819766,192.67835998535156,46482500,0.0,0.0
2023-12-22 00:00:00-05:00,193.17320815773428,193.40085423729087,190.98593919883143,191.60946655273438,37149600,0.0,0.0
2023-12-26 00:00:00-05:00,191.61934905102697,191.89646895007564,190.8473700319769,191.0651092529297,28919300,0.0,0.0
2023-12-27 00:00:00-05:00,190.51087517820892,191.51048519395766,189.12526053943682,191.16407775878906,48087700,0.0,0.0
2023-12-28 00:00:00-05:00,192.14393105407996,192.65858885458314,191.18390299052217,191.58969116210938,34049900,0.0,0.0
2023-12-29 00:00:00-05:00,191.90638540499626,192.40124458871406,189.75869835988954,190.55047607421875,42672100,0.0,0.0
2024-01-02 00:00:00-05:00,185.22577720716953,186.5025222946912,181.99930092657837,183.73130798339844,82488700,0.0,0.0
2024-01-03 00:00:00-05:00,182.32590048043423,183.96883642924203,181.5440145919006,182.3555908203125,58414500,0.0,0.0
2024-01-04 00:00:00-05:00,180.2771650380176,181.20750256721809,179.02023379077144,180.03964233398438,71983600,0.0,0.0
2024-01-05 00:00:00-05:00,180.11885376441708,180.88092604513352,178.31755906038765,179.31716918945312,62379700,0.0,0.0
2024-01-08 00:00:00-05:00,180.21782130157615,183.69174257913158,179.63389106527006,183.6521453857422,59144500,0.0,0.0
2024-01-09 00:00:00-05:00,182.0289926299427,183.24634194188326,180.85122540618832,183.2364501953125,42841800,0.0,0.0
2024-01-10 00:00:00-05:00,182.45457200324566,184.48348240733844,182.02898528742006,184.27565002441406,46792900,0.0,0.0
2024-01-11 00:00:00-05:00,184.6220377994394,185.12680377786887,181.73206228896322,183.6818084716797,49128400,0.0,0.0
2024-01-12 00:00:00-05:00,184.14698280822722,184.8199990991005,183.28593272766105,184.0084228515625,40477800,0.0,0.0
2024-01-16 00:00:00-05:00,180.28708678689063,182.36548612847807,179.0697224204938,181.74197387695312,65603000,0.0,0.0
2024-01-17 00:00:00-05:00,179.40625114511818,181.04917214343425,178.44622312883942,180.80174255371094,47317400,0.0,0.0
2024-01-18 00:00:00-05:00,184.17665903424702,187.19530261085842,183.91933773499053,186.6905517578125,78005800,0.0,0.0
2024-01-19 00:00:00-05:00,187.38337121910467,189.97642838325277,186.8786203129096,189.59043884277344,68903000,0.0,0.0
2024-01-22 00:00:00-05:00,190.32282073770045,193.3216657993532,190.28322355100102,191.89646911621094,60133900,0.0,0.0
2024-01-23 00:00:00-05:00,193.01485907067706,193.7373491711095,191.83709192633378,193.17320251464844,42355600,0.0,0.0
2024-01-24 00:00:00-05:00,193.41075266703035,194.36088890095834,192.34185506707502,192.50021362304688,53631300,0.0,0.0
2024-01-25 00:00:00-05:00,193.21280647175473,194.2520137003454,191.124500268323,192.17359924316406,54822100,0.0,0.0
2024-01-26 00:00:00-05:00,192.27260502262163,192.7575573916286,189.9665592517261,190.44161987304688,44594000,0.0,0.0
2024-01-29 00:00:00-05:00,190.03580216218106,190.22385105233468,187.63079398239137,189.75868225097656,47145600,0.0,0.0
2024-01-30 00:00:00-05:00,188.97682064057707,189.82797900977772,185.54249682198056,186.10662841796875,55859400,0.0,0.0
2024-01-31 00:00:00-05:00,185.11689921687164,185.17629499887522,182.45456974695213,182.50404357910156,55467800,0.0,0.0
2024-02-01 00:00:00-05:00,182.09829474891072,185.0278527702626,181.93004443231115,184.93878173828125,64885400,0.0,0.0
2024-02-02 00:00:00-05:00,178.01070049519137,185.403896011064,177.40697184189054,183.93911743164062,102551700,0.0,0.0
2024-02-05 00:00:00-05:00,186.21550453356022,187.3042007769885,183.92925752426459,185.75033569335938,69668800,0.0,0.0
2024-02-06 00:00:00-05:00,184.93876832266957,187.36357521832525,184.8496972971495,187.3536834716797,43490800,0.0,0.0
2024-02-07 00:00:00-05:00,188.67988890685803,189.08567701882757,186.6707620426896,187.46253967285156,53439000,0.0,0.0
2024-02-08 00:00:00-05:00,187.44273393335544,187.5911856262693,185.42371540021887,186.3837432861328,40962000,0.0,0.0
2024-02-09 00:00:00-05:00,186.9486117161699,188.27653811843788,186.30447993507684,187.14682006835938,45155200,0.24,0.0
2024-02-12 00:00:00-05:00,186.7207087827637,186.96845412640727,185.10540430343121,185.462158203125,41781900,0.0,0.0
2024-02-13 00:00:00-05:00,184.094566630165,184.53060074172208,181.85493962465304,183.3711395263672,56529500,0.0,0.0
2024-02-14 00:00:00-05:00,183.648627470826,183.8567250370981,180.7945970211484,182.48916625976562,54630500,0.0,0.0
2024-02-15 00:00:00-05:00,181.89459574378543,182.82612045767794,179.71444020641266,182.20179748535156,65434500,0.0,0.0
2024-02-16 00:00:00-05:00,181.76579187183052,183.18290302222294,180.03157456209792,180.66580200195312,49752500,0.0,0.0
2024-02-20 00:00:00-05:00,180.15048310961222,180.78471053407532,178.3766332434525,179.9225616455078,53665600,0.0,0.0
2024-02-21 00:00:00-05:00,180.2991272502037,181.24055639365764,179.03067248659073,180.6757049560547,41371400,0.0,0.0
2024-02-22 00:00:00-05:00,181.8252568033474,183.29192011230285,180.81446669725386,182.7072296142578,52292200,0.0,0.0
2024-02-23 00:00:00-05:00,183.34143499372246,183.3711632214272,180.58650833781007,180.8739013671875,45119700,0.0,0.0
2024-02-26 00:00:00-05:00,180.59643039937333,181.11172976770854,179.02075870271764,179.5261688232422,40867400,0.0,0.0
2024-02-27 00:00:00-05:00,179.46671005654383,182.26126931281985,177.94059046680667,180.98291015625,54318900,0.0,0.0
2024-02-28 00:00:00-05:00,180.8639793914523,181.46847854843006,178.50545433930714,179.7838134765625,48953900,0.0,0.0
2024-02-29 00:00:00-05:00,179.63517226295397,180.92345088953732,177.9108594746495,179.11985778808594,136682600,0.0,0.0
2024-03-01 00:00:00-05:00,177.93069482167198,178.90185225837237,175.78026722267666,178.03970336914062,73563100,0.0,0.0
2024-03-04 00:00:00-05:00,174.56131579397731,175.3045516235648,172.22259977869518,173.5207977294922,81510100,0.0,0.0
2024-03-05 00:00:00-05:00,169.21995126633416,170.48840604509627,168.0902332564625,168.58572387695312,95132400,0.0,0.0
2024-03-06 00:00:00-05:00,169.5172478388351,169.69563232435493,167.15870765798908,167.59474182128906,68587700,0.0,0.0
2024-03-07 00:00:00-05:00,167.62447121611535,169.1902233947002,166.97043508778398,167.475830078125,71765100,0.0,0.0
2024-03-08 00:00:00-05:00,167.4758228221548,172.13343143853632,167.41636636953461,169.19021606445312,76267000,0.0,0.0
2024-03-11 00:00:00-04:00,171.3802901891083,172.8073055285168,170.49831753088682,171.19200134277344,60139500,0.0,0.0
2024-03-12 00:00:00-04:00,171.58838326620315,172.46045153320196,169.4676841705973,171.66766357421875,59825400,0.0,0.0
2024-03-13 00:00:00-04:00,171.21181736641944,171.6280276345068,169.21993557914925,169.58660888671875,52488700,0.0,0.0
2024-03-14 00:00:00-04:00,171.35057361629615,172.73794133442243,170.49832912625453,171.43975830078125,72913500,0.0,0.0
2024-03-15 00:00:00-04:00,169.62625165850892,171.06317138671875,168.75418335618096,171.06317138671875,121752700,0.0,0.0
2024-03-18 00:00:00-04:00,173.98656516716395,176.10726419166866,171.9550508157469,172.1532440185547,75604200,0.0,0.0
2024-03-19 00:00:00-04:00,172.76767622994936,175.0172080151,171.46949314620932,174.4919891357422,55215200,0.0,0.0
2024-03-20 00:00:00-04:00,174.1352174960067,177.05860900878906,173.51089450186836,177.05860900878906,53423100,0.0,0.0
2024-03-21 00:00:00-04:00,175.45324461547284,175.88927881289044,169.29924400405602,169.824462890625,106181300,0.0,0.0
2024-03-22 00:00:00-04:00,170.21092760104455,171.48930183291895,168.52626256417108,170.7262420654297,71160100,0.0,0.0
2024-03-25 00:00:00-04:00,169.03166954174233,170.3893089389317,167.92176032191367,169.30914306640625,54288300,0.0,0.0
2024-03-26 00:00:00-04:00,168.46682128354186,169.8740129173693,168.05061095138228,168.179443359375,57388400,0.0,0.0
2024-03-27 00:00:00-04:00,168.87312383270142,172.0343565405087,168.57582642397568,171.74696350097656,60273300,0.0,0.0
2024-03-28 00:00:00-04:00,170.20102558587905,170.67669234048742,168.97220342186947,169.93345642089844,65672700,0.0,0.0
2024-04-01 00:00:00-04:00,169.6460781034487,169.70553455748254,167.9514935576168,168.4965362548828,46240500,0.0,0.0
2024-04-02 00:00:00-04:00,167.5551169522469,167.81276664190898,166.71277681419204,167.31727600097656,49329500,0.0,0.0
2024-04-03 00:00:00-04:00,167.26770493028647,169.14065873561202,167.05960735256843,168.1199493408203,47691700,0.0,0.0
2024-04-04 00:00:00-04:00,168.7541832986243,170.3694875068381,167.29745483398438,167.29745483398438,53704400,0.0,0.0
2024-04-05 00:00:00-04:00,168.06050251317026,168.85329051832247,167.42627513328318,168.05059814453125,42104800,0.0,0.0
2024-04-08 00:00:00-04:00,167.50555706407098,167.67402205960258,166.72268854116854,166.9307861328125,37425500,0.0,0.0
2024-04-09 00:00:00-04:00,167.17853275073267,168.5460917055098,166.83169838821917,168.13978576660156,42373800,0.0,0.0
2024-04-10 00:00:00-04:00,167.27762018668898,167.56499806522814,165.60285963338822,166.26681518554688,49709300,0.0,0.0
2024-04-11 00:00:00-04:00,166.82179288243998,173.877590209879,166.64342350182488,173.46136474609375,91070300,0.0,0.0
2024-04-12 00:00:00-04:00,172.68837774790788,176.75140669942581,172.63884078505302,174.95773315429688,101670900,0.0,0.0
2024-04-15 00:00:00-04:00,173.77847120218846,175.0370216134587,170.94426424521788,171.13255310058594,73531800,0.0,0.0
2024-04-16 00:00:00-04:00,170.20102235595408,172.19288913903023,166.7524119884344,167.85240173339844,73711200,0.0,0.0
2024-04-17 00:00:00-04:00,168.08032842085646,169.11094225529814,166.48484802246094,166.48484802246094,50901200,0.0,0.0
2024-04-18 00:00:00-04:00,166.5145852231191,167.11908441586118,165.04793714543356,165.53350830078125,43122900,0.0,0.0
2024-04-19 00:00:00-04:00,164.7109957890585,164.89926951971245,162.6002009445124,163.51190185546875,68149400,0.0,0.0
2024-04-22 00:00:00-04:00,164.0272084619306,165.75150603037284,163.28397258003716,164.3443145751953,48116400,0.0,0.0
2024-04-23 00:00:00-04:00,163.8587664496344,165.54343166054898,163.4326366212621,165.394775390625,49537800,0.0,0.0
2024-04-24 00:00:00-04:00,165.03800691456527,167.77312477902248,164.71099641624178,167.4956512451172,48251800,0.0,0.0
2024-04-25 00:00:00-04:00,168.0010494911784,169.07131105182287,166.63349053238153,168.35780334472656,50558300,0.0,0.0
2024-04-26 00:00:00-04:00,168.3478879652858,169.79471202253325,167.6541890412428,167.7731170654297,44838400,0.0,0.0
2024-04-29 00:00:00-04:00,171.80640930182136,174.44242297655094,171.53885525962073,171.93524169921875,68169400,0.0,0.0
2024-04-30 00:00:00-04:00,171.76676673002254,173.4117990890393,168.46679764398493,168.7938232421875,65934800,0.0,0.0
2024-05-01 00:00:00-04:00,168.05059058657778,171.15236652369296,167.58482822154218,167.7731170654297,50383100,0.0,0.0
2024-05-02 00:00:00-04:00,170.95416794412498,171.8559644998941,169.34878317714927,171.469482421875,94214900,0.0,0.0
2024-05-03 00:00:00-04:00,184.9666328542693,185.31348231884328,181.01262758822543,181.72613525390625,163224100,0.0,0.0
2024-05-06 00:00:00-04:00,180.70544017490002,182.53874644704828,178.79283846563771,180.0712127685547,78569700,0.0,0.0
2024-05-07 00:00:00-04:00,181.79549235772294,183.2324120279765,179.68471275097576,180.7549591064453,77305800,0.0,0.0
2024-05-08 00:00:00-04:00,181.20092748758523,181.4189445721307,179.81354466582562,181.0919189453125,45057100,0.0,0.0
2024-05-09 00:00:00-04:00,180.91352883975787,182.99459544718977,180.4675903156434,182.90541076660156,48983000,0.0,0.0
2024-05-10 00:00:00-04:00,183.4809650708303,183.66950932429603,180.7322345449188,181.64517211914062,50759500,0.25,0.0
2024-05-13 00:00:00-04:00,184.01680743143146,185.6640710757596,183.2030934113359,184.85035705566406,72044800,0.0,0.0
2024-05-14 00:00:00-04:00,186.07090395104018,186.85484938535834,184.86026592315986,185.99151611328125,52393600,0.0,0.0
2024-05-15 00:00:00-04:00,186.46787049037354,189.18683240943687,185.9320062923224,188.26397705078125,70400000,0.0,0.0
2024-05-16 00:00:00-04:00,189.0082265089993,189.6333963773736,188.20444533062346,188.383056640625,52845200,0.0,0.0
2024-05-17 00:00:00-04:00,188.05555831413108,189.34558420614056,187.7280891548122,188.4127960205078,41282900,0.0,0.0
2024-05-20 00:00:00-04:00,187.8769693298537,190.44708847543168,187.55941793463836,189.57383728027344,44361300,0.0,0.0
2024-05-21 00:00:00-04:00,189.62342455766938,191.25083732912466,189.4547310855792,190.87376403808594,42309400,0.0,0.0
2024-05-22 00:00:00-04:00,190.79440205142186,191.3401840301744,188.8097513226368,189.43490600585938,34648500,0.0,0.0
2024-05-23 00:00:00-04:00,189.51429520164533,189.5341459487459,185.19768892080702,185.44577026367188,51005900,0.0,0.0
2024-05-24 00:00:00-04:00,187.37087155015982,189.11735863774422,186.59684388111853,188.52195739746094,36327000,0.0,0.0
2024-05-28 00:00:00-04:00,190.04022981736387,191.51880009814326,187.64873713728954,188.5319061279297,52280100,0.0,0.0
2024-05-29 00:00:00-04:00,188.15480064928906,190.7745388343773,188.05556206266323,188.82957458496094,53068000,0.0,0.0
2024-05-30 00:00:00-04:00,189.29598343446253,190.70508365256933,189.16699143181853,189.82191467285156,49889100,0.0,0.0
2024-05-31 00:00:00-04:00,189.9707702687458,191.09210277636024,188.45251367186646,190.77455139160156,75158300,0.0,0.0
2024-06-03 00:00:00-04:00,191.41956102246726,193.49353258818425,191.04248767189634,192.5408935546875,50080500,0.0,0.0
2024-06-04 00:00:00-04:00,193.14619663099631,193.82098571162214,191.54855228534223,192.85842895507812,47471400,0.0,0.0
2024-06-05 00:00:00-04:00,193.90036613096368,195.38885414673365,193.3744349100596,194.36676025390625,54156800,0.0,0.0
2024-06-06 00:00:00-04:00,194.1881317208236,194.99191275531385,192.67979309240934,192.98741149902344,41181800,0.0,0.0
2024-06-07 00:00:00-04:00,193.15613762673084,195.4285713258788,192.65005711175448,195.3789520263672,53103900,0.0,0.0
2024-06-10 00:00:00-04:00,195.3888517006261,195.7857909182053,190.6753063763642,191.6378631591797,97010200,0.0,0.0
2024-06-11 00:00:00-04:00,192.16377479587797,205.57009834825277,192.14393919328205,205.56016540527344,172373300,0.0,0.0
2024-06-12 00:00:00-04:00,205.77850209290926,218.51003809526938,205.3121079690946,211.4347686767578,198134300,0.0,0.0
2024-06-13 00:00:00-04:00,213.09194207290335,215.08651049080893,209.97604121171418,212.5957794189453,97862700,0.0,0.0
2024-06-14 00:00:00-04:00,212.20878551515116,213.5186471242216,209.67835280423736,210.85922241210938,70122700,0.0,0.0
2024-06-17 00:00:00-04:00,211.7324642876032,217.26964179829142,211.08745883873982,215.00714111328125,93728300,0.0,0.0
2024-06-18 00:00:00-04:00,215.92007781385274,216.95210469802018,211.36530791117931,212.64540100097656,79943300,0.0,0.0
2024-06-20 00:00:00-04:00,212.28815296354617,212.59578653831548,207.24715355520107,208.07077026367188,86172500,0.0,0.0
2024-06-21 00:00:00-04:00,208.77533580800622,210.26382387597764,205.5205097773767,205.89759826660156,241805100,0.0,0.0
2024-06-24 00:00:00-04:00,206.12582769938734,211.06760381745957,205.00449518251241,206.5426025390625,80727000,0.0,0.0
2024-06-25 00:00:00-04:00,207.54484206411715,209.75773850908567,207.0089930344414,207.46546936035156,55549700,0.0,0.0
2024-06-26 00:00:00-04:00,209.87680350658064,213.21101716086312,209.02340313251779,211.61337280273438,66213200,0.0,0.0
2024-06-27 00:00:00-04:00,213.04233172557286,214.0842763709762,210.7202940415425,212.4568634033203,49772700,0.0,0.0
2024-06-28 00:00:00-04:00,214.1140398112984,214.41174043740799,208.68601906723538,209.00355529785156,82542700,0.0,0.0
2024-07-01 00:00:00-04:00,210.46227761796723,215.84067914098924,210.29358412725625,215.08651733398438,60402900,0.0,0.0
2024-07-02 00:00:00-04:00,214.4911377013164,218.68868521261126,213.44920810314017,218.57952880859375,58046200,0.0,0.0
2024-07-03 00:00:00-04:00,218.31157833867707,219.8496856689453,217.34902153194005,219.8496856689453,37369800,0.0,0.0
2024-07-05 00:00:00-04:00,219.9489270685169,224.71209219476,219.9489270685169,224.60293579101562,60412400,0.0,0.0
2024-07-08 00:00:00-04:00,225.34715532852172,226.1013322692385,221.53662969916704,226.07156372070312,59085900,0.0,0.0
2024-07-09 00:00:00-04:00,226.18069804264906,227.63941744293055,224.63267299949706,226.92494201660156,48076100,0.0,0.0
2024-07-10 00:00:00-04:00,227.54020555015646,231.29119415797783,227.49058625437067,231.19195556640625,62627700,0.0,0.0
2024-07-11 00:00:00-04:00,229.61417679228308,230.6065022056456,224.0373128145247,225.82350158691406,64710600,0.0,0.0
2024-07-12 00:00:00-04:00,227.16311346469493,230.8545649156238,226.92494993371525,228.7706756591797,53046500,0.0,0.0
2024-07-15 00:00:00-04:00,234.66509753137677,235.409341553401,231.30111515749465,232.60105895996094,62631300,0.0,0.0
2024-07-16 00:00:00-04:00,233.19644881294397,234.4567062015191,230.54694204130521,233.01783752441406,43234300,0.0,0.0
2024-07-17 00:00:00-04:00,227.68904591405493,229.6836295353235,224.9006141352506,227.12342834472656,57345900,0.0,0.0
2024-07-18 00:00:00-04:00,228.51267855827928,228.67145424701283,220.56415801938329,222.45948791503906,66034600,0.0,0.0
2024-07-19 00:00:00-04:00,223.09461189863717,225.05941202320642,221.56642224710646,222.58851623535156,49151500,0.0,0.0
2024-07-22 00:00:00-04:00,225.26779139889447,226.03188622300922,221.3778775132773,222.2412109375,48201800,0.0,0.0
2024-07-23 00:00:00-04:00,222.64803919770813,225.19832267550643,220.97100689389265,223.2831268310547,39960300,0.0,0.0
2024-07-24 00:00:00-04:00,222.280880842846,223.0747441599071,215.46361045876344,216.86277770996094,61777600,0.0,0.0
2024-07-25 00:00:00-04:00,217.24978234747041,219.15506035064124,212.97286249707204,215.8208465576172,51391200,0.0,0.0
2024-07-26 00:00:00-04:00,217.02155779536062,217.80550332568987,214.35220009781358,216.28724670410156,41601300,0.0,0.0
2024-07-29 00:00:00-04:00,215.29493390237633,217.61697179557376,214.0942134588753,216.5651092529297,36311800,0.0,0.0
2024-07-30 00:00:00-04:00,217.50781013919521,218.63906050664175,214.4613638470993,217.1208038330078,41643800,0.0,0.0
2024-07-31 00:00:00-04:00,219.7405227481965,222.10226187087767,218.93674165630796,220.3756103515625,50036300,0.0,0.0
2024-08-01 00:00:00-04:00,222.64802807062824,222.7571844619209,215.35444602521784,216.6841583251953,62501000,0.0,0.0
2024-08-02 00:00:00-04:00,217.46808032420208,223.86859053089324,216.03914463167754,218.17263793945312,105568600,0.0,0.0
2024-08-05 00:00:00-04:00,197.56204548052773,211.8614570593827,194.49576385779395,207.66392517089844,119548600,0.0,0.0
2024-08-06 00:00:00-04:00,203.72439154098564,208.3783997216886,199.52685967053256,205.6395721435547,69660500,0.0,0.0
2024-08-07 00:00:00-04:00,205.31211338628992,212.00039184379946,204.80603289763474,208.209716796875,63516400,0.0,0.0
2024-08-08 00:00:00-04:00,211.4744658055274,212.55609685346144,207.22731432081122,211.6729278564453,47161100,0.0,0.0
2024-08-09 00:00:00-04:00,210.47221789303094,215.11629337558463,210.3432107490655,214.5804443359375,42201600,0.0,0.0
2024-08-12 00:00:00-04:00,214.65991863613397,218.07745621052726,214.19298467780987,216.11038208007812,38028100,0.25,0.0
2024-08-13 00:00:00-04:00,217.58072790378117,220.44193777769505,217.58072790378117,219.82598876953125,44155300,0.0,0.0
2024-08-14 00:00:00-04:00,219.13055181670978,221.5744891931242,218.2662191901357,220.27304077148438,41960600,0.0,0.0
2024-08-15 00:00:00-04:00,223.1342364732981,223.87934187315213,221.30623303799138,223.25344848632812,46414000,0.0,0.0
2024-08-16 00:00:00-04:00,222.45869413327577,225.34970708383625,222.19045191126241,224.57479858398438,44340200,0.0,0.0
2024-08-19 00:00:00-04:00,224.24692851790377,224.51517071380414,221.5844105997713,224.4158172607422,40687800,0.0,0.0
2024-08-20 00:00:00-04:00,224.2966078109087,225.68746521443902,223.97868888483964,225.03176879882812,30299000,0.0,0.0
2024-08-21 00:00:00-04:00,225.04174306182065,226.49220666639903,223.58133501497932,224.92251586914062,34765500,0.0,0.0
2024-08-22 00:00:00-04:00,226.30341677619586,226.84983046212884,222.43880384726458,223.064697265625,43695300,0.0,0.0
2024-08-23 00:00:00-04:00,224.18732719786422,226.7306179936649,222.8660050723941,225.359619140625,38677300,0.0,0.0
2024-08-26 00:00:00-04:00,225.28016094798537,225.79677167752968,222.42889539152742,225.69741821289062,30602200,0.0,0.0
2024-08-27 00:00:00-04:00,224.52511915345738,227.35652605602343,223.4223624308928,226.5418701171875,35934600,0.0,0.0
2024-08-28 00:00:00-04:00,226.43259292076607,228.35993491185639,224.20720569696516,225.01193237304688,38052200,0.0,0.0
2024-08-29 00:00:00-04:00,228.59837969678284,231.3999685703833,227.38634017099784,228.29039001464844,51906300,0.0,0.0
2024-08-30 00:00:00-04:00,228.68777538921813,228.89639643358683,225.99545426270925,227.5055389404297,52990800,0.0,0.0
2024-09-03 00:00:00-04:00,227.05848641015993,227.50554667965343,219.72664341730942,221.3162078857422,50190600,0.0,0.0
2024-09-04 00:00:00-04:00,220.2134333758585,220.33264539565292,216.06070449558098,219.40872192382812,43840200,0.0,0.0
2024-09-05 00:00:00-04:00,220.1836359939166,224.00850159902006,220.07435325324454,220.92874145507812,36615400,0.0,0.0
2024-09-06 00:00:00-04:00,222.48850009081283,223.77009004470926,218.33578603187902,219.37893676757812,48423000,0.0,0.0
2024-09-09 00:00:00-04:00,219.37894424631622,219.82600453136772,215.29576534565257,219.46835327148438,67180000,0.0,0.0
2024-09-10 00:00:00-04:00,217.49131703149231,220.03460793809228,215.31560663834654,218.67355346679688,51591000,0.0,0.0
2024-09-11 00:00:00-04:00,220.01475867053273,221.63411098197892,216.4680492147489,221.20692443847656,44587100,0.0,0.0
2024-09-12 00:00:00-04:00,221.04796566036197,222.09111639532034,218.38546260882887,221.3162078857422,37455600,0.0,0.0
2024-09-13 00:00:00-04:00,222.12091208096655,222.57790161811045,220.46181236980377,221.04795837402344,36766600,0.0,0.0
2024-09-16 00:00:00-04:00,215.126845002842,215.80241517960704,212.52394807405793,214.90829467773438,59357400,0.0,0.0
2024-09-17 00:00:00-04:00,214.34200737227792,215.48449636527135,213.10016491936787,215.37521362304688,45519300,0.0,0.0
2024-09-18 00:00:00-04:00,216.1302484418979,221.2565773677011,216.12030400107497,219.249755859375,59894900,0.0,0.0
2024-09-19 00:00:00-04:00,223.52170475455895,228.32018565098164,223.16405353373213,227.37637329101562,66781300,0.0,0.0
2024-09-20 00:00:00-04:00,228.46920754640476,231.56884144729943,226.1345376792504,226.71075439453125,318679900,0.0,0.0
2024-09-23 00:00:00-04:00,225.8563676699032,227.95259834339626,224.33635371548323,224.99205017089844,54146000,0.0,0.0
2024-09-24 00:00:00-04:00,227.15783023434298,227.8532741806864,224.2568878942957,225.8861846923828,43556100,0.0,0.0
2024-09-25 00:00:00-04:00,223.462095237407,225.80669443859438,222.55804543582803,224.8927001953125,42308700,0.0,0.0
2024-09-26 00:00:00-04:00,225.81662129607273,227.00878694842402,223.93895622483703,226.03518676757812,36636700,0.0,0.0
2024-09-27 00:00:00-04:00,226.96904659349977,228.0221264682928,225.81661326820586,226.30340576171875,34026000,0.0,0.0
2024-09-30 00:00:00-04:00,228.5387415800987,231.47943115234375,228.1512873446241,231.47943115234375,54541900,0.0,0.0
2024-10-01 00:00:00-04:00,228.02214574584622,228.15128705136544,222.2798675150603,224.73374938964844,63285000,0.0,0.0
2024-10-02 00:00:00-04:00,224.41581191372453,225.8861489969152,221.56454675744345,225.3000030517578,32880600,0.0,0.0
2024-10-03 00:00:00-04:00,223.67072564154154,225.3298253274289,221.8626109260752,224.197265625,34044200,0.0,0.0
2024-10-04 00:00:00-04:00,226.41272812222596,226.5120815901165,222.66734189828435,225.31991577148438,37245100,0.0,0.0
2024-10-07 00:00:00-04:00,223.0349151567562,224.2171516536621,219.8856043654075,220.24325561523438,39505400,0.0,0.0
2024-10-08 00:00:00-04:00,222.83620769655573,224.5052366387564,221.79305702807565,224.29661560058594,31855700,0.0,0.0
2024-10-09 00:00:00-04:00,223.76015205132026,228.25065892191472,223.36276850208282,228.04202270507812,33591100,0.0,0.0
2024-10-10 00:00:00-04:00,226.2934858996686,228.00226223679437,225.68746620848788,227.54525756835938,28183500,0.0,0.0
2024-10-11 00:00:00-04:00,227.80358186995707,227.91286461183438,225.85636623992795,226.06500244140625,31759200,0.0,0.0
2024-10-14 00:00:00-04:00,227.2075041009655,230.21772915238438,227.1081657950345,229.79054260253906,39882100,0.0,0.0
2024-10-15 00:00:00-04:00,232.08545910083197,235.9401430278398,230.85354589755886,232.3238983154297,64751400,0.0,0.0
2024-10-16 00:00:00-04:00,230.0885464878877,230.60514196799298,228.34002283458457,230.26736450195312,34082200,0.0,0.0
2024-10-17 00:00:00-04:00,231.9066247344228,232.3238971476739,229.0156269629083,230.63497924804688,32993800,0.0,0.0
2024-10-18 00:00:00-04:00,234.6386615701971,234.6386615701971,232.4828249974097,233.46636962890625,46431500,0.0,0.0
2024-10-21 00:00:00-04:00,232.91995571367772,235.3043021987925,232.91995571367772,234.93670654296875,36254500,0.0,0.0
2024-10-22 00:00:00-04:00,232.36365560029242,234.67845206201412,231.0820806870945,234.32080078125,38846600,0.0,0.0
2024-10-23 00:00:00-04:00,232.55238437433343,233.60546433739609,226.27362172475395,229.25404357910156,52287000,0.0,0.0
2024-10-24 00:00:00-04:00,228.4791312160334,229.31366084202813,226.91938502162782,229.06529235839844,31109500,0.0,0.0
2024-10-25 00:00:00-04:00,228.24072625952675,231.69801159617745,228.07183749564092,229.8998260498047,38802300,0.0,0.0
2024-10-28 00:00:00-04:00,231.7973512193415,233.19813797949908,231.032372026897,231.87681579589844,36087100,0.0,0.0
2024-10-29 00:00:00-04:00,231.57877779482254,232.80074647701065,230.80386934668286,232.14505004882812,35417200,0.0,0.0
2024-10-30 00:00:00-04:00,231.09197226998216,231.94636045913163,228.05194445904854,228.59835815429688,47070900,0.0,0.0
2024-10-31 00:00:00-04:00,227.84332326136388,228.33013097812315,223.89923027313517,224.4357147216797,64370100,0.0,0.0
2024-11-01 00:00:00-04:00,219.52796489927013,223.87938614586878,218.83253608705854,221.45530700683594,65276700,0.0,0.0
2024-11-04 00:00:00-05:00,219.5478246614517,221.33606573362852,218.27617915451208,220.5611572265625,44944500,0.0,0.0
2024-11-05 00:00:00-05:00,220.35251908634842,222.4884819564664,219.6968226591573,221.9917449951172,28111300,0.0,0.0
2024-11-06 00:00:00-05:00,221.15724252476647,224.5946691536601,219.74651129717958,221.2665252685547,54561100,0.0,0.0
2024-11-07 00:00:00-05:00,223.16404611393824,226.39283627600352,223.1044401056504,225.9954376220703,42137700,0.0,0.0
2024-11-08 00:00:00-05:00,225.9357792784742,227.4176895436531,225.17991383614745,225.7269287109375,38328800,0.25,0.0
2024-11-11 00:00:00-05:00,223.7775854012113,224.47377929839286,220.29660073941466,223.0117645263672,42005600,0.0,0.0
2024-11-12 00:00:00-05:00,223.33003326558662,224.36437631627228,222.14649605243358,223.0117645263672,40398300,0.0,0.0
2024-11-13 00:00:00-05:00,222.79294167641658,225.4185978724207,221.54973296285615,223.89691162109375,48566200,0.0,0.0
2024-11-14 00:00:00-05:00,223.7974607959322,227.62653447284012,223.77756520755418,226.98007202148438,44923900,0.0,0.0
2024-11-15 00:00:00-05:00,225.1699449930133,225.6871240415238,223.05152776948486,223.77755737304688,47923700,0.0,0.0
2024-11-18 00:00:00-05:00,224.02620376766677,228.49181480220403,223.94663659117114,226.78115844726562,44633700,0.0,0.0
2024-11-19 00:00:00-05:00,225.74680903538962,228.90953992555222,225.4285554930197,227.0397491455078,36211800,0.0,0.0
2024-11-20 00:00:00-05:00,226.82093350733243,228.68076882556113,224.66272507245372,227.75582885742188,35169600,0.0,0.0
2024-11-21 00:00:00-05:00,227.63648708983084,228.9095315645878,224.48371169719937,227.2784423828125,42108300,0.0,0.0
2024-11-22 00:00:00-05:00,226.82094518602503,229.46649702017746,226.82094518602503,228.62110900878906,38168300,0.0,0.0
2024-11-25 00:00:00-05:00,230.2024695182051,231.982737654973,228.4918131754458,231.60479736328125,90152800,0.0,0.0
2024-11-26 00:00:00-05:00,232.06231657216094,234.29015208323423,232.06231657216094,233.7829132080078,45986200,0.0,0.0
2024-11-27 00:00:00-05:00,233.19613315216662,234.4095061449918,232.53971526898803,233.65362548828125,33498400,0.0,0.0
2024-11-29 00:00:00-05:00,233.53426018813377,236.51796100091357,232.69882760276832,236.0405731201172,28481400,0.0,0.0
2024-12-02 00:00:00-05:00,235.98089694287458,239.4817615684827,235.8714939748314,238.2882843017578,48137100,0.0,0.0
2024-12-03 00:00:00-05:00,238.50711361537608,241.441083276618,237.60205398884364,241.33168029785156,38861000,0.0,0.0
2024-12-04 00:00:00-05:00,241.55047375645148,242.78374225546824,239.9392801306149,241.68971252441406,44383900,0.0,0.0
2024-12-05 00:00:00-05:00,242.6644095132275,243.21140922639395,240.81451427308068,241.7195587158203,40033900,0.0,0.0
2024-12-06 00:00:00-05:00,241.5902721155965,243.3009285590703,240.76477968960373,241.52064514160156,36870600,0.0,0.0
2024-12-09 00:00:00-05:00,240.51612576959502,245.89673657618508,240.43655859300793,245.40939331054688,44649200,0.0,0.0
2024-12-10 00:00:00-05:00,245.54865007065558,246.861485816723,244.0070681600661,246.4238739013672,36914800,0.0,0.0
2024-12-11 00:00:00-05:00,246.61283253090062,249.43739908317045,244.92205654138039,245.15081787109375,45205800,0.0,0.0
2024-12-12 00:00:00-05:00,245.54865996903848,247.388615093895,244.3452271532981,246.61285400390625,32777500,0.0,0.0
2024-12-13 00:00:00-05:00,246.47359279661413,247.9355922748061,244.90217516923994,246.7819061279297,33155300,0.0,0.0
2024-12-16 00:00:00-05:00,246.6426692963963,250.01425073054844,246.3045049916291,249.67608642578125,51694800,0.0,0.0
2024-12-17 00:00:00-05:00,248.72130738305802,252.45093348613432,248.42293425963442,252.1028289794922,51356400,0.0,0.0
2024-12-18 00:00:00-05:00,250.79000225751088,252.89847930582897,246.39401822090946,246.70233154296875,56774100,0.0,0.0
2024-12-19 00:00:00-05:00,246.15532490458142,250.6308762664829,245.7475488049507,248.43287658691406,60882300,0.0,0.0
2024-12-20 00:00:00-05:00,246.69239156062656,253.6145845456153,244.35516822034685,253.10736083984375,147495300,0.0,0.0
2024-12-23 00:00:00-05:00,253.38584941381717,254.2610580907384,252.07301363460223,253.8831329345703,40858800,0.0,0.0
2024-12-24 00:00:00-05:00,254.10189725758943,256.80710520536127,253.90297174117552,256.79718017578125,23234700,0.0,0.0
2024-12-26 00:00:00-05:00,256.7872242633273,258.6868506395932,256.2302692406472,257.6127014160156,27237100,0.0,0.0
2024-12-27 00:00:00-05:00,256.42919055718573,257.29448932345014,251.68511699924173,254.2013702392578,42355300,0.0,0.0
2024-12-30 00:00:00-05:00,250.85962400320443,252.1227283114492,249.38766912858338,250.8297882080078,35557500,0.0,0.0
2024-12-31 00:00:00-05:00,251.0684930674946,251.90392569582917,248.07483671879714,249.05946350097656,39480700,0.0,0.0
2025-01-02 00:00:00-05:00,247.57756417344766,247.74665392379396,240.5062071395791,242.52517700195312,55740700,0.0,0.0
2025-01-03 00:00:00-05:00,242.03782653808594,242.85336358935695,240.5758118291158,242.03782653808594,40244100,0.0,0.0
2025-01-06 00:00:00-05:00,242.98266113735735,245.98625772407811,241.87869116125097,243.66891479492188,45045600,0.0,0.0
2025-01-07 00:00:00-05:00,241.6598944370817,244.21593900697974,240.03876048613398,240.8940887451172,40856000,0.0,0.0
2025-01-08 00:00:00-05:00,240.6056476428208,242.38593107741448,238.74581220273618,241.38140869140625,37628900,0.0,0.0
2025-01-10 00:00:00-05:00,238.70602211575698,238.85521627248303,231.73411285331812,235.56320190429688,61710900,0.0,0.0
2025-01-13 00:00:00-05:00,232.26124214226888,233.39504797306242,228.4719441071402,233.1265106201172,49630700,0.0,0.0
2025-01-14 00:00:00-05:00,233.47458784982285,234.83713969366363,231.2069764534674,232.0125732421875,39435300,0.0,0.0
2025-01-15 00:00:00-05:00,233.36518970349533,237.66172623332486,233.15632396556444,236.57763671875,39832000,0.0,0.0
2025-01-16 00:00:00-05:00,236.06049286491137,236.71689557722044,226.79112077355302,227.01986694335938,71759100,0.0,0.0
2025-01-17 00:00:00-05:00,230.85888730040747,231.0279618693864,227.2386640256131,228.7305145263672,68488300,0.0,0.0
2025-01-21 00:00:00-05:00,222.783001089375,223.20071739531107,218.1881065481907,221.43038940429688,98070400,0.0,0.0
2025-01-22 00:00:00-05:00,218.59586314481808,222.90233985709415,218.59586314481808,222.61392211914062,64126500,0.0,0.0
2025-01-23 00:00:00-05:00,223.51900422998196,225.79655609657794,221.09225820038625,222.4448699951172,60234800,0.0,0.0
2025-01-24 00:00:00-05:00,223.55875977197638,224.4041477572621,220.2070739772995,221.5696258544922,54697900,0.0,0.0
2025-01-27 00:00:00-05:00,222.80290778981754,230.888727332658,222.76311661057002,228.61117553710938,94863400,0.0,0.0
2025-01-28 00:00:00-05:00,229.5957855991,238.88503723433337,229.55599442275542,236.96551513671875,75707600,0.0,0.0
2025-01-29 00:00:00-05:00,232.84801856891494,238.55683854812662,232.73861559310797,238.05955505371094,45486100,0.0,0.0
2025-01-30 00:00:00-05:00,237.37329797187644,239.48177510143526,235.9212386876704,236.29916381835938,55658300,0.0,0.0
2025-01-31 00:00:00-05:00,245.8470107317681,245.8470107317681,232.1717149504871,234.71780395507812,100959800,0.0,0.0
2025-02-03 00:00:00-05:00,228.74047863837345,230.5704783469237,224.47377754488917,226.77122497558594,73063300,0.0,0.0
2025-02-04 00:00:00-05:00,226.0153670030395,231.8634262398647,225.4186206897715,231.53521728515625,45067300,0.0,0.0
2025-02-05 00:00:00-05:00,227.28840417126338,231.40591110501148,227.02982220448578,231.20700073242188,39620300,0.0,0.0
2025-02-06 00:00:00-05:00,230.03338922164468,232.5297620441898,229.17806101517482,231.95291137695312,29925300,0.0,0.0
2025-02-07 00:00:00-05:00,231.33629458433444,232.72868233994458,226.02529517161955,226.39329528808594,39707200,0.0,0.0
2025-02-10 00:00:00-05:00,228.57377553913867,229.58933825388894,226.21404995469493,226.66209411621094,33115600,0.25,0.0
2025-02-11 00:00:00-05:00,227.20971719471092,234.2092091135714,227.1400288616486,231.61053466796875,53718400,0.0,0.0
2025-02-12 00:00:00-05:00,230.19669384296432,235.9317077791751,229.67894615315132,235.8420867919922,45243300,0.0,0.0
2025-02-13 00:00:00-05:00,235.8819260401158,241.28835511000761,234.54774465400956,240.48187255859375,53614100,0.0,0.0
2025-02-14 00:00:00-05:00,240.203075232316,244.48441805735465,239.9442089936196,243.53854370117188,40896200,0.0,0.0
2025-02-18 00:00:00-05:00,243.0905000064508,244.11602908498713,240.7905267294893,243.40911865234375,48822500,0.0,0.0
2025-02-19 00:00:00-05:00,243.5982928571997,244.94242536854557,242.10480216065562,243.807373046875,32204200,0.0,0.0
2025-02-20 00:00:00-05:00,243.87709210808563,245.7091038330044,243.2299036494767,244.7632293701172,32316900,0.0,0.0
2025-02-21 00:00:00-05:00,244.88267886995578,247.6107939080121,244.155851012499,244.4844207763672,53197400,0.0,0.0
2025-02-24 00:00:00-05:00,243.86711335623195,247.7800669312537,243.3593319822528,246.0277099609375,51326400,0.0,0.0
2025-02-25 00:00:00-05:00,246.92381259977986,248.91513366913293,243.84722519384715,245.9679718017578,48013300,0.0,0.0
2025-02-26 00:00:00-05:00,243.26972892021308,243.91690216055417,238.0922974197643,239.31695556640625,44433600,0.0,0.0
2025-02-27 00:00:00-05:00,238.3710773588995,241.4078448384303,236.0312691715791,236.27023315429688,41153600,0.0,0.0
2025-02-28 00:00:00-05:00,235.92174819400608,241.03944246427386,229.2010399398617,240.79052734375,56833400,0.0,0.0
2025-03-03 00:00:00-05:00,240.74073286620586,242.97101773746803,235.0853888180174,236.99705505371094,47184000,0.0,0.0
2025-03-04 00:00:00-05:00,236.6784633674393,239.02822274747484,233.6615980851158,234.9061737060547,53798100,0.0,0.0
2025-03-05 00:00:00-05:00,234.3983766092207,235.5234777567522,228.23523611666363,234.7169952392578,47227600,0.0,0.0
2025-03-06 00:00:00-05:00,233.42263965762712,236.82779659290307,232.14819548977783,234.30877685546875,45170400,0.0,0.0
2025-03-07 00:00:00-05:00,234.08974000390756,240.32256924437755,233.74125275300776,238.03256225585938,46273600,0.0,0.0
2025-03-10 00:00:00-04:00,234.5178647329352,235.13518456664028,223.24699590534985,226.4928436279297,72071200,0.0,0.0
2025-03-11 00:00:00-04:00,222.8387656202518,224.8599551431671,216.50636447278404,219.88165283203125,76137400,0.0,0.0
2025-03-12 00:00:00-04:00,219.18469713036333,220.78771110845915,213.9773970817033,216.0384063720703,62547500,0.0,0.0
2025-03-13 00:00:00-04:00,215.01287598245443,215.899013195213,207.51555384047248,208.77008056640625,61368300,0.0,0.0
2025-03-14 00:00:00-04:00,210.3332680009786,213.02154815111564,208.67051688888432,212.5635528564453,60107600,0.0,0.0
2025-03-17 00:00:00-04:00,212.3843419118567,214.28605714072168,209.0588394397278,213.07135009765625,48073400,0.0,0.0
2025-03-18 00:00:00-04:00,213.23066628615402,214.2163605039484,210.57225445008928,211.7670440673828,42432400,0.0,0.0
2025-03-19 00:00:00-04:00,213.29037609854922,217.81066771448715,212.82241448637808,214.3059539794922,54385400,0.0,0.0
2025-03-20 00:00:00-04:00,213.0614056873257,216.54621759798974,211.29908226715483,213.17092895507812,48862900,0.0,0.0
2025-03-21 00:00:00-04:00,210.6419412957371,217.8903488075446,210.36315756009637,217.3228302001953,94127800,0.0,0.0
2025-03-24 00:00:00-04:00,220.04097309502072,220.5188858867363,217.63147647971348,219.7721405029297,44299500,0.0,0.0
2025-03-25 00:00:00-04:00,219.81198848707382,223.1275400112128,219.12498026235477,222.779052734375,34493600,0.0,0.0
2025-03-26 00:00:00-04:00,222.5400680439697,224.04352508950674,219.51326687455483,220.56866455078125,34466100,0.0,0.0
2025-03-27 00:00:00-04:00,220.4292696466093,224.0136533961419,219.6028696378956,222.87860107421875,37094800,0.0,0.0
2025-03-28 00:00:00-04:00,220.7080664246457,222.8387793372666,216.73537546649092,216.9544219970703,39818600,0.0,0.0
2025-03-31 00:00:00-04:00,216.0682695484103,224.6409066608951,215.29165561007284,221.1660614013672,65299300,0.0,0.0
2025-04-01 00:00:00-04:00,218.85614379144315,222.70934527111467,217.95008904171658,222.2214813232422,36412700,0.0,0.0
2025-04-02 00:00:00-04:00,220.35960203797094,224.2128035366635,220.06090083198967,222.91844177246094,35905900,0.0,0.0
2025-04-03 00:00:00-04:00,204.64803566499702,206.58958563447752,200.37665915579902,202.30824279785156,103419000,0.0,0.0
2025-04-04 00:00:00-04:00,193.0486144227304,199.01262630823254,186.52703508606032,187.56253051757812,125910900,0.0,0.0
2025-04-07 00:00:00-04:00,176.43103817745248,193.30748067285785,173.86223225537526,180.6725616455078,160466300,0.0,0.0
2025-04-08 00:00:00-04:00,185.88979780340043,189.51400113284038,168.4757067407598,171.67176818847656,120859500,0.0,0.0
2025-04-09 00:00:00-04:00,171.20381523449285,199.7394480269994,171.14407803694525,197.98709106445312,184395900,0.0,0.0
2025-04-10 00:00:00-04:00,188.24954112448538,193.93475416517637,182.20587449762067,189.5936737060547,121880000,0.0,0.0
2025-04-11 00:00:00-04:00,185.2924188893916,198.67408279715283,185.2525839628914,197.2901153564453,87435900,0.0,0.0
2025-04-14 00:00:00-04:00,210.52246440005902,212.01595519155484,200.28707539108044,201.64117431640625,101352900,0.0,0.0
2025-04-15 00:00:00-04:00,200.98401841430368,202.62685207462172,198.93296032454862,201.26280212402344,51343900,0.0,0.0
2025-04-16 00:00:00-04:00,197.49920369317184,199.8290454554037,191.53519224238798,193.4269561767578,59732400,0.0,0.0
2025-04-17 00:00:00-04:00,196.34424488667963,197.9671763411939,193.5763099497932,196.1251983642578,52164700,0.0,0.0
2025-04-21 00:00:00-04:00,192.43130060162235,192.958999427942,188.98630873883343,192.32177734375,46742500,0.0,0.0
2025-04-22 00:00:00-04:00,195.26894368988752,200.715208155226,195.1196006832811,198.8732452392578,52976400,0.0,0.0
2025-04-23 00:00:00-04:00,205.10606155750318,207.09738254349836,201.9199510184256,203.71214294433594,52929200,0.0,0.0
2025-04-24 00:00:00-04:00,204.00088023313933,207.92378505310097,202.0593452871763,207.4657745361328,47311000,0.0,0.0
2025-04-25 00:00:00-04:00,205.47445049920006,208.8397878176709,205.30519003897632,208.371826171875,38222300,0.0,0.0
2025-04-28 00:00:00-04:00,209.08871177088434,210.5822025692478,206.55974070372147,209.2281036376953,38743100,0.0,0.0
2025-04-29 00:00:00-04:00,207.78438836336602,211.31898611202763,207.46576971677675,210.29345703125,36827600,0.0,0.0
2025-04-30 00:00:00-04:00,208.39173986928208,212.65316547487808,205.7731479657814,211.57785034179688,52286500,0.0,0.0
2025-05-01 00:00:00-04:00,208.1726964341785,213.62891164873253,207.99346964638974,212.39430236816406,57365700,0.0,0.0
2025-05-02 00:00:00-04:00,205.19567188008233,206.0917754590827,201.2827333487594,204.45889282226562,101010600,0.0,0.0
2025-05-05 00:00:00-04:00,202.21865389928206,203.21431440062256,197.34987465543003,198.02691650390625,69018500,0.0,0.0
2025-05-06 00:00:00-04:00,197.34988881133353,199.77928784710326,196.16505029893813,197.64857482910156,51216500,0.0,0.0
2025-05-07 00:00:00-04:00,198.30570335142838,198.574535944944,192.41139491378883,195.39837646484375,68536700,0.0,0.0
2025-05-08 00:00:00-04:00,196.86199326420865,199.18188402861682,193.83517686729027,196.63299560546875,50478900,0.0,0.0
2025-05-09 00:00:00-04:00,198.1364339272832,199.6697443694255,196.6827629534363,197.66847229003906,36453900,0.0,0.0
2025-05-12 00:00:00-04:00,210.32995926202443,210.6290521628615,206.1227607044075,210.15049743652344,63775800,0.26,0.0
2025-05-13 00:00:00-04:00,209.79158118866218,212.75257189298435,208.36592688565332,212.28399658203125,51909300,0.0,0.0
2025-05-14 00:00:00-04:00,211.78550901932945,213.29093762104833,209.94113079478424,211.68582153320312,49325800,0.0,0.0
2025-05-15 00:00:00-04:00,210.31001909194578,212.31393091132972,208.90429308394448,210.80850219726562,45029500,0.0,0.0
2025-05-16 00:00:00-04:00,211.71573318604425,211.92510277199543,209.1335944967917,210.6190643310547,54737900,0.0,0.0
2025-05-19 00:00:00-04:00,207.27923550566183,208.84446444770495,203.64029993754312,208.14659118652344,46140500,0.0,0.0
2025-05-20 00:00:00-04:00,207.03996203611737,207.83753801206538,204.40797196423648,206.232421875,42496600,0.0,0.0
2025-05-21 00:00:00-04:00,204.5475404614086,206.41186226922272,200.10108001028593,201.4768829345703,59211800,0.0,0.0
2025-05-22 00:00:00-04:00,200.1010626250374,202.13486667390606,199.09411717835945,200.74908447265625,46742400,0.0,0.0
2025-05-23 00:00:00-04:00,193.082445017036,197.1002176461426,192.8730906309023,194.67759704589844,78432900,0.0,0.0
2025-05-27 00:00:00-04:00,197.6983910952664,200.1309909415137,196.83102019804124,199.60260009765625,56288500,0.0,0.0
2025-05-28 00:00:00-04:00,199.98143310081724,202.11494001836002,199.2935240345892,199.81195068359375,45339700,0.0,0.0
2025-05-29 00:00:00-04:00,202.9623758748587,203.19167383577107,197.90775006205254,199.3433837890625,51396800,0.0,0.0
2025-05-30 00:00:00-04:00,198.7651407343476,201.3472946799051,196.18300200128658,200.24066162109375,70819900,0.0,0.0
2025-06-02 00:00:00-04:00,199.67238359256916,201.51677709467234,199.51286535414474,201.08807373046875,35423300,0.0,0.0
2025-06-03 00:00:00-04:00,200.73913195165156,203.1517881077627,200.35031577799097,202.65330505371094,46381600,0.0,0.0
2025-06-04 00:00:00-04:00,202.29440469878628,205.6143037964219,201.48686455307688,202.20468139648438,43604000,0.0,0.0
2025-06-05 00:00:00-04:00,202.88261988754903,204.12882762641604,199.54277706238673,200.02133178710938,55126100,0.0,0.0
2025-06-06 00:00:00-04:00,202.3841235560851,205.07592905349443,201.4370087789868,203.30133056640625,46607700,0.0,0.0
2025-06-09 00:00:00-04:00,203.76991971327615,205.37503589356555,199.4131823149893,200.83883666992188,72862600,0.0,0.0
2025-06-10 00:00:00-04:00,199.9914028593682,203.73002568042446,199.96149509379936,202.05511474609375,54672600,0.0,0.0
2025-06-11 00:00:00-04:00,202.88260699920767,203.8795731269679,197.80805305990708,198.1769256591797,60989900,0.0,0.0
2025-06-12 00:00:00-04:00,198.47602627663701,199.07419684911244,196.7612432530472,198.5956573486328,43904600,0.0,0.0
2025-06-13 00:00:00-04:00,199.12405177447246,199.76210952406473,195.1062792678608,195.85400390625,51447300,0.0,0.0
2025-06-16 00:00:00-04:00,196.701426450214,198.08720880439395,195.96366601516638,197.81802368164062,43020700,0.0,0.0
2025-06-17 00:00:00-04:00,196.6017124403596,197.78810453675544,194.61775963167673,195.04644775390625,38856200,0.0,0.0
2025-06-18 00:00:00-04:00,195.34553910938874,196.97059871241268,194.4781834746436,195.9835968017578,45394700,0.0,0.0
2025-06-20 00:00:00-04:00,197.63856158511533,201.08805571006383,196.26274352386682,200.3901824951172,96813500,0.0,0.0
2025-06-23 00:00:00-04:00,201.01829760639046,201.68626312768808,198.35639970659372,200.88868713378906,55814300,0.0,0.0
2025-06-24 00:00:00-04:00,201.97536755465325,202.8227948624406,199.59261907789957,199.69232177734375,54064000,0.0,0.0
2025-06-25 00:00:00-04:00,200.83883469818846,203.05210084338043,200.01135094007643,200.94850158691406,39525700,0.0,0.0
2025-06-26 00:00:00-04:00,200.81887060840756,202.0252062612044,198.85486142223453,200.3901824951172,50799100,0.0,0.0
2025-06-27 00:00:00-04:00,201.2774955925489,202.60346239871808,199.39323017588663,200.46995544433594,73188600,0.0,0.0
2025-06-30 00:00:00-04:00,201.39712965217615,206.7608124915243,198.6554726965608,204.54754638671875,91912800,0.0,0.0
2025-07-01 00:00:00-04:00,206.04299395149746,209.55231908550664,205.51460310500556,207.18951416015625,78788900,0.0,0.0
2025-07-02 00:00:00-04:00,208.2761972389462,212.69274987948137,207.5085290616707,211.7954864501953,67941800,0.0,0.0
2025-07-03 00:00:00-04:00,211.5063683517463,213.9987837940836,211.16740350258758,212.90213012695312,34955800,0.0,0.0
2025-07-07 00:00:00-04:00,212.03474730839852,215.57398008038285,208.16652910348648,209.3130340576172,50229000,0.0,0.0
2025-07-08 00:00:00-04:00,209.46260228799343,210.78855393169587,207.8175989494771,209.37286376953125,42848900,0.0,0.0
2025-07-09 00:00:00-04:00,208.8943192909964,210.6888614301138,206.59132988433592,210.4994354248047,48749400,0.0,0.0
2025-07-10 00:00:00-04:00,209.87133445003573,212.83232507172787,209.39279496736208,211.7655792236328,44443600,0.0,0.0
2025-07-11 00:00:00-04:00,209.93115706069412,211.48642172848318,209.22330444266433,210.5193634033203,39765800,0.0,0.0
2025-07-14 00:00:00-04:00,209.29309904361602,210.27013683517245,206.91035052542594,207.98707580566406,38840100,0.0,0.0
2025-07-15 00:00:00-04:00,208.5852680860029,211.2471659954246,208.2861751856472,208.47560119628906,42296300,0.0,0.0
2025-07-16 00:00:00-04:00,209.66198981724762,211.7556096589697,208.0070223143888,209.5224151611328,47490500,0.0,0.0
2025-07-17 00:00:00-04:00,209.93116216460888,211.15742622671814,208.95412441878605,209.38282775878906,48068100,0.0,0.0
2025-07-18 00:00:00-04:00,210.23024956462245,211.1474566075158,209.06380098140497,210.539306640625,48974600,0.0,0.0
2025-07-21 00:00:00-04:00,211.45652088357517,215.12534891613055,210.98794558852114,211.83535766601562,51377400,0.0,0.0
2025-07-22 00:00:00-04:00,212.49337032996837,214.29787667610697,211.5861274580158,213.74954223632812,46404100,0.0,0.0
2025-07-23 00:00:00-04:00,214.3477325289176,214.49727137359017,211.76559372759175,213.50030517578125,46989300,0.0,0.0
2025-07-24 00:00:00-04:00,213.25104009789538,215.0356179140754,212.88216751340357,213.11146545410156,46022600,0.0,0.0
2025-07-25 00:00:00-04:00,214.04862920984866,214.58699944946258,212.7525701732737,213.2311248779297,40268800,0.0,0.0
2025-07-28 00:00:00-04:00,213.38067592321022,214.1981955143971,212.41361748607306,213.40061950683594,37858000,0.0,0.0
2025-07-29 00:00:00-04:00,213.53020352524888,214.1582970701604,210.18041185237743,210.62904357910156,51411700,0.0,0.0
2025-07-30 00:00:00-04:00,211.25711581327238,211.74563469104578,207.0898047125579,208.415771484375,45512500,0.0,0.0
2025-07-31 00:00:00-04:00,207.85748415888986,209.20337937318874,206.5315173151756,206.94027709960938,80698400,0.0,0.0
2025-08-01 00:00:00-04:00,210.23025491744008,212.93203997684435,200.88868661623732,201.76602172851562,104434500,0.0,0.0
2025-08-04 00:00:00-04:00,203.8895472057539,207.24933356384108,201.06813110178,202.7330780029297,75109300,0.0,0.0
2025-08-05 00:00:00-04:00,202.78290655256814,204.71702329589334,201.54667827641916,202.3043670654297,44155100,0.0,0.0
2025-08-06 00:00:00-04:00,205.00616501036765,214.72658548105818,204.96627784328447,212.60304260253906,108483100,0.0,0.0
2025-08-07 00:00:00-04:00,218.2159523061407,220.1799768073744,215.92292715514498,219.36245727539062,90224800,0.0,0.0
2025-08-08 00:00:00-04:00,220.16003429974123,230.29917810781973,218.58482597462978,228.65419006347656,113854000,0.0,0.0
2025-08-11 00:00:00-04:00,227.48640043221798,229.12327986736793,224.3324083989562,226.747802734375,61806100,0.26,0.0
2025-08-12 00:00:00-04:00,227.57622481823222,230.36092560837628,226.63802588155738,229.21310424804688,55626200,0.0,0.0
2025-08-13 00:00:00-04:00,230.6304284784954,234.55294488479396,229.99163136972763,232.88612365722656,69878500,0.0,0.0
2025-08-14 00:00:00-04:00,233.6147219132583,234.67270293292236,230.41083714463488,232.337158203125,51916300,0.0,0.0
2025-08-15 00:00:00-04:00,233.5548328767578,233.834298979768,228.9036945156081,231.1494140625,56038700,0.0,0.0
2025-08-18 00:00:00-04:00,231.25921652669462,232.67651332576617,229.672244959047,230.4507598876953,37476200,0.0,0.0
2025-08-19 00:00:00-04:00,230.84001516813981,232.42698672077375,228.9136940815642,230.1213836669922,39402600,0.0,0.0
2025-08-20 00:00:00-04:00,229.54248102593337,230.0315543310328,225.3404986724704,225.5800323486328,42263900,0.0,0.0
2025-08-21 00:00:00-04:00,225.83955683035407,226.08908123987146,223.35428822884654,224.47215270996094,30621200,0.0,0.0
2025-08-22 00:00:00-04:00,225.73973438952316,228.65417758009713,224.98118568943215,227.3267059326172,42477800,0.0,0.0
2025-08-25 00:00:00-04:00,226.04912998143794,228.86377239669042,225.79960559269966,226.72784423828125,30983100,0.0,0.0
2025-08-26 00:00:00-04:00,226.43840339540802,229.0534295301293,224.26255788237486,228.87376403808594,54575100,0.0,0.0
2025-08-27 00:00:00-04:00,228.17510050695543,230.46073738560713,227.82576024347395,230.05152893066406,31259500,0.0,0.0
2025-08-28 00:00:00-04:00,230.3809040856524,232.9659733126178,228.90370861616245,232.11758422851562,38074700,0.0,0.0
2025-08-29 00:00:00-04:00,232.0676707602769,232.9360260407387,230.92984008944924,231.69837951660156,39418400,0.0,0.0
2025-09-02 00:00:00-04:00,228.81388239599917,230.4108447009183,226.53822101083426,229.28298950195312,44075600,0.0,0.0
2025-09-03 00:00:00-04:00,236.75874463665696,238.395624134605,233.9141603097862,238.01634216308594,66427800,0.0,0.0
2025-09-04 00:00:00-04:00,237.99636566705198,239.44360411673358,236.28962732845326,239.32383728027344,47549400,0.0,0.0
2025-09-05 00:00:00-04:00,239.54341659874092,240.86091270031892,238.03629475202086,239.2340087890625,54870400,0.0,0.0
2025-09-08 00:00:00-04:00,238.84475646782593,239.69313028194867,235.89038089866295,237.42745971679688,48999500,0.0,0.0
2025-09-09 00:00:00-04:00,236.54912730927947,238.3257397896772,232.9160527142261,233.9041748046875,66313900,0.0,0.0
2025-09-10 00:00:00-04:00,231.7482872752143,231.97784546194652,225.52015268533836,226.35855102539062,83440800,0.0,0.0
2025-09-11 00:00:00-04:00,226.44839058875493,230.01159113632517,226.21881717306923,229.59239196777344,50208600,0.0,0.0
2025-09-12 00:00:00-04:00,228.78393068206054,234.06386022938602,228.58431421011397,233.6247100830078,55824200,0.0,0.0
2025-09-15 00:00:00-04:00,236.54912714503797,237.7368657054393,234.58287368836292,236.24969482421875,42699500,0.0,0.0
2025-09-16 00:00:00-04:00,236.72878926810645,240.76111223381088,235.87043992435724,237.6969451904297,63421100,0.0,0.0
2025-09-17 00:00:00-04:00,238.5153883976145,239.6432435766681,237.27774187166392,238.5353546142578,46508000,0.0,0.0
2025-09-18 00:00:00-04:00,239.5134800259323,240.74113579799257,236.199788714976,237.42745971679688,44249600,0.0,0.0
2025-09-19 00:00:00-04:00,240.77107799962133,245.83144010441063,239.7530294205925,245.032958984375,163741300,0.0,0.0
2025-09-22 00:00:00-04:00,247.82763635806887,256.15178189089505,247.64797087114997,255.5928192138672,105517400,0.0,0.0
2025-09-23 00:00:00-04:00,255.39322235208516,256.8504363399061,253.0975947938589,253.9459686279297,60275200,0.0,0.0
2025-09-24 00:00:00-04:00,254.73446948849343,255.2534845023776,250.56241362070242,251.8300018310547,42303700,0.0,0.0
2025-09-25 00:00:00-04:00,252.72829161839874,256.6807646844572,251.2311452680336,256.3813171386719,55202100,0.0,0.0
2025-09-26 00:00:00-04:00,253.61660096533106,257.10994249251326,253.2972024297037,254.97401428222656,46076300,0.0,0.0
2025-09-29 00:00:00-04:00,254.0757261912774,254.5148915782133,252.52867184357527,253.9459686279297,40127700,0.0,0.0
2025-09-30 00:00:00-04:00,254.37515755125318,255.4331385813304,252.6284867333586,254.14559936523438,37704300,0.0,0.0
2025-10-01 00:00:00-04:00,254.55481135314994,258.29769267334166,254.44502000530687,254.9640350341797,48713900,0.0,0.0
2025-10-02 00:00:00-04:00,256.09186667190835,257.68882891050583,253.66649683440303,256.6408386230469,42630200,0.0,0.0
2025-10-03 00:00:00-04:00,254.18552630266564,258.7468246365968,253.46689477740222,257.5291442871094,49155600,0.0,0.0
2025-10-06 00:00:00-04:00,257.49917477533796,258.57713717661323,254.56478079871025,256.20166015625,44664100,0.0,0.0
2025-10-07 00:00:00-04:00,256.32145476920215,256.9103287268919,254.94407514023973,255.99209594726562,31955800,0.0,0.0
2025-10-08 00:00:00-04:00,256.03201279963565,258.0282082133661,255.62278908467795,257.569091796875,36496900,0.0,0.0
2025-10-09 00:00:00-04:00,257.3195337882977,257.50917476461467,252.65841993311406,253.55670166015625,38322000,0.0,0.0
2025-10-10 00:00:00-04:00,254.45500785015722,255.8922708493858,243.53581752909898,244.80340576171875,61999100,0.0,0.0
2025-10-13 00:00:00-04:00,248.90558714178317,249.2149949644775,245.09284695690994,247.18885803222656,38142900,0.0,0.0
2025-10-14 00:00:00-04:00,246.13087266264282,248.37659224814226,244.23447809703134,247.29864501953125,35478000,0.0,0.0
2025-10-15 00:00:00-04:00,249.01538540478128,251.3409547309234,246.99922390992754,248.86566162109375,33893600,0.0,0.0
2025-10-16 00:00:00-04:00,247.77774448085987,248.56623493239263,244.66368465033412,246.97926330566406,39777000,0.0,0.0
2025-10-17 00:00:00-04:00,247.5481624372989,252.89796599708643,246.79958926324147,251.81002807617188,49147000,0.0,0.0
2025-10-20 00:00:00-04:00,255.4032084113237,263.87706298772724,255.14370850365398,261.7411193847656,90483000,0.0,0.0
2025-10-21 00:00:00-04:00,261.3817895915523,264.7853058703715,261.3318664386604,262.27008056640625,46695900,0.0,0.0
2025-10-22 00:00:00-04:00,262.15033525743416,262.349966966352,254.94406918261987,257.9583435058594,45015300,0.0,0.0
2025-10-23 00:00:00-04:00,259.4454820834593,260.12418111371363,257.51916110368444,259.0861511230469,32754900,0.0,0.0
2025-10-24 00:00:00-04:00,260.69313376057823,263.62754335723145,258.68694768993146,262.3200378417969,38253700,0.0,0.0
2025-10-27 00:00:00-04:00,264.37609822840903,268.60802232244004,264.1465248140549,268.2986145019531,44888200,0.0,0.0
2025-10-28 00:00:00-04:00,268.4782600095115,269.3765722048576,267.63986169210665,268.4882507324219,41534800,0.0,0.0
2025-10-29 00:00:00-04:00,268.76770579477784,270.8936584399069,266.6018207191691,269.1869201660156,51086700,0.0,0.0
2025-10-30 00:00:00-04:00,271.4725408872279,273.6184749716116,267.969239224885,270.8836669921875,69886500,0.0,0.0
2025-10-31 00:00:00-04:00,276.4630533049319,276.79244258078194,268.647962249571,269.85565185546875,86167100,0.0,0.0
2025-11-03 00:00:00-05:00,269.90556627002525,270.33474092754267,265.74348587775046,268.53814697265625,50194600,0.0,0.0
2025-11-04 00:00:00-05:00,267.8195068636227,270.9734988318123,267.11086611942017,269.5262756347656,49274800,0.0,0.0
2025-11-05 00:00:00-05:00,268.0989800730272,271.18312844251227,266.4221834255846,269.6260986328125,43683100,0.0,0.0
2025-11-06 00:00:00-05:00,267.38037702601645,272.8798740142925,267.38037702601645,269.25677490234375,51204000,0.0,0.0
2025-11-07 00:00:00-05:00,269.28671541495146,271.7719991063764,266.26248096015127,267.9592590332031,48227400,0.0,0.0
2025-11-10 00:00:00-05:00,268.7085692371889,273.4741297822401,267.20997142836535,269.1781311035156,41312400,0.26,0.0
2025-11-11 00:00:00-05:00,269.55775905965567,275.65206242273547,269.5477586519058,274.99267578125,46208300,0.0,0.0
2025-11-12 00:00:00-05:00,274.74292397164845,275.4722525277038,271.4460210796085,273.21435546875,48398000,0.0,0.0
2025-11-13 00:00:00-05:00,273.85374352181776,276.4413491841305,271.83564282199285,272.6948547363281,49602800,0.0,0.0
2025-11-14 00:00:00-05:00,270.7965900477885,275.70200347225597,269.3479639093673,272.15533447265625,47431300,0.0,0.0
2025-11-17 00:00:00-05:00,268.5687054184609,270.2371271729127,265.48159771217263,267.2099609375,45018300,0.0,0.0
2025-11-18 00:00:00-05:00,269.7376065335732,270.4569347049811,265.0719890725528,267.19000244140625,45677300,0.0,0.0
2025-11-19 00:00:00-05:00,265.2817633125939,271.9555110777923,265.2517925781922,268.3089294433594,40424500,0.0,0.0
2025-11-20 00:00:00-05:00,270.5768036466949,275.17250947675234,265.67142054546326,266.0010986328125,45823600,0.0,0.0
2025-11-21 00:00:00-05:00,265.70137680880595,273.0744516711978,265.4216397990326,271.2361755371094,59030800,0.0,0.0
2025-11-24 00:00:00-05:00,270.64675212306133,276.7410558404627,270.64675212306133,275.6620788574219,65585800,0.0,0.0
2025-11-25 00:00:00-05:00,275.012667049666,280.1179060838009,274.9926967216935,276.7110900878906,46914200,0.0,0.0
2025-11-26 00:00:00-05:00,276.70108254872224,279.26868736786383,276.3714044558947,277.29052734375,33431400,0.0,0.0
2025-11-28 00:00:00-05:00,277.0008150112318,278.73917862681736,275.73198274965245,278.5893249511719,20135600,0.0,0.0
2025-12-01 00:00:00-05:00,277.75011957449965,283.1550658399818,275.88187257202503,282.8353576660156,46587700,0.0,0.0
2025-12-02 00:00:00-05:00,282.7354345985028,287.1313151163589,282.36578537497866,285.9224548339844,53669500,0.0,0.0
2025-12-03 00:00:00-05:00,285.9324708384744,288.35019153510143,283.0351573834178,283.8843688964844,43538700,0.0,0.0
2025-12-04 00:00:00-05:00,283.83440686502166,284.46382276925783,278.32954829392816,280.4375915527344,43989100,0.0,0.0
2025-12-05 00:00:00-05:00,280.27774306596746,280.8771882481053,277.79005013345267,278.5193786621094,47265800,0.0,0.0
2025-12-08 00:00:00-05:00,277.86998437615557,279.4085531850005,275.8918244790692,277.6302185058594,38211800,0.0,0.0
2025-12-09 00:00:00-05:00,277.8999627322321,279.7682096639769,276.6611317163261,276.9208679199219,32193300,0.0,0.0
2025-12-10 00:00:00-05:00,277.490342786908,279.48847306800184,276.1815698919154,278.5193786621094,33038300,0.0,0.0
2025-12-11 00:00:00-05:00,278.83908758708685,279.3286197507982,273.5540244422053,277.77008056640625,33248000,0.0,0.0
2025-12-12 00:00:00-05:00,277.64021728323,278.9589906850317,276.5612402656973,278.0198669433594,39532900,0.0,0.0
2025-12-15 00:00:00-05:00,279.8880911943856,279.8880911943856,272.5849275039148,273.8537292480469,50409100,0.0,0.0
2025-12-16 00:00:00-05:00,272.5649667835892,275.2424541197232,271.53593087885605,274.353271484375,37648600,0.0,0.0
2025-12-17 00:00:00-05:00,274.75292651919426,275.90184538512057,271.38608172110213,271.58587646484375,50138700,0.0,0.0
2025-12-18 00:00:00-05:00,273.35420232069225,273.374203136776,266.7004552212896,271.935546875,51630700,0.0,0.0
2025-12-19 00:00:00-05:00,271.8955859651445,274.34330788170604,269.64768928264715,273.4141845703125,144632000,0.0,0.0
2025-12-22 00:00:00-05:00,272.6048920133635,273.62395794129594,270.25711338978425,270.7166748046875,36571800,0.0,0.0
2025-12-23 00:00:00-05:00,270.5868091030317,272.2452609569047,269.30800689497966,272.1053771972656,29642000,0.0,0.0
2025-12-24 00:00:00-05:00,272.085389177814,275.17249671786806,271.9455359163183,273.55401611328125,17910600,0.0,0.0
2025-12-26 00:00:00-05:00,273.9037084592662,275.1125687682936,272.6049054553,273.1444091796875,21521800,0.0,0.0
2025-12-29 00:00:00-05:00,272.4350823114352,274.10350406329195,272.0954038139857,273.50408935546875,23715200,0.0,0.0
2025-12-30 00:00:00-05:00,272.5549704076282,273.82377221524894,272.02546707967076,272.82470703125,22139600,0.0,0.0
2025-12-31 00:00:00-05:00,272.80472532736104,273.42414083736213,271.49595243002375,271.6058349609375,27293600,0.0,0.0
2026-01-02 00:00:00-05:00,272.0054842546519,277.58025431004916,268.7485221479618,270.75665283203125,37838100,0.0,0.0
2026-01-05 00:00:00-05:00,270.38700744645297,271.25618925068443,265.89121426121545,267.0101623535156,45647200,0.0,0.0
2026-01-06 00:00:00-05:00,266.7503924619391,267.2998660934885,261.8749496989937,262.1147155761719,52352100,0.0,0.0
2026-01-07 00:00:00-05:00,262.95395138764474,263.4334831315393,259.56710600115036,260.08660888671875,48309800,0.0,0.0
2026-01-08 00:00:00-05:00,256.7797203952787,259.0476178563403,255.46096229095477,258.7978515625,50419300,0.0,0.0
2026-01-09 00:00:00-05:00,258.8377955175017,259.9667440583015,255.98048371428257,259.1275329589844,39997000,0.0,0.0
2026-01-12 00:00:00-05:00,258.9177364764393,261.05572011368304,256.5599267903311,260.0067138671875,45263800,0.0,0.0
2026-01-13 00:00:00-05:00,258.4781303943212,261.56523797230057,258.148452318208,260.8059387207031,45730800,0.0,0.0
2026-01-14 00:00:00-05:00,259.247418118488,261.57525710051715,256.4700180914029,259.71697998046875,40019400,0.0,0.0
2026-01-15 00:00:00-05:00,260.40631875644857,260.7959687899761,256.8096782083212,257.9685974121094,39388600,0.0,0.0
2026-01-16 00:00:00-05:00,257.6589020182799,258.6579671912775,254.69167723491495,255.29112243652344,72142800,0.0,0.0
2026-01-20 00:00:00-05:00,252.49373739571587,254.55180921698133,243.19244305608962,246.46937561035156,80267500,0.0,0.0
2026-01-21 00:00:00-05:00,248.46750904444812,251.3248360900433,244.9507953165175,247.41848754882812,54641700,0.0,0.0
2026-01-22 00:00:00-05:00,248.96703988447874,250.76536025794266,247.9180183962477,248.1178436279297,39708300,0.0,0.0
2026-01-23 00:00:00-05:00,247.08880782235642,249.17685039145397,244.45126111041233,247.80812072753906,41689000,0.0,0.0
2026-01-26 00:00:00-05:00,251.24490015634893,256.32015295784896,249.5664780183616,255.17123413085938,55969200,0.0,0.0
2026-01-27 00:00:00-05:00,258.92771692213245,261.70511669708895,257.96859246831417,258.0285339355469,49648300,0.0,0.0
2026-01-28 00:00:00-05:00,257.409147241713,258.61800761819165,254.27208306792676,256.2002868652344,41288000,0.0,0.0
2026-01-29 00:00:00-05:00,257.75880668092503,259.4072580677027,254.17216647920577,258.0385437011719,67253000,0.0,0.0
2026-01-30 00:00:00-05:00,254.93144331105526,261.6551472598355,251.94423313215475,259.2374267578125,92443400,0.0,0.0
2026-02-02 00:00:00-05:00,259.7869174093499,270.2371306501278,258.9676766447768,269.7575988769531,73913400,0.0,0.0
2026-02-03 00:00:00-05:00,268.9483513556569,271.6258386480508,267.3598109321867,269.22808837890625,64394700,0.0,0.0
2026-02-04 00:00:00-05:00,272.03545112075,278.68922850453845,272.03545112075,276.23150634765625,90545700,0.0,0.0
2026-02-05 00:00:00-05:00,277.86999494352693,279.2387093202658,272.97458180817284,275.6520690917969,52977400,0.0,0.0
2026-02-06 00:00:00-05:00,276.8609202349588,280.6473855638201,276.67109542368036,277.8599853515625,50453400,0.0,0.0
2026-02-09 00:00:00-05:00,277.9100036621094,278.20001220703125,271.70001220703125,274.6199951171875,44623400,0.26,0.0
2026-02-10 00:00:00-05:00,274.8900146484375,275.3699951171875,272.94000244140625,273.67999267578125,34376900,0.0,0.0
2026-02-11 00:00:00-05:00,274.70001220703125,280.17999267578125,274.45001220703125,275.5,51886900,0.0,0.0
2026-02-12 00:00:00-05:00,275.6000061035156,275.7200012207031,260.17999267578125,261.9649963378906,36286550,0.0,0.0
