Date,Open,High,Low,Close,Volume,Dividends,Stock Splits
2021-02-12 00:00:00-05:00,103.20868656852795,104.1877847485389,102.90100612778934,103.9659652709961,18990000,0.0,0.0
2021-02-16 00:00:00-05:00,103.80318697811768,106.45267031039077,103.80318697811768,104.74358367919922,31004000,0.0,0.0
2021-02-17 00:00:00-05:00,103.91385613661629,105.32618913024353,103.63447293017356,105.1366195678711,20294000,0.0,0.0
2021-02-18 00:00:00-05:00,104.46073764281587,105.30386984623844,103.88160957310559,104.50093078613281,22546000,0.0,0.0
2021-02-19 00:00:00-05:00,104.59917603105531,105.13462765654127,103.39030764472844,103.65728759765625,37938000,0.0,0.0
2021-02-22 00:00:00-05:00,101.9099993387489,103.23647893744953,101.63210028023519,101.9427490234375,29466000,0.0,0.0
2021-02-23 00:00:00-05:00,99.94434439439259,102.84790471803919,98.7652498236748,102.2335433959961,34658000,0.0,0.0
2021-02-24 00:00:00-05:00,100.74081884482054,103.63296773706675,100.61626404849291,103.4091567993164,22608000,0.0,0.0
2021-02-25 00:00:00-05:00,102.0256127941476,103.36896303196635,99.57215061949934,100.0416030883789,41548000,0.0,0.0
2021-02-26 00:00:00-05:00,100.7363652714973,102.05490166561077,99.30021775417421,100.3373794555664,40042000,0.0,0.0
2021-03-01 00:00:00-05:00,101.63210667965502,103.03302091003201,100.95819763423486,102.70698547363281,26060000,0.0,0.0
2021-03-02 00:00:00-05:00,102.46777579992727,103.9515673872358,102.06234608378273,102.44991302490234,25564000,0.0,0.0
2021-03-03 00:00:00-05:00,101.82811444002907,103.02109639925452,98.95233642673433,99.81631469726562,33892000,0.0,0.0
2021-03-04 00:00:00-05:00,99.98801216184687,102.95161985010066,99.51955162533255,100.93386840820312,49216000,0.0,0.0
2021-03-05 00:00:00-05:00,102.28466284780541,104.52026594581169,100.62867233193391,104.06719207763672,53100000,0.0,0.0
2021-03-08 00:00:00-05:00,103.42158052102567,104.89444552557276,99.50764868129858,99.62228393554688,36868000,0.0,0.0
2021-03-09 00:00:00-05:00,101.71893700927107,102.4221200060807,101.01673839596404,101.2529525756836,33920000,0.0,0.0
2021-03-10 00:00:00-05:00,102.29705821128074,102.29705821128074,100.20933239342051,101.04601287841797,27100000,0.0,0.0
2021-03-11 00:00:00-05:00,102.13926584834769,104.77187091897011,102.05142854718905,104.23939514160156,27702000,0.0,0.0
2021-03-12 00:00:00-05:00,103.04194682941647,103.10149446258991,100.85893998678274,101.7313461303711,33818000,0.0,0.0
2021-03-15 00:00:00-04:00,101.48223051757223,101.97897318600187,100.62917885594194,101.9516830444336,26168000,0.0,0.0
2021-03-16 00:00:00-04:00,102.52485435636942,104.89147154660814,102.1923674371934,103.41314697265625,31900000,0.0,0.0
2021-03-17 00:00:00-04:00,102.64791686191691,104.16296639587709,101.4395482280668,103.33026123046875,26382000,0.0,0.0
2021-03-18 00:00:00-04:00,101.64103660304555,102.66182732496598,100.20191310990073,100.3091049194336,31700000,0.0,0.0
2021-03-19 00:00:00-04:00,100.72545519221457,101.08820812478666,99.39549992944659,100.5879898071289,46072000,0.0,0.0
2021-03-22 00:00:00-04:00,100.62124926138284,101.64898371361737,99.94485649895661,100.77310180664062,33536000,0.0,0.0
2021-03-23 00:00:00-04:00,101.23261124865263,102.43155255458386,100.6395958801365,101.30109405517578,28510000,0.0,0.0
2021-03-24 00:00:00-04:00,101.81868694086641,102.6047475271792,100.6892203526668,100.8644027709961,25218000,0.0,0.0
2021-03-25 00:00:00-04:00,100.69169304464262,101.51497081308095,99.05604902007529,100.86091613769531,35616000,0.0,0.0
2021-03-26 00:00:00-04:00,100.82766746682842,101.20481507110642,99.44114060264995,100.4773178100586,27978000,0.0,0.0
2021-03-29 00:00:00-04:00,100.34978722521926,101.6921456617526,99.52055008099022,101.52242279052734,26492000,0.0,0.0
2021-03-30 00:00:00-04:00,101.87922713070152,102.36009090991652,101.04403828817071,101.55616760253906,27312000,0.0,0.0
2021-03-31 00:00:00-04:00,101.94969227085818,103.5307484849651,101.58246421687518,102.35264587402344,42570000,0.0,0.0
2021-04-01 00:00:00-04:00,103.82801379599191,105.98669892569983,103.78732089156456,105.69043731689453,39880000,0.0,0.0
2021-04-05 00:00:00-04:00,106.55242264996384,110.61373952658637,106.45614993329092,110.11599731445312,48510000,0.0,0.0
2021-04-06 00:00:00-04:00,109.7170060552788,110.56460573116816,109.26393216477742,109.63462829589844,35240000,0.0,0.0
2021-04-07 00:00:00-04:00,109.82519791468398,111.3834241955768,109.82519791468398,111.11197662353516,24134000,0.0,0.0
2021-04-08 00:00:00-04:00,112.35109778749995,112.73768033730468,111.30946858743064,111.67768859863281,28664000,0.0,0.0
2021-04-09 00:00:00-04:00,111.43006856726271,112.84586958165409,111.02413150339015,112.6821060180664,26146000,0.0,0.0
2021-04-12 00:00:00-04:00,111.86081786456195,111.99827567762381,110.55567663945638,111.3893814086914,25024000,0.0,0.0
2021-04-13 00:00:00-04:00,111.70546769780287,112.32478873883352,111.31144173231766,111.87617492675781,25682000,0.0,0.0
2021-04-14 00:00:00-04:00,112.52131494179199,112.52131494179199,110.96259662557597,111.2548828125,21002000,0.0,0.0
2021-04-15 00:00:00-04:00,112.24937512425728,113.93910731506152,111.71441568076216,113.40563201904297,29174000,0.0,0.0
2021-04-16 00:00:00-04:00,113.60364566317921,113.85177090924829,112.69451439811739,113.28157806396484,26282000,0.0,0.0
2021-04-19 00:00:00-04:00,112.65779320044837,114.34057420260662,112.65779320044837,113.62944793701172,30290000,0.0,0.0
2021-04-20 00:00:00-04:00,114.01306002753527,114.08799434252937,112.00970292877247,113.09599304199219,22288000,0.0,0.0
2021-04-21 00:00:00-04:00,112.75059219366896,113.14511042002438,111.39929855085491,113.063232421875,23204000,0.0,0.0
2021-04-22 00:00:00-04:00,112.91683621189621,113.58578546454932,111.17599162675704,111.78141784667969,24146000,0.0,0.0
2021-04-23 00:00:00-04:00,112.49997995220494,114.44131306155018,112.21463744660008,114.1341323852539,29066000,0.0,0.0
2021-04-26 00:00:00-04:00,114.36190704701553,115.35490771445889,114.00460611598119,114.63037872314453,32038000,0.0,0.0
2021-04-27 00:00:00-04:00,115.01249127701054,115.05318417666454,113.45078956312143,113.68998718261719,44386000,0.0,0.0
2021-04-28 00:00:00-04:00,118.72792498547076,120.65734705575763,116.77865622813731,117.06747436523438,81106000,0.0,0.0
2021-04-29 00:00:00-04:00,118.56564700649055,119.3065470422006,117.80240903725968,118.7408218383789,41234000,0.0,0.0
2021-04-30 00:00:00-04:00,117.51311042017052,118.19942267241335,116.44815879879016,116.79255676269531,44856000,0.0,0.0
2021-05-03 00:00:00-04:00,117.35877344421958,118.18453498753864,115.89930359845003,116.27545928955078,28242000,0.0,0.0
2021-05-04 00:00:00-04:00,114.81003375695731,115.37774294284415,111.98785888456881,114.47655487060547,44818000,0.0,0.0
2021-05-05 00:00:00-04:00,115.558371229532,115.87447949341325,114.54849975152723,114.87056732177734,26636000,0.0,0.0
2021-05-06 00:00:00-04:00,114.45173268147272,115.99110412597656,113.7922184104356,115.99110412597656,25190000,0.0,0.0
2021-05-07 00:00:00-04:00,117.30814515238436,117.6733817083904,116.42828806274471,116.7146224975586,28898000,0.0,0.0
2021-05-10 00:00:00-04:00,115.5340544612841,115.67598742632394,113.37040211218113,113.72820281982422,30914000,0.0,0.0
2021-05-11 00:00:00-04:00,111.31246512837205,113.15900979976799,110.85839167705417,112.65184020996094,34186000,0.0,0.0
2021-05-12 00:00:00-04:00,110.47478602478672,111.5561162328278,108.85849635134446,109.18750762939453,46376000,0.0,0.0
2021-05-13 00:00:00-04:00,110.47130973397276,111.13231572556356,109.50858260758544,110.61621856689453,33204000,0.0,0.0
2021-05-14 00:00:00-04:00,112.08015480939481,113.37933665290709,111.65635497248752,113.06471252441406,31996000,0.0,0.0
2021-05-17 00:00:00-04:00,112.3297641754445,113.6304377384808,111.92978642061708,113.58776092529297,21598000,0.0,0.0
2021-05-18 00:00:00-04:00,114.25421938157729,114.5187232263612,112.26127442093457,112.2751693725586,22204000,0.0,0.0
2021-05-19 00:00:00-04:00,110.58595041306152,112.89648805759676,110.43757351383768,112.72329711914062,23684000,0.0,0.0
2021-05-20 00:00:00-04:00,113.69100084629632,114.73312242876868,113.31980490010648,114.4825210571289,32352000,0.0,0.0
2021-05-21 00:00:00-04:00,115.00157839071795,115.07502854849963,113.60661602300084,113.84630584716797,40632000,0.0,0.0
2021-05-24 00:00:00-04:00,114.87651898938388,117.3905209078687,114.73111797181262,117.16671752929688,31832000,0.0,0.0
2021-05-25 00:00:00-04:00,117.71060408228924,118.30610310206922,116.86697983991921,117.25753021240234,22440000,0.0,0.0
2021-05-26 00:00:00-04:00,117.4386576186535,118.55373698083459,117.4356817515522,118.12299346923828,21572000,0.0,0.0
2021-05-27 00:00:00-04:00,118.55672483396802,118.55672483396802,116.92952356734123,117.24811553955078,35224000,0.0,0.0
2021-05-28 00:00:00-04:00,117.83069992865224,117.91257792108246,116.76028885976044,116.95878601074219,21482000,0.0,0.0
2021-06-01 00:00:00-04:00,117.83169739325494,118.3909711309442,116.83125322941245,118.16616821289062,23354000,0.0,0.0
2021-06-02 00:00:00-04:00,118.5616749306312,118.7844939306939,116.73596907023163,117.64064025878906,21158000,0.0,0.0
2021-06-03 00:00:00-04:00,116.4069665373418,116.96723225649065,115.60254339356483,116.49877166748047,18696000,0.0,0.0
2021-06-04 00:00:00-04:00,117.57514366228743,119.05198412649423,117.23471351595569,118.7810287475586,24458000,0.0,0.0
2021-06-07 00:00:00-04:00,118.57608796930104,119.32393940352989,118.15725542543272,119.21426391601562,24120000,0.0,0.0
2021-06-08 00:00:00-04:00,119.69610658561207,120.06878661423825,118.84106348764917,119.02268981933594,24240000,0.0,0.0
2021-06-09 00:00:00-04:00,119.66732391656954,119.73927477924008,118.94627056496574,119.49413299560547,17942000,0.0,0.0
2021-06-10 00:00:00-04:00,119.44352262743342,120.88662140305803,119.28770227679246,120.84344482421875,25904000,0.0,0.0
2021-06-11 00:00:00-04:00,121.08512403715078,121.17047767072789,120.04101102910597,120.59880065917969,21958000,0.0,0.0
2021-06-14 00:00:00-04:00,120.70102140342084,121.52777490664751,119.99337074452207,121.52728271484375,22098000,0.0,0.0
2021-06-15 00:00:00-04:00,121.5317391337335,121.85479867979801,120.1481955864892,120.50897216796875,21562000,0.0,0.0
2021-06-16 00:00:00-04:00,120.66032532200343,120.97197359175446,118.57409090880724,119.8668212890625,26472000,0.0,0.0
2021-06-17 00:00:00-04:00,119.79238984947777,121.60370111962469,119.59636878457852,120.8305435180664,25842000,0.0,0.0
2021-06-18 00:00:00-04:00,120.45685158183923,120.6910818510485,119.1149929914567,119.21027374267578,46116000,0.0,0.0
2021-06-21 00:00:00-04:00,119.59687474547188,121.08512653724667,118.99938415373178,120.89903259277344,27414000,0.0,0.0
2021-06-22 00:00:00-04:00,120.83699476359857,121.48212191742986,120.15614205708611,121.41313934326172,22390000,0.0,0.0
2021-06-23 00:00:00-04:00,121.17790930527332,122.17239413660434,120.92085647379636,121.2111587524414,19148000,0.0,0.0
2021-06-24 00:00:00-04:00,121.77985701377752,122.13269035567586,121.382862712785,121.58135986328125,21362000,0.0,0.0
2021-06-25 00:00:00-04:00,121.08511970218902,121.71337603387175,120.65338419848014,121.58980560302734,34594000,0.0,0.0
2021-06-28 00:00:00-04:00,121.75852921191957,121.86423686669397,120.49508042755512,121.61710357666016,28526000,0.0,0.0
2021-06-29 00:00:00-04:00,121.750585903445,122.09845947524772,120.77843143323554,121.3555679321289,23108000,0.0,0.0
2021-06-30 00:00:00-04:00,121.07965376613676,121.34018980324502,120.44445377750469,121.17394256591797,24474000,0.0,0.0
2021-07-01 00:00:00-04:00,120.81217357840106,121.66770889111173,120.62012792060024,121.52628326416016,18110000,0.0,0.0
2021-07-02 00:00:00-04:00,122.22649002373326,124.46358492049245,122.13666881147289,124.31818389892578,25982000,0.0,0.0
2021-07-06 00:00:00-04:00,124.70625497523152,125.4799123179405,123.64824707773293,125.24369812011719,26404000,0.0,0.0
2021-07-07 00:00:00-04:00,126.20841794950853,126.32949713802952,125.20698174936605,125.52557373046875,24060000,0.0,0.0
2021-07-08 00:00:00-04:00,123.0959213892183,124.6536477834332,123.09195356628405,124.10628509521484,23790000,0.0,0.0
2021-07-09 00:00:00-04:00,124.08743338198082,124.7916083872216,123.61748109045698,124.57723236083984,18632000,0.0,0.0
2021-07-12 00:00:00-04:00,125.2317800964702,126.11659701235094,124.66903075282382,126.02330017089844,17668000,0.0,0.0
2021-07-13 00:00:00-04:00,126.08582935283354,127.09718503011685,125.72456058354896,126.38655853271484,19240000,0.0,0.0
2021-07-14 00:00:00-04:00,126.99843774774149,128.3566826384462,126.95526116951177,127.27534484863281,23742000,0.0,0.0
2021-07-15 00:00:00-04:00,127.68425815211094,127.73487061260049,125.58114534521543,126.05258178710938,24218000,0.0,0.0
2021-07-16 00:00:00-04:00,126.7056414194645,126.85302634579371,125.20746273938772,126.01783752441406,20424000,0.0,0.0
2021-07-19 00:00:00-04:00,125.14394623897842,125.2585814894931,122.57882443943065,123.64378356933594,27968000,0.0,0.0
2021-07-20 00:00:00-04:00,124.58616145014766,126.09029957274659,123.41799344616328,125.26305389404297,26312000,0.0,0.0
2021-07-21 00:00:00-04:00,125.18761690110053,126.6391510453154,125.0784411915478,126.5925064086914,20746000,0.0,0.0
2021-07-22 00:00:00-04:00,126.88528921475424,127.5194972412647,126.54287518623292,127.45845031738281,14302000,0.0,0.0
2021-07-23 00:00:00-04:00,129.4523801977889,132.39862482827255,128.82711495157838,132.0175018310547,41506000,0.0,0.0
2021-07-26 00:00:00-04:00,132.32866235257328,133.23034251225275,131.3093559344711,133.0298614501953,30572000,0.0,0.0
2021-07-27 00:00:00-04:00,133.24377207224154,133.39115703132677,129.12836663588544,130.910888671875,54710000,0.0,0.0
2021-07-28 00:00:00-04:00,135.28979281293505,137.2599079039197,134.26305040717065,135.07342529296875,95130000,0.0,0.0
2021-07-29 00:00:00-04:00,135.1290120798476,135.63618169208738,134.52656927251087,134.75930786132812,31716000,0.0,0.0
2021-07-30 00:00:00-04:00,134.02235996691988,134.28983968101215,133.24821049206028,133.71617126464844,25576000,0.0,0.0
2021-08-02 00:00:00-04:00,134.10377496882492,134.32162665748433,132.79069795710942,133.84324645996094,21634000,0.0,0.0
2021-08-03 00:00:00-04:00,134.1216319505897,134.7141552339848,132.3197553944657,134.61293029785156,20762000,0.0,0.0
2021-08-04 00:00:00-04:00,134.33450184746084,134.63225514353746,133.47846680037628,134.1121826171875,19676000,0.0,0.0
2021-08-05 00:00:00-04:00,134.66301914321753,135.32750833169953,133.83477396423808,135.229736328125,17870000,0.0,0.0
2021-08-06 00:00:00-04:00,135.02180226998487,135.4490701118933,134.19604087105887,134.72056579589844,20488000,0.0,0.0
2021-08-09 00:00:00-04:00,134.92304934714446,136.15523997949722,134.32455935046355,135.88626098632812,17760000,0.0,0.0
2021-08-10 00:00:00-04:00,136.3120586436504,136.739341684584,135.3418956435353,135.7810821533203,19414000,0.0,0.0
2021-08-11 00:00:00-04:00,136.15277807095418,136.6500129504423,135.24959853381438,135.25704956054688,15352000,0.0,0.0
2021-08-12 00:00:00-04:00,134.95580816135285,136.27038427949398,134.4099447510758,136.16517639160156,16506000,0.0,0.0
2021-08-13 00:00:00-04:00,136.22074387202724,136.82270194737035,136.0053759091246,136.6946563720703,15948000,0.0,0.0
2021-08-16 00:00:00-04:00,136.4936912096848,137.3249198670096,134.2843860879526,137.27230834960938,22384000,0.0,0.0
2021-08-17 00:00:00-04:00,136.7169958893501,137.2286329994701,135.06150515244326,135.63665771484375,21716000,0.0,0.0
2021-08-18 00:00:00-04:00,135.4763560257057,136.0763301356958,134.30669652571896,134.43324279785156,19258000,0.0,0.0
2021-08-19 00:00:00-04:00,133.42736229214302,135.32997885564367,133.2432522758854,134.6625213623047,21782000,0.0,0.0
2021-08-20 00:00:00-04:00,134.98014118566647,136.52248864700474,134.23576540706904,136.39892578125,31194000,0.0,0.0
2021-08-23 00:00:00-04:00,136.93486475189124,139.8180789523817,136.57557987363364,138.9913330078125,28454000,0.0,0.0
2021-08-24 00:00:00-04:00,139.55702905815937,141.01452236958926,139.28608129387433,140.20216369628906,19268000,0.0,0.0
2021-08-25 00:00:00-04:00,140.56292912291735,141.12319474736813,140.3158034448585,141.01351928710938,15848000,0.0,0.0
2021-08-26 00:00:00-04:00,140.6869948524426,141.34948492640603,140.29693668933822,140.37982177734375,20610000,0.0,0.0
2021-08-27 00:00:00-04:00,140.59023537546233,143.42878866169718,140.43589917778093,142.92410278320312,28780000,0.0,0.0
2021-08-30 00:00:00-04:00,143.3171329571625,144.87586650188038,143.08191071362054,143.50621032714844,24434000,0.0,0.0
2021-08-31 00:00:00-04:00,144.05853400521448,144.08284070648722,143.1990308749765,143.61239624023438,22448000,0.0,0.0
2021-09-01 00:00:00-04:00,143.91262680281687,145.15722071865454,143.7969996028531,144.1265106201172,21936000,0.0,0.0
2021-09-02 00:00:00-04:00,144.12704464538862,144.42826606699765,142.11126907465723,142.21250915527344,32342000,0.0,0.0
2021-09-03 00:00:00-04:00,142.00753585009178,143.07397156605705,141.33262733689926,142.66159057617188,19850000,0.0,0.0
2021-09-07 00:00:00-04:00,142.75587753973872,143.48089873899315,142.5419937114171,143.1985321044922,20124000,0.0,0.0
2021-09-08 00:00:00-04:00,143.01939373948818,143.3171319106359,141.92763663073742,142.6134490966797,18344000,0.0,0.0
2021-09-09 00:00:00-04:00,142.76185320180753,143.2283299265939,142.10383055094175,142.464599609375,15314000,0.0,0.0
2021-09-10 00:00:00-04:00,143.13103101123474,143.63324834342055,139.6825992095329,139.81956481933594,36840000,0.0,0.0
2021-09-13 00:00:00-04:00,140.88499809629892,141.87799874708952,140.1907502683079,141.26513671875,22094000,0.0,0.0
2021-09-14 00:00:00-04:00,141.92317737522325,142.2879293728358,140.6870186953344,141.47555541992188,19674000,0.0,0.0
2021-09-15 00:00:00-04:00,141.70084898830657,143.3672589310745,140.28753163392904,143.34642028808594,27408000,0.0,0.0
2021-09-16 00:00:00-04:00,142.871012257135,143.21789389256512,141.33363224313416,142.53306579589844,26190000,0.0,0.0
2021-09-17 00:00:00-04:00,141.95791332781604,142.37426215695461,139.4166134851855,139.744140625,53384000,0.0,0.0
2021-09-20 00:00:00-04:00,137.12541555299168,137.95762854767855,135.29971724995474,137.67922973632812,46518000,0.0,0.0
2021-09-21 00:00:00-04:00,138.70152098037897,138.9615648556159,137.24105908809844,137.9904022216797,25332000,0.0,0.0
2021-09-22 00:00:00-04:00,138.25937452976518,139.8304963856978,137.51251502650064,139.2315216064453,25056000,0.0,0.0
2021-09-23 00:00:00-04:00,139.93024135046866,140.6339242140277,139.34863720343068,140.1570281982422,20952000,0.0,0.0
2021-09-24 00:00:00-04:00,139.48458758729717,141.26315661492927,139.18931795972466,141.1485137939453,22984000,0.0,0.0
2021-09-27 00:00:00-04:00,139.74860330168596,140.87410203574274,139.01713059177794,140.01409912109375,21882000,0.0,0.0
2021-09-28 00:00:00-04:00,137.61521342871015,138.0534004027572,134.34492472467014,134.8114013671875,45772000,0.0,0.0
2021-09-29 00:00:00-04:00,135.95276138761872,136.12248424162405,132.861130950565,133.34596252441406,30848000,0.0,0.0
2021-09-30 00:00:00-04:00,133.25467295688009,134.5260573598816,132.5544581975898,132.67355346679688,37996000,0.0,0.0
2021-10-01 00:00:00-04:00,133.4392677350906,135.88381020641216,133.06757963803923,135.51905822753906,35360000,0.0,0.0
2021-10-04 00:00:00-04:00,134.94093590399183,134.94093590399183,130.06726742691163,132.65719604492188,51202000,0.0,0.0
2021-10-05 00:00:00-04:00,133.03581349340732,136.1954422891802,133.03581349340732,135.00294494628906,32404000,0.0,0.0
2021-10-06 00:00:00-04:00,133.739508771599,136.7170117498164,133.54101160192383,136.5334014892578,24364000,0.0,0.0
2021-10-07 00:00:00-04:00,137.850443401675,138.99182860687787,137.61125333266637,138.1809539794922,25110000,0.0,0.0
2021-10-08 00:00:00-04:00,138.53031118041213,139.2786547710328,138.17350997032952,138.7372589111328,26526000,0.0,0.0
2021-10-11 00:00:00-04:00,138.24743994592924,139.6567893779869,137.81767325329827,137.8722686767578,17954000,0.0,0.0
2021-10-12 00:00:00-04:00,138.43401141680982,138.4608169354208,134.7419071206259,135.42575073242188,36332000,0.0,0.0
2021-10-13 00:00:00-04:00,136.37210417426144,136.96512710925458,135.49523045857015,136.55026245117188,19654000,0.0,0.0
2021-10-14 00:00:00-04:00,138.42808787011938,140.27760845343832,137.78395264117304,140.09251403808594,31894000,0.0,0.0
2021-10-15 00:00:00-04:00,140.55251849051083,140.65524269555343,139.69946688773342,140.307861328125,30274000,0.0,0.0
2021-10-18 00:00:00-04:00,140.01857311030093,141.72517625679853,140.0116218475846,141.70730590820312,20396000,0.0,0.0
2021-10-19 00:00:00-04:00,142.3122411781201,142.58518805329703,141.53065568841217,142.16287231445312,20164000,0.0,0.0
2021-10-20 00:00:00-04:00,142.2631058944433,142.4695538565035,140.3163131219319,140.70587158203125,23288000,0.0,0.0
2021-10-21 00:00:00-04:00,140.70587924060632,141.0899857507834,139.44639818872457,140.82200622558594,26292000,0.0,0.0
2021-10-22 00:00:00-04:00,138.10650299028052,139.52875553803523,135.03571082515822,136.53488159179688,50588000,0.0,0.0
2021-10-25 00:00:00-04:00,136.51849946532073,136.9651218337323,134.40843556139117,136.41627502441406,34412000,0.0,0.0
2021-10-26 00:00:00-04:00,138.21917899013286,139.03252224155852,137.26737081211078,138.2638397216797,49236000,0.0,0.0
2021-10-27 00:00:00-04:00,138.35960422116113,147.53527135391386,138.35960422116113,145.1210174560547,85782000,0.0,0.0
2021-10-28 00:00:00-04:00,146.03114674370437,146.0544690636937,143.54244317975258,144.75527954101562,36206000,0.0,0.0
2021-10-29 00:00:00-04:00,143.99006104419053,147.13033561970673,143.56477703683294,146.93580627441406,43320000,0.0,0.0
2021-11-01 00:00:00-04:00,146.93579626429255,146.93579626429255,142.15143480145554,142.4208984375,46924000,0.0,0.0
2021-11-02 00:00:00-04:00,143.49530344337282,145.50957959342554,143.2531299166972,144.34190368652344,33482000,0.0,0.0
2021-11-03 00:00:00-04:00,144.8063781414798,145.5691239438991,143.50670412146945,145.4986572265625,27494000,0.0,0.0
2021-11-04 00:00:00-04:00,146.02119056573684,148.61063405572054,145.21081578710826,147.15562438964844,38412000,0.0,0.0
2021-11-05 00:00:00-04:00,148.05084173589293,149.2001623794237,147.0856462242493,147.73573303222656,38354000,0.0,0.0
2021-11-08 00:00:00-05:00,148.70144323665562,149.48552742281953,147.31740001470018,147.9134063720703,23052000,0.0,0.0
2021-11-09 00:00:00-05:00,148.11389827574533,148.71088906033273,146.14079981403162,147.8017578125,19530000,0.0,0.0
2021-11-10 00:00:00-05:00,146.39388220777226,146.95961498797055,143.4536043601575,144.79942321777344,29970000,0.0,0.0
2021-11-11 00:00:00-05:00,145.39098629504358,146.4291476158048,144.50864533911016,144.67340087890625,16518000,0.0,0.0
2021-11-12 00:00:00-05:00,145.51600107030356,147.7337564391423,144.32053550188084,147.5630340576172,22360000,0.0,0.0
2021-11-15 00:00:00-05:00,147.78388336285937,148.42801853120432,146.46832288502367,147.3387451171875,23508000,0.0,0.0
2021-11-16 00:00:00-05:00,147.03852213551875,147.64691660374896,146.20779328379493,146.76707458496094,18904000,0.0,0.0
2021-11-17 00:00:00-05:00,146.91744359855497,147.44545184821902,146.13585811864922,146.93679809570312,19594000,0.0,0.0
2021-11-18 00:00:00-05:00,147.12980463081288,149.4512684285652,146.77548718460204,148.71482849121094,35608000,0.0,0.0
2021-11-19 00:00:00-05:00,148.85080652363035,149.83438735066673,147.78238698513604,147.80967712402344,33682000,0.0,0.0
2021-11-22 00:00:00-05:00,148.212671845966,148.7059389463895,145.05155832763393,145.20489501953125,30594000,0.0,0.0
2021-11-23 00:00:00-05:00,145.05698650074015,145.56018822180644,143.03427520363064,144.6887664794922,27218000,0.0,0.0
2021-11-24 00:00:00-05:00,144.38256427836453,145.1527458877794,143.29032269361113,145.0242156982422,18040000,0.0,0.0
2021-11-26 00:00:00-05:00,143.2660178960678,143.47345022970194,140.7788138039504,141.11676025390625,30470000,0.0,0.0
2021-11-29 00:00:00-05:00,142.92010799071076,145.20037906946195,142.81440036078905,144.4391326904297,32596000,0.0,0.0
2021-11-30 00:00:00-05:00,143.9210829537651,144.90514856073972,140.53963428895196,140.8334197998047,42068000,0.0,0.0
2021-12-01 00:00:00-05:00,142.92015005272097,144.85602381982557,139.85530937917687,139.99375915527344,34020000,0.0,0.0
2021-12-02 00:00:00-05:00,140.1907554042833,142.7856510065103,139.16301355015398,141.89389038085938,29194000,0.0,0.0
2021-12-03 00:00:00-05:00,142.60352464934857,143.31712699642003,139.24886668872693,140.93661499023438,41230000,0.0,0.0
2021-12-06 00:00:00-05:00,141.96782338203911,142.77373060812116,139.09899659163847,142.0814666748047,30618000,0.0,0.0
2021-12-07 00:00:00-05:00,144.50465719357044,146.4246594362263,144.13842108192705,146.1651153564453,32240000,0.0,0.0
2021-12-08 00:00:00-05:00,146.48966913877248,147.28020490132727,145.30810591665517,147.0752410888672,24270000,0.0,0.0
2021-12-09 00:00:00-05:00,146.48419715632372,147.9818836126796,146.0117688087392,146.53134155273438,23270000,0.0,0.0
2021-12-10 00:00:00-05:00,147.58489560327317,147.86031099599933,145.60386142739566,146.89163208007812,24458000,0.0,0.0
2021-12-13 00:00:00-05:00,146.67326661525007,146.86036006274796,144.42625220003177,144.73294067382812,27070000,0.0,0.0
2021-12-14 00:00:00-05:00,142.88836698093175,143.39652088196925,140.15600616019245,142.82781982421875,38446000,0.0,0.0
2021-12-15 00:00:00-05:00,142.33355877435457,145.62071825548696,140.61553692266676,145.3428192138672,36370000,0.0,0.0
2021-12-16 00:00:00-05:00,146.06685680328061,146.56955875627122,142.53007278515918,143.36180114746094,33650000,0.0,0.0
2021-12-17 00:00:00-05:00,141.43138309383306,142.75587874027252,140.24038500191537,140.66220092773438,50416000,0.0,0.0
2021-12-20 00:00:00-05:00,138.9501458780245,140.71134455015442,138.27623682243168,140.5450897216797,27192000,0.0,0.0
2021-12-21 00:00:00-05:00,140.988241195714,142.7901327368822,139.4488771998358,142.3966064453125,28756000,0.0,0.0
2021-12-22 00:00:00-05:00,141.9946312572679,145.4013858438992,141.9946312572679,145.3170166015625,26322000,0.0,0.0
2021-12-23 00:00:00-05:00,145.40139302599,147.1318182358359,145.3537488598615,145.8147735595703,26384000,0.0,0.0
2021-12-27 00:00:00-05:00,146.15171345394464,147.23155191988448,146.06586006399732,146.79733276367188,15976000,0.0,0.0
2021-12-28 00:00:00-05:00,147.12438582390516,147.1869169068151,144.95925654337688,145.58700561523438,18200000,0.0,0.0
2021-12-29 00:00:00-05:00,145.54480223641073,146.31151586245565,144.5552847534047,145.5552215576172,17788000,0.0,0.0
2021-12-30 00:00:00-05:00,145.59390961021398,146.19536786923555,144.8996618572222,145.10411071777344,15688000,0.0,0.0
2021-12-31 00:00:00-05:00,144.9547612243931,145.59839661195713,143.7657470703125,143.7657470703125,18136000,0.0,0.0
2022-01-03 00:00:00-05:00,143.96723628198907,144.7572723479934,142.6353045632969,143.9042205810547,28646000,0.0,0.0
2022-01-04 00:00:00-05:00,144.30566816404834,145.38650621065128,142.6387735560891,143.316650390625,28400000,0.0,0.0
2022-01-05 00:00:00-05:00,143.3369947744093,143.41589690893608,136.65548327199204,136.7418212890625,54618000,0.0,0.0
2022-01-06 00:00:00-05:00,135.97114712472833,138.89058651246134,135.5344442800259,136.7145233154297,37348000,0.0,0.0
2022-01-07 00:00:00-05:00,137.10954897347992,137.41028576271114,134.7483911122128,135.98951721191406,29760000,0.0,0.0
2022-01-10 00:00:00-05:00,134.06501942604638,137.77846183606752,132.16587129758187,137.62957763671875,44408000,0.0,0.0
2022-01-11 00:00:00-05:00,136.9720874131419,139.1645217290707,135.66744595665384,138.6881103515625,28730000,0.0,0.0
2022-01-12 00:00:00-05:00,140.09150474264098,141.53857889929625,139.63943036795163,140.36990356445312,26108000,0.0,0.0
2022-01-13 00:00:00-05:00,140.47857244926956,141.77876136551572,137.37105536435357,137.5477294921875,31436000,0.0,0.0
2022-01-14 00:00:00-05:00,136.05104407819525,139.68658493826246,135.97115755847778,138.43453979492188,29662000,0.0,0.0
2022-01-18 00:00:00-05:00,135.15382402606036,136.10314842718847,134.42285105215512,134.9781494140625,34872000,0.0,0.0
2022-01-19 00:00:00-05:00,135.49970276827796,136.92493874451395,134.00301568869605,134.10325622558594,28648000,0.0,0.0
2022-01-20 00:00:00-05:00,135.2282544434575,136.59394277770195,131.96738542394968,132.3078155517578,29908000,0.0,0.0
2022-01-21 00:00:00-05:00,131.59916895693448,133.8541189227076,129.1109655382856,129.3739776611328,55652000,0.0,0.0
2022-01-24 00:00:00-05:00,125.03326152435547,130.21908421614395,123.56634850498187,129.8230743408203,76622000,0.0,0.0
2022-01-25 00:00:00-05:00,127.77458065092937,128.42863539946603,125.55187278454918,125.98310852050781,46960000,0.0,0.0
2022-01-26 00:00:00-05:00,130.13572850778058,132.00261942561787,126.18854746933454,128.2638702392578,49130000,0.0,0.0
2022-01-27 00:00:00-05:00,130.31932241896405,131.65770522937257,127.96560114019877,128.03756713867188,31950000,0.0,0.0
2022-01-28 00:00:00-05:00,128.68668292409265,132.3564650399575,127.52149075583363,132.3509979248047,34362000,0.0,0.0
2022-01-31 00:00:00-05:00,133.15591425848223,134.45708760059057,131.21805677014638,134.28884887695312,39986000,0.0,0.0
2022-02-01 00:00:00-05:00,136.56267283391475,136.75968585207823,133.36086675449982,136.61180114746094,68644000,0.0,0.0
2022-02-02 00:00:00-05:00,150.11578031488366,150.41005044814193,144.43123734697568,146.89015197753906,123200000,0.0,0.0
2022-02-03 00:00:00-05:00,144.6128476273502,148.5525777136567,141.5956363601921,142.01695251464844,71518000,0.0,0.0
2022-02-04 00:00:00-05:00,142.36878265835006,143.78855127597606,139.46124724612397,142.21841430664062,57998000,0.0,0.0
2022-02-07 00:00:00-05:00,143.1682685356502,143.1682685356502,137.85838215439898,138.15713500976562,54974000,0.0,0.0
2022-02-08 00:00:00-05:00,137.98393352600814,138.95012868811895,135.98652845498887,138.3536376953125,54284000,0.0,0.0
2022-02-09 00:00:00-05:00,139.90641595810757,141.45571462604343,139.13573444735914,140.5301971435547,40144000,0.0,0.0
2022-02-10 00:00:00-05:00,138.65586088469732,140.42349572216153,136.92245230630547,137.58047485351562,39330000,0.0,0.0
2022-02-11 00:00:00-05:00,137.5606404788322,138.11295539537267,132.39962332012644,133.2755126953125,39958000,0.0,0.0
2022-02-14 00:00:00-05:00,132.25717761433165,135.27785646046127,132.25717761433165,134.50965881347656,34302000,0.0,0.0
2022-02-15 00:00:00-05:00,136.53883693718322,137.072811977897,134.80295993792927,135.5840606689453,26680000,0.0,0.0
2022-02-16 00:00:00-05:00,135.62178690030257,137.05049099274288,133.9122003011313,136.70510864257812,25022000,0.0,0.0
2022-02-17 00:00:00-05:00,135.22129248130244,136.08526315724788,131.48502706977027,131.54507446289062,38950000,0.0,0.0
2022-02-18 00:00:00-05:00,132.46611275498591,133.06460279138676,129.2201459554218,129.4250946044922,45620000,0.0,0.0
2022-02-22 00:00:00-05:00,128.8643488187509,131.18928131742402,127.26195393463564,128.8400421142578,44990000,0.0,0.0
2022-02-23 00:00:00-05:00,130.66126157793636,131.0607395809099,126.57116292849084,126.63121032714844,32786000,0.0,0.0
2022-02-24 00:00:00-05:00,124.01645216954687,132.00261130443673,124.01645216954687,131.6959228515625,54456000,0.0,0.0
2022-02-25 00:00:00-05:00,132.55049129326056,134.25709440677767,130.76348675698117,133.45118713378906,36406000,0.0,0.0
2022-02-28 00:00:00-05:00,132.05225159221422,134.73348521833475,131.5981781769132,134.04420471191406,38864000,0.0,0.0
2022-03-01 00:00:00-05:00,133.8670269115429,135.23369956009327,132.21948692768655,133.05615234375,26496000,0.0,0.0
2022-03-02 00:00:00-05:00,133.6184269882909,134.24815989047295,132.07359595195584,133.56234741210938,23520000,0.0,0.0
2022-03-03 00:00:00-05:00,134.99004795968622,135.41633147676816,132.02793179963612,132.8953857421875,24604000,0.0,0.0
2022-03-04 00:00:00-05:00,131.93066729654552,132.84773411932804,129.36007848583986,130.9173126220703,30430000,0.0,0.0
2022-03-07 00:00:00-05:00,130.50197452038165,130.74711632419786,125.3479086063169,125.4307861328125,45112000,0.0,0.0
2022-03-08 00:00:00-05:00,125.30324479087164,130.26574953506457,124.73206001019544,126.15133666992188,40428000,0.0,0.0
2022-03-09 00:00:00-05:00,130.26575405375206,132.73261936692816,128.92637143258065,132.4194793701172,37026000,0.0,0.0
2022-03-10 00:00:00-05:00,130.28164376257828,132.27259751382948,129.9307942927176,131.43641662597656,27102000,0.0,0.0
2022-03-11 00:00:00-05:00,132.48744012522693,132.79214466049783,128.6593698076574,128.89657592773438,31526000,0.0,0.0
2022-03-14 00:00:00-04:00,129.27325019146025,129.43105445194786,124.33555942411138,125.00648498535156,38812000,0.0,0.0
2022-03-15 00:00:00-04:00,126.02380390981074,128.88072746557518,124.77771812675637,128.22914123535156,30920000,0.0,0.0
2022-03-16 00:00:00-04:00,129.75262441968042,132.33311772405185,127.76910672795162,132.28102111816406,35576000,0.0,0.0
2022-03-17 00:00:00-04:00,132.15051431173177,133.07503224064973,131.19373888959393,132.83534240722656,28264000,0.0,0.0
2022-03-18 00:00:00-04:00,132.42395646417637,135.22231694319765,131.26669987114136,135.10470581054688,44566000,0.0,0.0
2022-03-21 00:00:00-04:00,135.1424031283874,136.02226032262783,133.0869344773446,135.08087158203125,26832000,0.0,0.0
2022-03-22 00:00:00-04:00,135.08087260988333,139.99226524903366,135.08087260988333,138.81912231445312,35496000,0.0,0.0
2022-03-23 00:00:00-04:00,137.66235573176738,138.54171310581177,136.8013684687144,137.23855590820312,25154000,0.0,0.0
2022-03-24 00:00:00-04:00,138.15613908829116,140.55700535804056,136.71751540077963,140.51036071777344,26396000,0.0,0.0
2022-03-25 00:00:00-04:00,140.851769685882,140.96988057388967,138.68960896260305,140.610595703125,24126000,0.0,0.0
2022-03-28 00:00:00-04:00,139.84388368780657,140.9376247499745,138.76304562317353,140.3947296142578,35050000,0.0,0.0
2022-03-29 00:00:00-04:00,141.57779246166834,142.71519472589625,140.97335063207385,141.4368438720703,34318000,0.0,0.0
2022-03-30 00:00:00-04:00,141.39170391581268,141.65024849659721,140.5381524211081,140.87411499023438,19884000,0.0,0.0
2022-03-31 00:00:00-04:00,140.98774376810368,141.0423392002614,137.9819661266326,138.02464294433594,37524000,0.0,0.0
2022-04-01 00:00:00-04:00,138.453883236437,139.4175947580096,137.2703210012843,139.09950256347656,25942000,0.0,0.0
2022-04-04 00:00:00-04:00,139.3059565218583,142.63430898174366,139.2583123546928,141.89935302734375,25942000,0.0,0.0
2022-04-05 00:00:00-04:00,141.79761431614833,141.91819372538492,139.32976482705615,139.5366973876953,21418000,0.0,0.0
2022-04-06 00:00:00-04:00,137.7095002017028,138.31542612185672,134.50074308822178,135.52401733398438,32468000,0.0,0.0
2022-04-07 00:00:00-04:00,134.99004046750798,136.13589316323527,133.2209064212302,134.8694610595703,26234000,0.0,0.0
2022-04-08 00:00:00-04:00,134.56673589726554,134.65258928092018,131.96837241273985,132.2879638671875,25142000,0.0,0.0
2022-04-11 00:00:00-04:00,130.83497096581726,131.1019509764498,127.7036311916698,127.85746765136719,36884000,0.0,0.0
2022-04-12 00:00:00-04:00,130.6131276162825,130.6131276162825,125.83820106848967,126.75675964355469,32710000,0.0,0.0
2022-04-13 00:00:00-04:00,127.04012777095205,129.3566247373108,126.78306734700756,128.919921875,27928000,0.0,0.0
2022-04-14 00:00:00-04:00,129.5010341712906,129.5010341712906,125.65160981411958,125.77964782714844,31598000,0.0,0.0
2022-04-18 00:00:00-04:00,126.04761463139059,127.2510159180597,125.2357481055493,126.71903991699219,20808000,0.0,0.0
2022-04-19 00:00:00-04:00,126.73393183820416,129.35561786649717,126.04711985372514,129.0340576171875,26490000,0.0,0.0
2022-04-20 00:00:00-04:00,129.91042868655606,130.41363040865102,126.54386726306718,127.0798110961914,31696000,0.0,0.0
2022-04-21 00:00:00-04:00,128.2807486036101,129.12288118231135,123.59266724701,123.87850952148438,36446000,0.0,0.0
2022-04-22 00:00:00-04:00,124.06261542731319,124.46160122256957,118.03317534641822,118.73834228515625,56884000,0.0,0.0
2022-04-25 00:00:00-04:00,118.20784869517621,122.35302716632054,117.62227679355271,122.15105438232422,46128000,0.0,0.0
2022-04-26 00:00:00-04:00,121.37740120497031,121.59128502362185,117.6222734562165,117.7602310180664,73054000,0.0,0.0
2022-04-27 00:00:00-04:00,113.61106865674175,116.3627762314137,111.89107063676909,113.43738555908203,91820000,0.0,0.0
2022-04-28 00:00:00-04:00,115.54198850620043,118.75222962961512,113.25923349971069,117.63368225097656,48884000,0.0,0.0
2022-04-29 00:00:00-04:00,115.85909917190497,117.03571013783196,112.96099821693325,113.2537841796875,42676000,0.0,0.0
2022-05-02 00:00:00-04:00,112.55456335153875,115.87001248679226,111.75559982416154,115.70873260498047,35534000,0.0,0.0
2022-05-03 00:00:00-04:00,115.55738116745341,117.55380196982412,115.16435465778821,116.45410919189453,24968000,0.0,0.0
2022-05-04 00:00:00-04:00,116.15387837554545,121.93320955294836,114.25273835602403,121.34416198730469,49916000,0.0,0.0
2022-05-05 00:00:00-04:00,119.30257916034165,120.13131649355361,114.14306171660925,115.6318130493164,45840000,0.0,0.0
2022-05-06 00:00:00-04:00,114.32072750015296,116.68982830154226,113.16049515980836,114.87850952148438,39710000,0.0,0.0
2022-05-09 00:00:00-04:00,112.40073109237771,114.21403375682236,111.16060468534064,111.66727447509766,40802000,0.0,0.0
2022-05-10 00:00:00-04:00,114.64129249603656,115.37822468562551,112.05384051914055,113.5371322631836,39900000,0.0,0.0
2022-05-11 00:00:00-04:00,112.38733478952014,115.49187605345283,112.38733478952014,112.7505874633789,37534000,0.0,0.0
2022-05-12 00:00:00-04:00,110.54227785783269,113.43789516198555,109.00092247698522,111.9977798461914,53836000,0.0,0.0
2022-05-13 00:00:00-04:00,113.67411472444665,116.9910559293026,112.75307997098307,115.18023681640625,35038000,0.0,0.0
2022-05-16 00:00:00-04:00,114.09344655582711,115.29883944533803,113.03544618325748,113.58677673339844,25990000,0.0,0.0
2022-05-17 00:00:00-04:00,115.96430034993351,116.02335578859825,114.00858018939827,115.59955596923828,23054000,0.0,0.0
2022-05-18 00:00:00-04:00,114.13762296317604,114.5346249053105,110.71894927435922,111.06037139892578,35126000,0.0,0.0
2022-05-19 00:00:00-04:00,110.59586629730997,112.16252780264969,109.1750980007813,109.55622100830078,34144000,0.0,0.0
2022-05-20 00:00:00-04:00,111.11146523229964,111.34222744755039,105.00312313802856,108.0912857055664,48962000,0.0,0.0
2022-05-23 00:00:00-04:00,108.76570147382164,111.3065015318097,107.92554522357145,110.65194702148438,37184000,0.0,0.0
2022-05-24 00:00:00-04:00,104.97881024305309,105.66016266842033,101.12045838122785,105.17532348632812,76780000,0.0,0.0
2022-05-25 00:00:00-04:00,104.19821542605251,105.70136171766619,103.07768392252879,105.0115737915039,40258000,0.0,0.0
2022-05-26 00:00:00-04:00,104.88452423587293,107.83472935545615,104.43591035610642,106.98416137695312,37948000,0.0,0.0
2022-05-27 00:00:00-04:00,108.66198041267312,111.47571962495518,108.32005857394647,111.47422790527344,37914000,0.0,0.0
2022-05-31 00:00:00-04:00,111.90100974803613,114.86710140737668,111.23801982101067,112.90889739990234,50012000,0.0,0.0
2022-06-01 00:00:00-04:00,113.99370154703936,116.22335308466774,112.40073416812857,113.03791809082031,36606000,0.0,0.0
2022-06-02 00:00:00-04:00,113.1451007120963,117.01535590801267,112.0995036968005,116.74043273925781,37992000,0.0,0.0
2022-06-03 00:00:00-04:00,115.19212699520513,115.44918737427344,112.66720616867079,113.68203735351562,26136000,0.0,0.0
2022-06-06 00:00:00-04:00,115.82931537143588,118.45200072153771,115.2928718045409,115.94445037841797,33542000,0.0,0.0
2022-06-07 00:00:00-04:00,114.61449812422804,116.80842394302496,114.18921415892557,116.27098083496094,31590000,0.0,0.0
2022-06-08 00:00:00-04:00,115.88589564814693,117.68133553709298,115.72560771609342,116.31515502929688,26108000,0.0,0.0
2022-06-09 00:00:00-04:00,115.45515051267915,117.41187026218664,113.91528690568272,113.9743423461914,25798000,0.0,0.0
2022-06-10 00:00:00-04:00,111.6017563504371,112.42950168530383,109.5383447471123,110.327880859375,41452000,0.0,0.0
2022-06-13 00:00:00-04:00,105.98570048108614,107.97566213644032,105.32321034517643,105.59465789794922,47252000,0.0,0.0
2022-06-14 00:00:00-04:00,105.73609475699467,107.1151707392392,105.00660593631495,105.91523742675781,33706000,0.0,0.0
2022-06-15 00:00:00-04:00,107.73101553417992,110.58793144263325,106.8620849971601,108.94137573242188,39698000,0.0,0.0
2022-06-16 00:00:00-04:00,106.416937075221,107.83372995527769,104.34955756910561,105.23834228515625,51684000,0.0,0.0
2022-06-17 00:00:00-04:00,105.23836529541602,107.88437357242776,104.25826743735038,106.34004211425781,51376000,0.0,0.0
2022-06-21 00:00:00-04:00,108.11262398002309,111.6459323463121,107.78559662841934,110.70751953125,47416000,0.0,0.0
2022-06-22 00:00:00-04:00,109.72744054758711,112.49651168592568,109.55474179877777,110.65145874023438,30774000,0.0,0.0
2022-06-23 00:00:00-04:00,111.38986449241077,111.89703403190568,109.67185020461025,111.40028381347656,28362000,0.0,0.0
2022-06-24 00:00:00-04:00,112.14765818472281,117.19353312859221,112.10547355859575,117.0903091430664,41164000,0.0,0.0
2022-06-27 00:00:00-04:00,117.38607170273899,117.69026895389891,114.31576408761653,114.9648666381836,36420000,0.0,0.0
2022-06-28 00:00:00-04:00,114.93407262101883,116.42977509347169,111.00922987458715,111.16753387451172,35792000,0.0,0.0
2022-06-29 00:00:00-04:00,110.71546131167834,112.31189663204833,110.04105259478725,110.86383819580078,24716000,0.0,0.0
2022-06-30 00:00:00-04:00,109.17510771252034,110.05644906667376,105.94947953010497,108.14588165283203,43170000,0.0,0.0
2022-07-01 00:00:00-04:00,107.12360200109673,108.43072706417608,105.93012023346462,107.92207336425781,35476000,0.0,0.0
2022-07-05 00:00:00-04:00,106.29734246766435,112.52677114978636,104.93860549214357,112.41362762451172,39342000,0.0,0.0
2022-07-06 00:00:00-04:00,112.45234149088837,114.72268583730312,110.64003080778706,113.71281433105469,37432000,0.0,0.0
2022-07-07 00:00:00-04:00,114.21700853285823,118.2956881859461,113.97235893217574,117.8922348022461,40936000,0.0,0.0
2022-07-08 00:00:00-04:00,116.37073941015483,118.78747686308,116.02484973064558,118.45846557617188,38238000,0.0,0.0
2022-07-11 00:00:00-04:00,117.1131221270681,117.1131221270681,114.46562264821,114.80902862548828,31196000,0.0,0.0
2022-07-12 00:00:00-04:00,115.34349827319495,116.09680918580032,112.83743934520429,113.16545867919922,29960000,0.0,0.0
2022-07-13 00:00:00-04:00,110.86334564985317,113.3396382596684,110.36759493610163,110.5184555053711,43722000,0.0,0.0
2022-07-14 00:00:00-04:00,109.38402036270517,110.25990208259549,107.56029848922795,109.53984069824219,37004000,0.0,0.0
2022-07-15 00:00:00-04:00,111.16061252157375,112.29206306351027,110.06836316457388,110.93927764892578,46770000,0.0,0.0
2022-07-18 00:00:00-04:00,111.7953006779903,112.82750252180041,107.5573251702464,108.21237182617188,43164600,0.0,20.0
2022-07-19 00:00:00-04:00,110.01873331526212,113.16495963876075,108.73840612847393,112.95653533935547,36530900,0.0,0.0
2022-07-20 00:00:00-04:00,112.32132368111083,114.53460399317886,111.63650321745263,113.04585266113281,35600400,0.0,0.0
2022-07-21 00:00:00-04:00,113.4230039425963,113.69098343145679,110.2767778430608,113.48255157470703,32676200,0.0,0.0
2022-07-22 00:00:00-04:00,110.16759432042141,111.49754182441767,105.70134049662055,107.0908432006836,48901200,0.0,0.0
2022-07-25 00:00:00-04:00,107.59704120630998,109.04609181369489,105.50286340953636,106.70378875732422,34690900,0.0,0.0
2022-07-26 00:00:00-04:00,105.80059805632132,106.39609710232087,103.28957190469941,104.2324447631836,47991000,0.0,0.0
2022-07-27 00:00:00-04:00,108.44065902823431,113.05579009257278,107.20003280514234,112.212158203125,59858500,0.0,0.0
2022-07-28 00:00:00-04:00,111.5273315315114,113.4825519907323,110.62415205622167,113.36345672607422,32816600,0.0,0.0
2022-07-29 00:00:00-04:00,112.23201464667002,115.83479054263834,112.21216038629261,115.44771575927734,37223400,0.0,0.0
2022-08-01 00:00:00-04:00,114.4353677167191,115.8447173118564,113.48256009829609,113.99866485595703,26034300,0.0,0.0
2022-08-02 00:00:00-04:00,113.14510117380554,115.47747674496975,112.8672021368574,114.2666244506836,20236000,0.0,0.0
2022-08-03 00:00:00-04:00,114.84228896413123,117.73047048772344,114.61401797621708,117.19451904296875,28499000,0.0,0.0
2022-08-04 00:00:00-04:00,116.59901329341588,117.88925996691131,116.01343380363976,117.3036880493164,21602900,0.0,0.0
2022-08-05 00:00:00-04:00,115.3583742777627,117.22427310368766,115.13009575614203,116.58907318115234,19159500,0.0,0.0
2022-08-08 00:00:00-04:00,117.50217907966554,119.24898275614252,116.00350062424911,116.42035675048828,19138300,0.0,0.0
2022-08-09 00:00:00-04:00,116.26155630883628,116.44020677601095,114.84227970077666,115.75537872314453,19086500,0.0,0.0
2022-08-10 00:00:00-04:00,117.88926147915558,120.01321290367328,117.5220409743198,118.80236053466797,30930400,0.0,0.0
2022-08-11 00:00:00-04:00,120.37051923849022,120.57894353839131,117.67091532555504,117.94881439208984,24293700,0.0,0.0
2022-08-12 00:00:00-04:00,119.35816000390892,120.76750946044922,118.56415625736685,120.76750946044922,19096300,0.0,0.0
2022-08-15 00:00:00-04:00,120.22163222861532,121.3828640455292,119.70553508834992,121.16451263427734,19494800,0.0,0.0
2022-08-16 00:00:00-04:00,120.60871067326374,121.511890161635,119.73531257366949,120.78736114501953,19041200,0.0,0.0
2022-08-17 00:00:00-04:00,119.21921338138048,120.3804376418693,118.48475724771684,118.65348815917969,22847000,0.0,0.0
2022-08-18 00:00:00-04:00,118.5343808121679,119.9139564343755,117.82970609358695,119.26882934570312,17987700,0.0,0.0
2022-08-19 00:00:00-04:00,118.16715698490374,118.25648600514175,115.8844094146696,116.3310317993164,21809500,0.0,0.0
2022-08-22 00:00:00-04:00,114.33610843081347,114.76288414973949,112.99623363908157,113.38330841064453,21456600,0.0,0.0
2022-08-23 00:00:00-04:00,112.6290016886187,114.14752680317126,112.57937361640978,113.00614929199219,15870400,0.0,0.0
2022-08-24 00:00:00-04:00,112.64886287866464,113.91926294010845,112.02358997809887,112.83744049072266,17734600,0.0,0.0
2022-08-25 00:00:00-04:00,113.38330709839337,115.84471280114529,113.2542847000928,115.77523803710938,16956800,0.0,0.0
2022-08-26 00:00:00-04:00,113.85970139583262,114.25670325958635,109.36367365135987,109.51254272460938,37245700,0.0,0.0
2022-08-29 00:00:00-04:00,109.16517438083538,110.1179743580815,107.98410343176194,108.59944915771484,21191200,0.0,0.0
2022-08-30 00:00:00-04:00,109.34382641653404,109.67135354308121,106.99160404194176,108.12305450439453,27513300,0.0,0.0
2022-08-31 00:00:00-04:00,109.82023252604237,110.01872968878591,107.31912587125797,107.40845489501953,28627000,0.0,0.0
2022-09-01 00:00:00-04:00,107.46800272981824,109.62172799554575,106.55490366400493,108.91705322265625,28360900,0.0,0.0
2022-09-02 00:00:00-04:00,109.76068763802547,109.90956431016964,106.45566489177163,107.0412368774414,24160700,0.0,0.0
2022-09-06 00:00:00-04:00,106.49535649820784,107.21987796172488,104.98675079205103,106.00902557373047,25068300,0.0,0.0
2022-09-07 00:00:00-04:00,106.25715000377444,109.15525855226639,106.09835378823291,108.62922668457031,23167000,0.0,0.0
2022-09-08 00:00:00-04:00,107.22979880995165,108.77809780045992,106.35640073851793,107.56724548339844,24238300,0.0,0.0
2022-09-09 00:00:00-04:00,108.25206778151146,110.1576676027876,108.20243970996736,109.82022094726562,23197700,0.0,0.0
2022-09-12 00:00:00-04:00,110.15767840347152,110.78295884863972,109.10562981877511,110.02865600585938,22966800,0.0,0.0
2022-09-13 00:00:00-04:00,106.991603410664,107.48785387625672,103.30941829244654,103.5376968383789,38172900,0.0,0.0
2022-09-14 00:00:00-04:00,103.78581739454697,104.49049211527398,102.88264552539968,104.21259307861328,26395100,0.0,0.0
2022-09-15 00:00:00-04:00,103.2498713506553,104.48057039335076,101.5824694722177,102.13827514648438,34188300,0.0,0.0
2022-09-16 00:00:00-04:00,101.30457707616641,102.35662571627779,100.18305366873035,102.02910614013672,42797200,0.0,0.0
2022-09-19 00:00:00-04:00,100.98697240353168,102.55512573336215,100.78847524094766,102.29707336425781,23036800,0.0,0.0
2022-09-20 00:00:00-04:00,101.31449934165514,101.60232552737466,99.76619270219214,100.38154602050781,26517100,0.0,0.0
2022-09-21 00:00:00-04:00,100.90757639319294,102.10850171286519,98.52557244239148,98.5354995727539,31487300,0.0,0.0
2022-09-22 00:00:00-04:00,98.07895227738555,100.48080297214709,98.04917845779312,99.38905334472656,34298600,0.0,0.0
2022-09-23 00:00:00-04:00,98.8828597828804,98.91264116986241,96.73906182320323,97.9995346069336,31625400,0.0,0.0
2022-09-26 00:00:00-04:00,97.36434023985667,99.13099069316641,97.06659450257123,97.4338150024414,27072700,0.0,0.0
2022-09-27 00:00:00-04:00,98.6843639996458,99.25008920522836,96.14356413908983,96.76883697509766,30072800,0.0,0.0
2022-09-28 00:00:00-04:00,96.91772447156976,99.94484798785372,96.38177302120951,99.29972839355469,32466300,0.0,0.0
2022-09-29 00:00:00-04:00,97.90029020087542,97.90029020087542,95.24038743081641,96.68943786621094,31047200,0.0,0.0
2022-09-30 00:00:00-04:00,96.3222269403121,98.15835231135912,94.84339496976266,94.93272399902344,32941500,0.0,0.0
2022-10-03 00:00:00-04:00,96.0343924144823,98.54541856387281,95.7961867385492,97.9002914428711,27982000,0.0,0.0
2022-10-04 00:00:00-04:00,99.6868018290202,101.07629715686122,99.62724662055442,100.87779998779297,28850800,0.0,0.0
2022-10-05 00:00:00-04:00,99.08136502983179,101.16561537101285,98.05909033124465,100.66936492919922,22176900,0.0,0.0
2022-10-06 00:00:00-04:00,99.92499811757948,102.15812530354549,99.83566909260647,100.6594467163086,22324000,0.0,0.0
2022-10-07 00:00:00-04:00,99.10121911523618,99.77612006938209,97.56284717405835,97.93999481201172,27502800,0.0,0.0
2022-10-10 00:00:00-04:00,98.2575948961487,98.35684347756712,96.28252010885105,97.12614440917969,18225100,0.0,0.0
2022-10-11 00:00:00-04:00,96.69937342071023,98.50572495067155,95.58776956681797,96.45124816894531,26507100,0.0,0.0
2022-10-12 00:00:00-04:00,96.57033961999998,98.00946288154012,96.0145339725508,96.82838439941406,21876400,0.0,0.0
2022-10-13 00:00:00-04:00,94.43647867030654,99.03175591522664,93.67224860318957,98.31715393066406,34574500,0.0,0.0
2022-10-14 00:00:00-04:00,99.24016247039046,99.93491764089593,95.64731407308213,95.83588409423828,25410700,0.0,0.0
2022-10-17 00:00:00-04:00,98.11863744507288,100.17311396048777,98.08886363026959,99.2203140258789,28419200,0.0,0.0
2022-10-18 00:00:00-04:00,102.35661548288249,102.69406972770851,99.2203165644094,100.01431274414062,24060700,0.0,0.0
2022-10-19 00:00:00-04:00,99.2600211090797,100.26244160630186,98.17819114716923,98.88286590576172,23811100,0.0,0.0
2022-10-20 00:00:00-04:00,99.25008784068218,101.55268957569878,98.64466169907956,99.2203140258789,25323200,0.0,0.0
2022-10-21 00:00:00-04:00,97.11621083244879,100.55026301239435,96.98718844238796,100.37161254882812,32458700,0.0,0.0
2022-10-24 00:00:00-04:00,101.03660346521866,101.97947637362036,99.23025197248559,101.7511978149414,27176400,0.0,0.0
2022-10-25 00:00:00-04:00,102.12834936574457,104.03394937421807,101.94969889168885,103.69650268554688,40611400,0.0,0.0
2022-10-26 00:00:00-04:00,95.70686045543493,97.57275938958455,93.9799110391379,94.21810913085938,88114100,0.0,0.0
2022-10-27 00:00:00-04:00,93.81119011334766,94.71436964764622,91.11159378491239,91.5284423828125,60710900,0.0,0.0
2022-10-28 00:00:00-04:00,91.57805883215646,95.82596923593994,91.43910930567836,95.56791687011719,43697300,0.0,0.0
2022-10-31 00:00:00-04:00,94.70444148350553,95.30986768573264,93.27524522456974,93.80126953125,31675000,0.0,0.0
2022-11-01 00:00:00-04:00,94.7342155851969,95.30986797136448,89.692316357766,89.79156494140625,47161400,0.0,0.0
2022-11-02 00:00:00-04:00,90.258048075247,90.49624620747187,86.22848865579014,86.31781768798828,57038300,0.0,0.0
2022-11-03 00:00:00-04:00,85.6726709572669,85.8711680935017,82.71501516541419,82.8043441772461,61288000,0.0,0.0
2022-11-04 00:00:00-04:00,84.75958132144375,85.99028036002329,83.08225231902676,85.93073272705078,51124900,0.0,0.0
2022-11-07 00:00:00-05:00,86.62548312568902,88.23333741705386,86.19870740729978,87.82640838623047,34078900,0.0,0.0
2022-11-08 00:00:00-05:00,88.23332977294922,89.64267920564933,86.9331484706756,88.23332977294922,30429000,0.0,0.0
2022-11-09 00:00:00-05:00,87.78671511436389,88.7692966088653,86.62549069960635,86.66519165039062,31769100,0.0,0.0
2022-11-10 00:00:00-05:00,91.5582057652687,93.68215703307337,90.92300581072043,93.23553466796875,51620100,0.0,0.0
2022-11-11 00:00:00-05:00,93.97991651822383,96.20311650565995,93.21568655329872,95.68701934814453,33090500,0.0,0.0
2022-11-14 00:00:00-05:00,94.37691934673201,96.06417564173266,93.80127450395435,94.98234558105469,30179500,0.0,0.0
2022-11-15 00:00:00-05:00,97.52313939319663,99.38903833699794,95.98475998763868,97.70178985595703,41640800,0.0,0.0
2022-11-16 00:00:00-05:00,97.16583842815655,98.89278785268415,96.90778607712295,98.10871124267578,29105200,0.0,0.0
2022-11-17 00:00:00-05:00,96.24281507898955,98.53548977287406,96.06416461114264,97.62239074707031,26052600,0.0,0.0
2022-11-18 00:00:00-05:00,98.02931128973258,98.15834125388724,95.64731516977584,96.6993637084961,28342300,0.0,0.0
2022-11-21 00:00:00-05:00,96.56041614884042,97.66209278418218,94.64488905580471,94.88308715820312,21647400,0.0,0.0
2022-11-22 00:00:00-05:00,95.23046275016921,96.49094319214763,93.34471701030947,96.32221984863281,23438500,0.0,0.0
2022-11-23 00:00:00-05:00,96.36192005141498,98.0194025037263,96.36192005141498,97.72164916992188,18868100,0.0,0.0
2022-11-25 00:00:00-05:00,97.5032907612572,97.90029265387534,96.66959360172228,96.72914123535156,9701400,0.0,0.0
2022-11-28 00:00:00-05:00,96.31229336649913,96.84824478966246,94.8930167011355,95.32971954345703,26237500,0.0,0.0
2022-11-29 00:00:00-05:00,95.01210950865944,95.39918423359627,93.40425540895066,94.47615814208984,20061700,0.0,0.0
2022-11-30 00:00:00-05:00,94.10893714279987,100.28229409060886,93.71193525947234,100.232666015625,43647500,0.0,0.0
2022-12-01 00:00:00-05:00,100.26243983174288,101.48321929784336,99.49821745338677,100.232666015625,28687100,0.0,0.0
2022-12-02 00:00:00-05:00,98.30722237745412,100.01431765518183,98.15834572013763,99.68679809570312,21480700,0.0,0.0
2022-12-05 00:00:00-05:00,98.65459926367298,100.6197469703689,98.25759735587957,98.73400115966797,24405100,0.0,0.0
2022-12-06 00:00:00-05:00,98.55534850991971,99.03174473103793,95.69694089448478,96.25274658203125,24910700,0.0,0.0
2022-12-07 00:00:00-05:00,95.6870279579022,96.15349708147154,94.00969879373666,94.2280502319336,31045400,0.0,0.0
2022-12-08 00:00:00-05:00,94.66473795397769,94.8632426874311,92.74921081619499,93.00726318359375,32213300,0.0,0.0
2022-12-09 00:00:00-05:00,93.06680339726276,93.55313427631214,92.05445584000017,92.13385772705078,28225400,0.0,0.0
2022-12-12 00:00:00-05:00,92.0147609619929,92.85838524401936,90.92301144571273,92.61026000976562,29420000,0.0,0.0
2022-12-13 00:00:00-05:00,97.0268965895578,98.78361996821883,94.3173656196912,94.9128646850586,40593700,0.0,0.0
2022-12-14 00:00:00-05:00,94.48607804879279,96.14356022591579,92.89807820057908,94.3570556640625,28733600,0.0,0.0
2022-12-15 00:00:00-05:00,92.43160841135212,92.93778600326951,89.33501037181313,90.17863464355469,40107000,0.0,0.0
2022-12-16 00:00:00-05:00,90.0793803135825,90.64510550177309,88.84867379330282,89.5831298828125,58011800,0.0,0.0
2022-12-19 00:00:00-05:00,89.58312266498575,89.8808683561496,87.54849303388916,87.77677154541016,29493000,0.0,0.0
2022-12-20 00:00:00-05:00,87.44925276224407,88.51122839633814,86.78427899285954,88.35242462158203,23453800,0.0,0.0
2022-12-21 00:00:00-05:00,88.41198318586204,89.54343362140024,87.6576803714429,88.90823364257812,24745600,0.0,0.0
2022-12-22 00:00:00-05:00,87.49888481734911,87.87603244128935,85.67267918543912,87.10188293457031,27658300,0.0,0.0
2022-12-23 00:00:00-05:00,86.45676246957663,88.87846732577863,86.41706152102789,88.56086730957031,23003000,0.0,0.0
2022-12-27 00:00:00-05:00,88.13408725969353,88.27303678671537,86.35750965313572,86.73465728759766,20097300,0.0,0.0
2022-12-28 00:00:00-05:00,86.3277389438716,87.37978756410344,85.29553701156534,85.37493133544922,19523200,0.0,0.0
2022-12-29 00:00:00-05:00,85.97044152530074,88.18371457098455,85.96051439483823,87.78671264648438,23333500,0.0,0.0
2022-12-30 00:00:00-05:00,86.32773322681854,87.63783413641092,85.9208042155681,87.568359375,23986300,0.0,0.0
2023-01-03 00:00:00-05:00,88.91814443775428,90.36720229209452,87.8561688679161,88.45167541503906,28131200,0.0,0.0
2023-01-04 00:00:00-05:00,89.67245303705022,89.97020633006692,86.6155485078444,87.41947937011719,34854800,0.0,0.0
2023-01-05 00:00:00-05:00,86.81406171973046,86.9133103030513,85.25583548783042,85.55358123779297,27194400,0.0,0.0
2023-01-06 00:00:00-05:00,86.13914952357796,87.03240180139032,84.22362258367278,86.68502044677734,41381500,0.0,0.0
2023-01-09 00:00:00-05:00,87.69738621274176,89.37471527318449,87.20113572832027,87.35993194580078,29003900,0.0,0.0
2023-01-10 00:00:00-05:00,85.3352304507804,88.00505271446971,85.18635380180301,87.75692749023438,30467800,0.0,0.0
2023-01-11 00:00:00-05:00,88.51123072369855,90.91308108868463,88.34250738771924,90.83367919921875,26862000,0.0,0.0
2023-01-12 00:00:00-05:00,90.79399088981015,91.18106565731547,89.07696090221926,90.44660949707031,30258100,0.0,0.0
2023-01-13 00:00:00-05:00,90.1687035996184,91.49865871880165,89.45410175315347,91.42918395996094,26329200,0.0,0.0
2023-01-17 00:00:00-05:00,91.36964546058256,91.55822308570019,89.37472377540189,90.60542297363281,32602400,0.0,0.0
2023-01-18 00:00:00-05:00,91.4490389437429,92.10409321983435,89.96028748591486,90.43669128417969,29116700,0.0,0.0
2023-01-19 00:00:00-05:00,90.03968954197848,92.90801675008117,89.95036051681471,92.35221862792969,37000400,0.0,0.0
2023-01-20 00:00:00-05:00,94.38683418356587,97.56284161050858,94.3074322941516,97.2849349975586,63191100,0.0,0.0
2023-01-23 00:00:00-05:00,97.21545855943167,99.28978934453644,96.76883619050167,99.04166412353516,40005100,0.0,0.0
2023-01-24 00:00:00-05:00,97.36434045143623,98.86301898722769,96.47108809327639,96.96733856201172,33078500,0.0,0.0
2023-01-25 00:00:00-05:00,94.85332477982458,95.43890433521841,93.0569003074566,94.50595092773438,42330000,0.0,0.0
2023-01-26 00:00:00-05:00,95.77634102925325,96.83831673570589,94.66473724676266,96.78868865966797,30114000,0.0,0.0
2023-01-27 00:00:00-05:00,96.58025989693051,99.56768971813064,96.58025989693051,98.62481689453125,33879800,0.0,0.0
2023-01-30 00:00:00-05:00,96.74899462729292,97.55291796280574,95.67709179848833,96.21304321289062,27226200,0.0,0.0
2023-01-31 00:00:00-05:00,96.1435649864473,98.13848634508432,96.09393691253494,98.09878540039062,29870700,0.0,0.0
2023-02-01 00:00:00-05:00,97.96976938145957,100.43117510729803,96.84824601659454,99.67687225341797,35531100,0.0,0.0
2023-02-02 00:00:00-05:00,105.00659838352416,107.04122068782463,104.81802078918444,106.93204498291016,69883800,0.0,0.0
2023-02-03 00:00:00-05:00,102.15812220922525,107.001524077653,101.81074839414418,103.99424743652344,65309300,0.0,0.0
2023-02-06 00:00:00-05:00,101.6320988290303,103.57739978303069,101.11599409443309,102.12834930419922,31999600,0.0,0.0
2023-02-07 00:00:00-05:00,102.44594211421887,107.36874557367616,102.3466935405881,106.83279418945312,49010200,0.0,0.0
2023-02-08 00:00:00-05:00,101.28471960228619,102.36654194573852,97.30478888374736,98.62481689453125,94743500,0.0,0.0
2023-02-09 00:00:00-05:00,99.25009341009356,99.27986722656759,92.92785973388537,94.29751586914062,119455000,0.0,0.0
2023-02-10 00:00:00-05:00,94.73420738768355,96.02446157990344,93.54320934269664,93.86080932617188,54980700,0.0,0.0
2023-02-13 00:00:00-05:00,94.02953508899373,94.48608460376701,93.13628274609768,93.9005126953125,50076100,0.0,0.0
2023-02-14 00:00:00-05:00,93.72186834498302,94.13871694148641,91.56814302420062,93.9699935913086,54726100,0.0,0.0
2023-02-15 00:00:00-05:00,93.78141137501834,96.39169368435806,93.44396469123609,96.21304321289062,50169000,0.0,0.0
2023-02-16 00:00:00-05:00,94.65482030629548,96.94749512562706,94.0295398485276,94.79376983642578,42462600,0.0,0.0
2023-02-17 00:00:00-05:00,94.13870649225572,94.84338120494091,92.51100566280641,93.6424560546875,34284100,0.0,0.0
2023-02-21 00:00:00-05:00,92.30259463412278,92.40184322144354,91.03219454318074,91.10166931152344,33629300,0.0,0.0
2023-02-22 00:00:00-05:00,91.01233565397179,91.41926468512888,89.93051323448256,90.96271514892578,30884000,0.0,0.0
2023-02-23 00:00:00-05:00,91.23069466942782,91.25054893084341,89.0868963396498,90.20841979980469,41206400,0.0,0.0
2023-02-24 00:00:00-05:00,88.76929699297735,89.21591943991449,87.91574547787702,88.46161651611328,36585100,0.0,0.0
2023-02-27 00:00:00-05:00,89.19607543945312,89.48390166342496,88.67004350256381,89.19607543945312,27502300,0.0,0.0
2023-02-28 00:00:00-05:00,88.66011444958845,90.54586782791486,88.65018731956766,89.38463592529297,30142000,0.0,0.0
2023-03-01 00:00:00-05:00,89.30524066283623,90.34736213861636,88.99756021287892,89.68238830566406,31111200,0.0,0.0
2023-03-02 00:00:00-05:00,88.98762560876229,91.58797286575883,88.91814328327715,91.31007385253906,32204400,0.0,0.0
2023-03-03 00:00:00-05:00,91.78648392755778,93.02711001692573,91.75670254078115,92.94770812988281,35160100,0.0,0.0
2023-03-06 00:00:00-05:00,93.31493408001563,95.25031543626798,93.29508739318105,94.41661071777344,32639300,0.0,0.0
2023-03-07 00:00:00-05:00,94.26774701922037,94.95256755074698,92.8286160456438,93.15614318847656,27835500,0.0,0.0
2023-03-08 00:00:00-05:00,93.41418287651032,95.24038080876726,93.29508004833596,93.54320526123047,34103300,0.0,0.0
2023-03-09 00:00:00-05:00,93.34472325975115,94.81362051791201,91.2108445683197,91.62769317626953,28813500,0.0,0.0
2023-03-10 00:00:00-05:00,91.47880785314275,92.09416114868083,89.72208455892081,89.95035552978516,35941000,0.0,0.0
2023-03-13 00:00:00-04:00,89.41441019573425,91.87581597281934,88.74943635242563,90.42676544189453,37335600,0.0,0.0
2023-03-14 00:00:00-04:00,91.86588978493322,93.65239460696121,91.7467945115858,93.26531982421875,36050200,0.0,0.0
2023-03-15 00:00:00-04:00,92.52093982631897,96.20311744437676,91.94528745764846,95.38926696777344,50622100,0.0,0.0
2023-03-16 00:00:00-04:00,95.47858895236912,100.43117417550806,94.78384131193948,99.56769561767578,65492000,0.0,0.0
2023-03-17 00:00:00-04:00,99.50814641831961,102.06879309004395,99.34934263318691,100.85794830322266,61028500,0.0,0.0
2023-03-20 00:00:00-04:00,99.36920316966915,100.98697707895346,99.12107791886092,100.46095275878906,32960400,0.0,0.0
2023-03-21 00:00:00-04:00,100.49071743651176,104.31184443694538,100.46094362067213,104.13319396972656,42110300,0.0,0.0
2023-03-22 00:00:00-04:00,103.48806284447173,105.79066457024909,102.55511717159571,102.59481811523438,43427400,0.0,0.0
2023-03-23 00:00:00-04:00,104.27213883225404,105.50284536129094,103.67663982552884,104.80809020996094,40797800,0.0,0.0
2023-03-24 00:00:00-04:00,104.20266206661351,104.69891249135313,103.06128457527629,104.6492919921875,30393300,0.0,0.0
2023-03-27 00:00:00-04:00,103.83544837056961,103.97439789278444,101.16561848824847,101.69164276123047,31120900,0.0,0.0
2023-03-28 00:00:00-04:00,101.67179935357876,101.6817189110704,98.9920422554838,100.27236938476562,32057900,0.0,0.0
2023-03-29 00:00:00-04:00,101.5129944157898,101.7214187034689,99.89522061779614,100.62966918945312,28779600,0.0,0.0
2023-03-30 00:00:00-04:00,100.15326948059464,100.4013947056614,99.03173861709708,100.13341522216797,33086200,0.0,0.0
2023-03-31 00:00:00-04:00,100.54035541965774,103.11092940289926,100.28230303664719,102.95213317871094,36863400,0.0,0.0
2023-04-03 00:00:00-04:00,101.62216463041729,103.74611591062242,101.16561513368151,103.577392578125,25035400,0.0,0.0
2023-04-04 00:00:00-04:00,103.54761764904539,104.78824373731965,103.25979148790408,103.9346923828125,24420100,0.0,0.0
2023-04-05 00:00:00-04:00,104.98675068203352,105.30435068738927,102.88265348611964,103.68657684326172,28290500,0.0,0.0
2023-04-06 00:00:00-04:00,104.47064244892897,108.35131686675595,103.54761634796358,107.60694122314453,48711500,0.0,0.0
2023-04-10 00:00:00-04:00,106.17775133008297,106.78316992246287,104.33169902046775,105.64179992675781,27067400,0.0,0.0
2023-04-11 00:00:00-04:00,105.75098808257366,105.9296385713799,103.89500842509663,104.55998229980469,26311800,0.0,0.0
2023-04-12 00:00:00-04:00,105.78074743753035,105.94947077272556,103.5575399759029,103.85529327392578,24370300,0.0,0.0
2023-04-13 00:00:00-04:00,105.04629398559699,106.68392202189075,105.04629398559699,106.62437438964844,24843600,0.0,0.0
2023-04-14 00:00:00-04:00,106.08842602348172,108.12305600146057,106.03879794707,108.05358123779297,26578000,0.0,0.0
2023-04-17 00:00:00-04:00,103.8751497069163,105.36390108383588,103.73619261199721,105.17532348632812,37571200,0.0,0.0
2023-04-18 00:00:00-04:00,105.69141368807013,105.74104175957935,103.28956344176271,103.71633911132812,26596400,0.0,0.0
2023-04-19 00:00:00-04:00,102.8032512436726,104.19275410196762,102.29707363391327,103.39875030517578,20905700,0.0,0.0
2023-04-20 00:00:00-04:00,103.13078617328289,105.45323496035056,103.09108522322421,104.50043487548828,27820800,0.0,0.0
2023-04-21 00:00:00-04:00,104.67907735856379,105.20510165529122,103.99424927374733,104.6195297241211,25800100,0.0,0.0
2023-04-24 00:00:00-04:00,104.69891971395418,105.83037015463859,103.9148430801148,105.17532348632812,23542800,0.0,0.0
2023-04-25 00:00:00-04:00,105.03637557743666,105.88992698575956,103.06129326840653,103.07122039794922,46664100,0.0,0.0
2023-04-26 00:00:00-04:00,104.13319140174777,105.552467975158,101.86036345847234,102.93226623535156,53347600,0.0,0.0
2023-04-27 00:00:00-04:00,103.6667350719233,107.55734507144554,102.76356302408975,106.78318786621094,50089200,0.0,0.0
2023-04-28 00:00:00-04:00,106.23729608563893,106.54496893818438,104.30191480844489,106.53504180908203,36139800,0.0,0.0
2023-05-01 00:00:00-04:00,106.03879433997653,107.18017190898796,106.01894765339576,106.3960952758789,26681700,0.0,0.0
2023-05-02 00:00:00-04:00,106.33654076337154,106.39608839144185,102.93226253537539,104.53018951416016,30997200,0.0,0.0
2023-05-03 00:00:00-04:00,104.73862499300647,106.68392596400858,104.17289974925679,104.6195297241211,21795400,0.0,0.0
2023-05-04 00:00:00-04:00,104.69892635616654,104.80810206984134,103.1903281969406,103.9049301147461,23419500,0.0,0.0
2023-05-05 00:00:00-04:00,104.03395220841355,105.08600082196858,103.32927742271336,104.77832794189453,26639300,0.0,0.0
2023-05-08 00:00:00-04:00,104.3912487209223,107.15040011064862,104.37140203396783,106.96182250976562,26511400,0.0,0.0
2023-05-09 00:00:00-04:00,107.5771848789166,109.3239887931404,106.38618668459873,106.54498291015625,36360100,0.0,0.0
2023-05-10 00:00:00-04:00,107.1603273461475,112.09305821305404,107.12062640001808,110.91197967529297,63153400,0.0,0.0
2023-05-11 00:00:00-04:00,114.53462215184068,117.03572145445024,113.55204823712072,115.69584655761719,78900000,0.0,0.0
2023-05-12 00:00:00-04:00,115.80499903067223,117.14487365852709,115.23927385125883,116.62877655029297,41102300,0.0,0.0
2023-05-15 00:00:00-04:00,115.23928959676992,117.59151964950284,115.14004101303124,115.63629150390625,36266800,0.0,0.0
2023-05-16 00:00:00-04:00,115.61642039221653,119.84447607842361,115.55687276508897,118.61377716064453,45035600,0.0,0.0
2023-05-17 00:00:00-04:00,118.71304303528596,120.7575926346341,117.99844111686251,119.9338150024414,33323600,0.0,0.0
2023-05-18 00:00:00-04:00,120.04299822072547,122.38530128990683,119.923902941664,121.90890502929688,35234200,0.0,0.0
2023-05-19 00:00:00-04:00,122.62349314866378,125.02534358621601,121.233990329754,121.83941650390625,41353400,0.0,0.0
2023-05-22 00:00:00-04:00,122.01808109694906,125.48190762950968,121.81957634431195,124.11225891113281,35253000,0.0,0.0
2023-05-23 00:00:00-04:00,123.22892250659226,123.6953915959423,121.29354109633519,121.64091491699219,34046300,0.0,0.0
2023-05-24 00:00:00-04:00,120.21172148341005,120.99579816666204,118.96116812777687,119.99337005615234,34182600,0.0,0.0
2023-05-25 00:00:00-04:00,123.58621039965489,124.38021415921419,121.04541048455478,122.55401611328125,42317000,0.0,0.0
2023-05-26 00:00:00-04:00,122.24634848019274,124.32067954382788,121.53174653620708,123.67555236816406,35635900,0.0,0.0
2023-05-30 00:00:00-04:00,124.69782771082207,124.71768197166999,121.08512459905116,122.74259948730469,35076700,0.0,0.0
2023-05-31 00:00:00-04:00,121.82949792288854,123.12967181163546,121.58137267253642,121.94860076904297,37325800,0.0,0.0
2023-06-01 00:00:00-04:00,121.89895353520633,123.48695337348924,121.70045639498866,122.79220581054688,30772700,0.0,0.0
2023-06-02 00:00:00-04:00,123.06018362345124,125.2039891873368,122.83191265844434,123.7350845336914,26980100,0.0,0.0
2023-06-05 00:00:00-04:00,123.0800387874398,126.47439004972225,122.91130787950246,125.0650405883789,32305500,0.0,0.0
2023-06-06 00:00:00-04:00,125.06504658476162,127.32793996259925,124.41991945408888,126.35529327392578,26638300,0.0,0.0
2023-06-07 00:00:00-04:00,126.01784008371891,128.072309065116,121.20421224846599,121.58135986328125,52539000,0.0,0.0
2023-06-08 00:00:00-04:00,121.31338907767194,122.3058899837172,120.33080772871682,121.22406005859375,29389200,0.0,0.0
2023-06-09 00:00:00-04:00,121.33323932610408,122.83191785844093,120.99579264278889,121.31339263916016,23778300,0.0,0.0
2023-06-12 00:00:00-04:00,121.86919005532346,123.11974334684123,120.74766673085075,122.71281433105469,28306400,0.0,0.0
2023-06-13 00:00:00-04:00,124.04276764194177,124.22141810946202,122.25626296673931,122.9013900756836,22278300,0.0,0.0
2023-06-14 00:00:00-04:00,122.17687420804884,123.11975472159648,120.53924600846138,122.74259948730469,30592300,0.0,0.0
2023-06-15 00:00:00-04:00,122.21658060199357,124.5191827711058,121.48213193372197,124.1519546508789,35246300,0.0,0.0
2023-06-16 00:00:00-04:00,124.9856569780301,125.16430746912928,122.35552769269613,122.60365295410156,45535600,0.0,0.0
2023-06-20 00:00:00-04:00,122.00813366210225,123.63583450194002,121.22405705707857,122.1768569946289,26097500,0.0,0.0
2023-06-21 00:00:00-04:00,121.48211364469854,121.74016600309444,119.19935850880321,119.64598846435547,30306300,0.0,0.0
2023-06-22 00:00:00-04:00,119.10012175435556,122.31582292151224,117.93889738457422,122.22650146484375,26952200,0.0,0.0
2023-06-23 00:00:00-04:00,120.46975408004121,121.86918395539071,120.15215410135052,121.42255401611328,34913600,0.0,0.0
2023-06-26 00:00:00-04:00,119.85441851212727,121.08511758706368,117.38308566022395,117.45256042480469,33969900,0.0,0.0
2023-06-27 00:00:00-04:00,116.20201599292278,118.18701794330883,115.22936170547375,117.44264221191406,39535900,0.0,0.0
2023-06-28 00:00:00-04:00,116.21193098693968,119.48718710532653,115.97373288245846,119.27876281738281,27091400,0.0,0.0
2023-06-29 00:00:00-04:00,118.34580529426692,119.15965573005691,117.41285959657364,118.20685577392578,24090900,0.0,0.0
2023-06-30 00:00:00-04:00,119.26883719212228,120.17201669011786,118.79244097715116,118.80236053466797,29532200,0.0,0.0
2023-07-03 00:00:00-04:00,118.34582305288369,119.28870359346264,117.9289744293092,119.0008773803711,14467900,0.0,0.0
2023-07-05 00:00:00-04:00,118.34581085804417,121.69054177705794,118.33589130053984,120.83699035644531,27584800,0.0,0.0
2023-07-06 00:00:00-04:00,118.90160146038399,119.39785187119998,117.51209879566314,119.20927429199219,24745200,0.0,0.0
2023-07-07 00:00:00-04:00,119.19936829427263,120.1422487852775,118.50462062484308,118.58402252197266,21709500,0.0,0.0
2023-07-10 00:00:00-04:00,117.41286932662906,117.42278888448908,115.2690635685402,115.57673645019531,35315200,0.0,0.0
2023-07-11 00:00:00-04:00,115.41794182924588,116.8272914274114,114.48498846913382,116.26156616210938,23078800,0.0,0.0
2023-07-12 00:00:00-04:00,117.90910170248144,119.42762676172906,117.52202698432735,118.03812408447266,30404400,0.0,0.0
2023-07-13 00:00:00-04:00,120.02313496341503,123.89389001441005,119.54673119638662,123.60606384277344,44297900,0.0,0.0
2023-07-14 00:00:00-04:00,123.86412354678572,125.82927121842717,122.56394213265052,124.4794692993164,33283100,0.0,0.0
2023-07-17 00:00:00-04:00,124.99557527494002,126.14687246896142,123.26861812563564,123.71524810791016,25716200,0.0,0.0
2023-07-18 00:00:00-04:00,123.6656062716888,123.74500815821673,122.03790545876947,122.8319091796875,26193600,0.0,0.0
2023-07-19 00:00:00-04:00,123.6656104289081,124.24126276731612,120.88661245663589,121.11488342285156,37224000,0.0,0.0
2023-07-20 00:00:00-04:00,120.50946759155578,123.15944340000809,117.3334674734311,118.30611419677734,37906800,0.0,0.0
2023-07-21 00:00:00-04:00,119.71547891444875,120.08269945533341,117.83965254297082,119.1199722290039,72937900,0.0,0.0
2023-07-24 00:00:00-04:00,120.74767468990552,122.07762238859752,120.07277371039838,120.61864471435547,29686100,0.0,0.0
2023-07-25 00:00:00-04:00,120.44991665621404,122.22649427656242,120.11246239355489,121.29354095458984,52509600,0.0,0.0
2023-07-26 00:00:00-04:00,129.0946172624733,129.99778169720037,127.3577404462354,128.3006134033203,61682100,0.0,0.0
2023-07-27 00:00:00-04:00,130.68257697710973,132.24081048402138,127.82416986063298,128.42959594726562,44952100,0.0,0.0
2023-07-28 00:00:00-04:00,129.79928007624758,132.7370897112607,129.59086334627574,131.58578491210938,36591200,0.0,0.0
2023-07-31 00:00:00-04:00,131.73465100315445,132.52865481704072,130.79177809982338,131.7247314453125,28055500,0.0,0.0
2023-08-01 00:00:00-04:00,129.7992922537571,131.63542534094805,129.70003608631143,130.5635223388672,23166800,0.0,0.0
2023-08-02 00:00:00-04:00,128.4792502900743,129.11445031870784,126.60342402236246,127.41728210449219,26273300,0.0,0.0
2023-08-03 00:00:00-04:00,127.01034391124875,128.41969339996243,126.46446537651686,127.48674011230469,20089500,0.0,0.0
2023-08-04 00:00:00-04:00,128.31051623779516,130.5237890233023,126.95079483936229,127.1492919921875,26147200,0.0,0.0
2023-08-07 00:00:00-04:00,128.1914178864696,130.62304202480823,128.05246836840342,130.54364013671875,22746300,0.0,0.0
2023-08-08 00:00:00-04:00,129.64047749645752,130.52380279242055,128.56857458489054,130.4146270751953,23535200,0.0,0.0
2023-08-09 00:00:00-04:00,130.67268510255067,131.04982518382914,128.0326288117845,128.68768310546875,24912900,0.0,0.0
2023-08-10 00:00:00-04:00,130.33521897689877,131.0597403574535,128.47923208801416,128.71743774414062,20857800,0.0,0.0
2023-08-11 00:00:00-04:00,127.69519501020459,128.95566050177683,127.20886401980619,128.58843994140625,19591100,0.0,0.0
2023-08-14 00:00:00-04:00,128.41968447620044,130.38483192031686,127.99291637965989,130.3451385498047,24695600,0.0,0.0
2023-08-15 00:00:00-04:00,130.11688653714737,130.43447898056363,128.31052745646844,128.80677795410156,19770700,0.0,0.0
2023-08-16 00:00:00-04:00,127.73487854003906,129.30303197258323,126.91110844639537,127.73487854003906,25216100,0.0,0.0
2023-08-17 00:00:00-04:00,128.8266444615361,131.00022427090204,128.3204592134365,128.94573974609375,33446300,0.0,0.0
2023-08-18 00:00:00-04:00,127.546294758541,128.28075093151222,125.43227040921398,126.5041732788086,30504800,0.0,0.0
2023-08-21 00:00:00-04:00,126.2262700322158,127.76464194810235,125.61091672255242,127.40734100341797,25248700,0.0,0.0
2023-08-22 00:00:00-04:00,127.54629719383558,129.30302819235456,127.35773472637845,128.11203002929688,22054900,0.0,0.0
2023-08-23 00:00:00-04:00,129.20375527825698,132.40954397470435,128.89608243334328,131.37733459472656,27819700,0.0,0.0
2023-08-24 00:00:00-04:00,132.94550528703812,133.24325861449066,128.59836122593913,128.80677795410156,28500700,0.0,0.0
2023-08-25 00:00:00-04:00,128.56857452291544,129.77942696997056,126.29575386732984,128.90603637695312,26762900,0.0,0.0
2023-08-28 00:00:00-04:00,130.3252954237949,131.54606733409824,129.16407114652645,130.0275421142578,20543300,0.0,0.0
2023-08-29 00:00:00-04:00,131.24832315951218,135.54585383099212,131.24832315951218,133.56085205078125,43075600,0.0,0.0
2023-08-30 00:00:00-04:00,133.76928107064825,135.25803254284958,133.06461385464962,134.8610382080078,28315800,0.0,0.0
2023-08-31 00:00:00-04:00,134.99004570424955,136.9651280020466,134.77169428863934,135.1488494873047,30053800,0.0,0.0
2023-09-01 00:00:00-04:00,136.42915878507017,136.42915878507017,133.838731240279,134.6426544189453,21543700,0.0,0.0
2023-09-05 00:00:00-04:00,134.42433443329878,135.3969811480602,133.57078298930236,134.75186157226562,19403100,0.0,0.0
2023-09-06 00:00:00-04:00,134.99998980551268,135.5061598618362,132.66760640562674,133.45169067382812,18684500,0.0,0.0
2023-09-07 00:00:00-04:00,132.58819181549026,134.56327406172488,131.9529918442149,134.24566650390625,18844300,0.0,0.0
2023-09-08 00:00:00-04:00,133.8983069363544,135.6351836006342,133.8387593023914,135.35728454589844,23558300,0.0,0.0
2023-09-11 00:00:00-04:00,135.51607902909177,136.4490323863561,134.77170328374638,135.8932342529297,20763400,0.0,0.0
2023-09-12 00:00:00-04:00,135.23815692482054,135.84358303367614,134.17618891743425,134.32505798339844,18405500,0.0,0.0
2023-09-13 00:00:00-04:00,134.07695258141447,135.87337691641153,133.1439992452725,135.684814453125,20749500,0.0,0.0
2023-09-14 00:00:00-04:00,136.56814159733074,137.65988359424148,135.21833965192076,137.06439208984375,24751000,0.0,0.0
2023-09-15 00:00:00-04:00,136.94528129329058,137.48124030456012,135.45652981988454,136.36962890625,38919600,0.0,0.0
2023-09-18 00:00:00-04:00,135.58556108112978,138.11644163882283,135.58556108112978,137.17356872558594,21861300,0.0,0.0
2023-09-19 00:00:00-04:00,136.38947604665375,137.3720574197808,135.59547227341233,137.00482177734375,20353700,0.0,0.0
2023-09-20 00:00:00-04:00,137.04452607661787,137.04452607661787,132.61796539950902,132.73707580566406,29927500,0.0,0.0
2023-09-21 00:00:00-04:00,130.45433880616167,131.23840796235106,129.09461723083658,129.4618377685547,31503900,0.0,0.0
2023-09-22 00:00:00-04:00,129.7794091306759,131.03988948397537,128.62811962390344,129.2732391357422,26397300,0.0,0.0
2023-09-25 00:00:00-04:00,128.8564156388002,130.18636343695547,127.99294455474431,130.12681579589844,20094600,0.0,0.0
2023-09-26 00:00:00-04:00,128.7968636929427,129.38243566958448,126.26598302205768,127.60586547851562,25718700,0.0,0.0
2023-09-27 00:00:00-04:00,127.60585276042912,129.91836661698156,127.60585276042912,129.56106567382812,22746500,0.0,0.0
2023-09-28 00:00:00-04:00,128.86633128049803,132.3003915392616,128.81670319967085,131.31781005859375,22513100,0.0,0.0
2023-09-29 00:00:00-04:00,132.28052789506322,133.04475788137387,129.38242688382053,129.87867736816406,30859800,0.0,0.0
2023-10-02 00:00:00-04:00,130.2260695069411,133.41198939838114,130.18636098407492,133.1638641357422,22288000,0.0,0.0
2023-10-03 00:00:00-04:00,132.93559116374053,133.25318362014062,130.8513329307273,131.43690490722656,22989400,0.0,0.0
2023-10-04 00:00:00-04:00,131.79419070491505,134.55335719954957,131.53614591729064,134.225830078125,26752300,0.0,0.0
2023-10-05 00:00:00-04:00,134.05711364746094,134.47396223865763,132.44925177357314,134.05711364746094,19832600,0.0,0.0
2023-10-06 00:00:00-04:00,133.00504324406194,137.123931161278,133.00504324406194,136.54827880859375,27597600,0.0,0.0
2023-10-09 00:00:00-04:00,135.9130912652546,137.89809329303546,134.59306309945669,137.38198852539062,19278100,0.0,0.0
2023-10-10 00:00:00-04:00,137.46139159362946,138.6722440524293,136.3001672148192,137.02468872070312,27786600,0.0,0.0
2023-10-11 00:00:00-04:00,137.54077424532727,140.05180026889775,137.54077424532727,139.49600219726562,25884300,0.0,0.0
2023-10-12 00:00:00-04:00,139.9922602118785,140.16098355386808,137.2231741164266,137.9278564453125,24765500,0.0,0.0
2023-10-13 00:00:00-04:00,138.33478161475625,138.9501273324613,135.59546941209604,136.32992553710938,23420500,0.0,0.0
2023-10-16 00:00:00-04:00,137.13385103003665,138.58290904447986,136.9552081327783,138.056884765625,28501900,0.0,0.0
2023-10-17 00:00:00-04:00,137.59043389315593,138.850899400449,136.15129516641022,138.67225646972656,23515800,0.0,0.0
2023-10-18 00:00:00-04:00,138.40427778791232,139.66475844739028,136.3498083500332,136.9254608154297,23375000,0.0,0.0
2023-10-19 00:00:00-04:00,137.46137089391803,138.6126755411059,136.34977476248778,136.7169952392578,26066000,0.0,0.0
2023-10-20 00:00:00-04:00,136.30015222216522,136.83609605175457,134.06702516754572,134.5831298828125,26335700,0.0,0.0
2023-10-23 00:00:00-04:00,134.0273213470116,136.6276841287948,132.94549894839827,135.47637939453125,26317900,0.0,0.0
2023-10-24 00:00:00-04:00,136.79639635920353,138.31492147464493,136.38946736895807,137.76904296875,44814300,0.0,0.0
2023-10-25 00:00:00-04:00,127.19892549752396,127.34779458240867,124.13209362181638,124.66804504394531,84366200,0.0,0.0
2023-10-26 00:00:00-04:00,122.34558803554405,123.39764418527096,120.36058614753718,121.3630142211914,57061100,0.0,0.0
2023-10-27 00:00:00-04:00,121.95851234164765,122.3852880471967,119.30853665872229,121.25383758544922,44566500,0.0,0.0
2023-10-30 00:00:00-04:00,122.28604612521336,124.45962571740641,121.82949657826617,123.52667236328125,28940100,0.0,0.0
2023-10-31 00:00:00-04:00,124.12216757392719,124.42984802046038,121.76994514607122,123.14952087402344,26292300,0.0,0.0
2023-11-01 00:00:00-04:00,123.13959750160885,125.54144807960145,122.79222366961514,125.50174713134766,30082400,0.0,0.0
2023-11-02 00:00:00-04:00,127.45696935668228,128.01276746198673,125.97814507096508,126.53394317626953,27124600,0.0,0.0
2023-11-03 00:00:00-04:00,127.05997884535377,128.55864986310226,126.90117505497481,128.1318817138672,26393100,0.0,0.0
2023-11-06 00:00:00-05:00,128.08224111307598,129.3625605799608,127.7050859338931,129.2732391357422,19052700,0.0,0.0
2023-11-07 00:00:00-05:00,129.729793973687,130.92079197589274,128.9060164432014,129.9878387451172,29757300,0.0,0.0
2023-11-08 00:00:00-05:00,129.98784740054361,131.21855399990926,129.7992698016351,130.851318359375,26425800,0.0,0.0
2023-11-09 00:00:00-05:00,130.97043911965648,131.55601107722748,129.09461282832507,129.26333618164062,23747800,0.0,0.0
2023-11-10 00:00:00-05:00,129.1243853429863,131.80413499720473,128.43955723420933,131.595703125,26913300,0.0,0.0
2023-11-13 00:00:00-05:00,130.79175344643087,131.5956766666248,130.26572923706053,131.09942626953125,18324800,0.0,0.0
2023-11-14 00:00:00-05:00,133.18368315787652,134.68235389570876,132.32021231855677,132.61795043945312,32395200,0.0,0.0
2023-11-15 00:00:00-05:00,133.85858358428234,134.01738735349468,132.5683446064248,133.61045837402344,23861500,0.0,0.0
2023-11-16 00:00:00-05:00,134.17618031631702,136.19095564980287,133.31270950035443,135.9031219482422,28013200,0.0,0.0
2023-11-17 00:00:00-05:00,134.98013143466227,135.03967906955006,132.64774810580346,134.29530334472656,37240600,0.0,0.0
2023-11-20 00:00:00-05:00,132.68744121099556,135.63516995040786,132.61795888212296,135.22824096679688,27815500,0.0,0.0
2023-11-21 00:00:00-05:00,135.2679473163652,136.15127255285424,134.9404353311043,135.94285583496094,22635300,0.0,0.0
2023-11-22 00:00:00-05:00,136.43912173063663,138.37449576593937,136.43912173063663,137.45147705078125,17813900,0.0,0.0
2023-11-24 00:00:00-05:00,136.994895052353,137.0941511979509,134.9701999236649,135.66494750976562,12514300,0.0,0.0
2023-11-27 00:00:00-05:00,135.00988403041387,137.38196036155256,134.98011021765,135.3870391845703,23436500,0.0,0.0
2023-11-28 00:00:00-05:00,135.05953110146496,136.22075539571145,134.40447683977845,136.17112731933594,18730000,0.0,0.0
2023-11-29 00:00:00-05:00,136.53837669384325,137.25296351690287,133.82883792387636,133.97772216796875,23967200,0.0,0.0
2023-11-30 00:00:00-05:00,134.0372391259656,134.533489537284,130.29550678420406,131.5361328125,38988300,0.0,0.0
2023-12-01 00:00:00-05:00,130.8711700439453,131.11929527039416,129.69009154295097,130.8711700439453,31442300,0.0,0.0
2023-12-04 00:00:00-05:00,128.90603964218352,129.05490874011545,126.94088425548,128.3006134033203,36669900,0.0,0.0
2023-12-05 00:00:00-05:00,127.98299525723667,131.14907573021983,127.28824761685543,130.00770568847656,27384800,0.0,0.0
2023-12-06 00:00:00-05:00,130.45433249808588,130.85132683618656,128.9060333773847,129.04498291015625,23576200,0.0,0.0
2023-12-07 00:00:00-05:00,134.02729611553602,137.52090303503164,133.6898494914081,135.9031219482422,56767100,0.0,0.0
2023-12-08 00:00:00-05:00,133.19363785776235,135.3771371385065,133.02491449661565,133.97772216796875,32260100,0.0,0.0
2023-12-11 00:00:00-05:00,131.3872714988426,132.3400638639477,130.37491635960205,132.29043579101562,31138000,0.0,0.0
2023-12-12 00:00:00-05:00,130.82153234482118,132.0026107589198,130.2756538579234,131.52621459960938,29032800,0.0,0.0
2023-12-13 00:00:00-05:00,132.37975939344534,132.49885464130972,130.5833353978106,131.57583618164062,30104800,0.0,0.0
2023-12-14 00:00:00-05:00,132.37978056258655,132.71722724840416,128.71744966150473,130.95057678222656,38722400,0.0,0.0
2023-12-15 00:00:00-05:00,130.63297472797083,132.5088009828191,130.19627187171184,131.6056365966797,50847100,0.0,0.0
2023-12-18 00:00:00-05:00,131.6354201914368,136.1215140704281,131.4369078643111,134.78164672851562,32258000,0.0,0.0
2023-12-19 00:00:00-05:00,135.81380645779507,136.43908681084687,135.05951129831894,135.62522888183594,25476800,0.0,0.0
2023-12-20 00:00:00-05:00,137.9278469217378,140.63737005261123,137.03460219773686,137.3025665283203,49107200,0.0,0.0
2023-12-21 00:00:00-05:00,138.44397047150616,139.63496864718894,138.13628243906402,139.3669891357422,27488300,0.0,0.0
2023-12-22 00:00:00-05:00,139.7143532323911,140.92520551853121,139.6548056026402,140.428955078125,26532200,0.0,0.0
2023-12-26 00:00:00-05:00,140.52820742657298,141.6100298393638,140.13121309993724,140.458740234375,16780300,0.0,0.0
2023-12-27 00:00:00-05:00,140.52822004635922,141.01455101287016,138.8409712900939,139.31736755371094,19628600,0.0,0.0
2023-12-28 00:00:00-05:00,139.72429963872332,140.0816006302494,138.70202474659453,139.1784210205078,16045700,0.0,0.0
2023-12-29 00:00:00-05:00,138.5829084225353,139.3074298543242,137.73927658207975,138.6424560546875,18733000,0.0,0.0
2024-01-02 00:00:00-05:00,137.51100529289818,138.4042500618413,135.45652112222194,137.13385009765625,23711200,0.0,0.0
2024-01-03 00:00:00-05:00,136.22077511288396,138.58293256213108,136.05205174427556,137.8782501220703,24212100,0.0,0.0
2024-01-04 00:00:00-05:00,137.38199394368868,138.1164501749052,135.327524638977,135.36721801757812,27137700,0.0,0.0
2024-01-05 00:00:00-05:00,135.72449810296587,136.13142710669655,134.1364906048939,134.71214294433594,22513900,0.0,0.0
2024-01-08 00:00:00-05:00,135.26796265470722,137.96756674647926,135.23818883448922,137.79884338378906,21404000,0.0,0.0
2024-01-09 00:00:00-05:00,137.46138108120132,140.42896436301152,137.11399969220417,139.89300537109375,24759600,0.0,0.0
2024-01-10 00:00:00-05:00,139.94261288211587,141.92761448328065,139.85329144470995,141.2130126953125,21320200,0.0,0.0
2024-01-11 00:00:00-05:00,142.41394082764796,144.1309629179814,139.58530757762105,141.01451110839844,24008700,0.0,0.0
2024-01-12 00:00:00-05:00,141.60011549083978,142.12613980794654,140.75649872961355,141.58026123046875,18785500,0.0,0.0
2024-01-16 00:00:00-05:00,140.93514731118603,143.267530806828,140.38926871174172,141.42147827148438,22670500,0.0,0.0
2024-01-17 00:00:00-05:00,140.2900233777166,140.77633917868644,137.85838379541343,140.40911865234375,20968600,0.0,0.0
2024-01-18 00:00:00-05:00,140.98473811903636,143.12854342770427,140.92519049563336,142.4040069580078,25746400,0.0,0.0
2024-01-19 00:00:00-05:00,143.654616891789,145.35178531824096,143.2973158844783,145.28231811523438,34271900,0.0,0.0
2024-01-22 00:00:00-05:00,145.99687917149566,147.27719858762836,144.7463184245613,144.89520263671875,32200400,0.0,0.0
2024-01-23 00:00:00-05:00,144.79596212537868,146.07628167971635,144.40888736296378,145.9373321533203,21636100,0.0,0.0
2024-01-24 00:00:00-05:00,147.42609610314366,148.72628517168496,146.98940837188923,147.58489990234375,25233500,0.0,0.0
2024-01-25 00:00:00-05:00,148.94462008165343,151.90226857782716,148.41858066213035,150.73110961914062,29149100,0.0,0.0
2024-01-26 00:00:00-05:00,149.96688376806185,151.39607226389228,149.8775471822791,151.0487060546875,26115500,0.0,0.0
2024-01-29 00:00:00-05:00,150.919687123006,152.62678991300623,150.29440669865645,152.3588104248047,27784300,0.0,0.0
2024-01-30 00:00:00-05:00,151.6541357617942,152.46797859903648,150.05620875745953,150.32418823242188,36331800,0.0,0.0
2024-01-31 00:00:00-05:00,142.54296958721974,142.92012476265015,138.8210913381924,139.04937744140625,71910000,0.0,0.0
2024-02-01 00:00:00-05:00,141.05421751659907,141.98717074902015,139.73418955416935,140.10142517089844,40466500,0.0,0.0
2024-02-02 00:00:00-05:00,138.21568812094753,141.55049219078217,135.47639072744062,141.3123016357422,62499600,0.0,0.0
2024-02-05 00:00:00-05:00,141.74900272521677,144.37912436638035,141.70929420363484,142.6025390625,38505400,0.0,0.0
2024-02-06 00:00:00-05:00,143.56525733160348,144.2699396743933,142.11621441563744,143.01939392089844,29128200,0.0,0.0
2024-02-07 00:00:00-05:00,143.67444354834973,144.52799503931547,142.85066587671363,144.44859313964844,25208900,0.0,0.0
2024-02-08 00:00:00-05:00,144.73640926724323,145.2326597213676,144.01188784464298,144.81581115722656,22563800,0.0,0.0
2024-02-09 00:00:00-05:00,145.58002011050414,148.31933219973374,145.0837696762943,147.88262939453125,26829500,0.0,0.0
2024-02-12 00:00:00-05:00,147.3070008467846,148.2200999757686,146.2648717378868,146.42367553710938,21564100,0.0,0.0
2024-02-13 00:00:00-05:00,143.83323854119595,145.57011523611322,142.61246659033287,144.0515899658203,27837700,0.0,0.0
2024-02-14 00:00:00-05:00,144.98456111916255,145.42126402208575,143.00947849707447,144.84561157226562,22704200,0.0,0.0
2024-02-15 00:00:00-05:00,142.06659185995144,142.44374708435768,139.40669646187024,141.69937133789062,37590700,0.0,0.0
2024-02-16 00:00:00-05:00,141.9177262893279,142.11622346443778,139.08909232483043,139.46624755859375,31468900,0.0,0.0
2024-02-20 00:00:00-05:00,138.61269407325094,141.0145446894188,138.4439707196268,140.06173706054688,25144700,0.0,0.0
2024-02-21 00:00:00-05:00,140.38924578700608,141.61995232438937,139.62501587257833,141.4810028076172,23223300,0.0,0.0
2024-02-22 00:00:00-05:00,143.84314227764477,143.9126246070933,141.72912574537517,143.0094451904297,27191900,0.0,0.0
2024-02-23 00:00:00-05:00,142.5925983953203,143.59501882359496,142.35439273418308,142.88043212890625,19493800,0.0,0.0
2024-02-26 00:00:00-05:00,141.07408198356765,141.37183529228255,136.35970255272923,136.53836059570312,53641800,0.0,0.0
2024-02-27 00:00:00-05:00,136.9849952684124,138.20576728479702,136.06196144307498,137.8385467529297,33099200,0.0,0.0
2024-02-28 00:00:00-05:00,136.8658750875032,136.9750507978896,134.3945574118629,135.35728454589844,37328600,0.0,0.0
2024-02-29 00:00:00-05:00,136.25051773823296,137.8186709245879,135.37711212953872,137.4216766357422,42133000,0.0,0.0
2024-03-01 00:00:00-05:00,137.39187635556968,137.82857912393163,135.89320562265496,136.11155700683594,31151100,0.0,0.0
2024-03-04 00:00:00-05:00,134.64268084656484,134.64268084656484,130.9208023300921,132.35000610351562,55999400,0.0,0.0
2024-03-05 00:00:00-05:00,130.8910407129197,132.24084271980698,129.6901078028214,131.67510986328125,40194800,0.0,0.0
2024-03-06 00:00:00-05:00,132.12173002942825,132.57828715901485,129.86876363343262,130.4146270751953,35318600,0.0,0.0
2024-03-07 00:00:00-05:00,131.79418082018677,133.92806672802465,130.6230370899261,133.3722686767578,37738200,0.0,0.0
2024-03-08 00:00:00-05:00,133.20354849306366,137.0544415724304,132.99511664674006,134.39454650878906,39370400,0.0,0.0
2024-03-11 00:00:00-04:00,135.10917405073008,138.0569034084444,135.10917405073008,136.6376190185547,32437800,0.0,0.0
2024-03-12 00:00:00-04:00,136.00241751033502,138.33480103284336,136.00241751033502,137.46139526367188,27563400,0.0,0.0
2024-03-13 00:00:00-04:00,137.95766048772458,140.0319842661656,137.94774092815038,138.74172973632812,23347200,0.0,0.0
2024-03-14 00:00:00-04:00,140.131235727734,142.51323236090883,139.40671414966783,142.02691650390625,42753400,0.0,0.0
2024-03-15 00:00:00-04:00,141.43140078025397,142.1062942304719,138.97992195518043,140.1212921142578,49475400,0.0,0.0
2024-03-18 00:00:00-04:00,147.495543377708,151.00898951960397,146.0663398134248,146.572509765625,69273700,0.0,0.0
2024-03-19 00:00:00-04:00,147.04894486376466,147.6742101661268,144.98454106374294,145.9274139404297,24070400,0.0,0.0
2024-03-20 00:00:00-04:00,146.89013190121898,147.7436832734465,145.6395862302464,147.6245880126953,21311500,0.0,0.0
2024-03-21 00:00:00-04:00,148.34910531390932,149.24235003352564,145.79837082481882,146.49313354492188,24755600,0.0,0.0
2024-03-22 00:00:00-04:00,148.0017381108715,150.4432971327226,147.86278858243205,149.63937377929688,29211800,0.0,0.0
2024-03-25 00:00:00-04:00,148.8156111294841,149.2523140183074,146.71151373173285,148.94464111328125,19229300,0.0,0.0
2024-03-26 00:00:00-04:00,149.09349296069317,151.1181882221387,148.85528728225617,149.5401153564453,22149100,0.0,0.0
2024-03-27 00:00:00-04:00,150.04628982187702,150.50284693295552,147.78338881509114,149.73861694335938,22879200,0.0,0.0
2024-03-28 00:00:00-04:00,149.71876999163942,150.2944071987847,149.0438614902864,149.79815673828125,24485400,0.0,0.0
2024-04-01 00:00:00-04:00,149.55998191808914,154.57211512447668,149.48058001874543,154.32398986816406,31730800,0.0,0.0
2024-04-02 00:00:00-04:00,152.34889138814307,153.53988946458512,151.0090090869194,153.40093994140625,24586000,0.0,0.0
2024-04-03 00:00:00-04:00,152.44814641496717,153.9170435269461,151.58466032180885,153.75823974609375,24705000,0.0,0.0
2024-04-04 00:00:00-04:00,152.34889789636918,153.60937836042848,149.3217669288391,149.4011688232422,34724700,0.0,0.0
2024-04-05 00:00:00-04:00,148.9049058909421,152.26948327008697,148.4781377816176,151.35638427734375,23459200,0.0,0.0
2024-04-08 00:00:00-04:00,151.63429745472348,154.10563032964885,151.46557410662442,153.68878173828125,20702000,0.0,0.0
2024-04-09 00:00:00-04:00,154.91947398862214,157.37095261531294,154.02622916635622,155.4256591796875,31079500,0.0,0.0
2024-04-10 00:00:00-04:00,155.0385680237579,155.43556231518494,153.520027755364,154.96908569335938,22838600,0.0,0.0
2024-04-11 00:00:00-04:00,155.73333190851926,158.48254871038773,155.28670949781988,158.21458435058594,27166400,0.0,0.0
2024-04-12 00:00:00-04:00,156.7754510311415,159.0184976446993,155.9615930124083,156.5471649169922,25353700,0.0,0.0
2024-04-15 00:00:00-04:00,157.66871946165114,158.0458747117583,153.43073568254982,153.69871520996094,27136500,0.0,0.0
2024-04-16 00:00:00-04:00,153.03372500347797,154.4827679200494,152.27941458366453,153.2421417236328,20779500,0.0,0.0
2024-04-17 00:00:00-04:00,154.45297673510063,155.9020346330925,153.42078251926884,154.30410766601562,21763100,0.0,0.0
2024-04-18 00:00:00-04:00,154.17511398498522,155.76312176921112,153.46051199652004,154.840087890625,19883000,0.0,0.0
2024-04-19 00:00:00-04:00,155.028625585324,155.18742935171366,151.15787843183034,152.9344482421875,32615600,0.0,0.0
2024-04-22 00:00:00-04:00,153.15281939939192,156.45784938513543,152.90469416152254,155.10804748535156,26446200,0.0,0.0
2024-04-23 00:00:00-04:00,155.78294214571977,157.77786342870908,155.10803368370046,157.07318115234375,21151600,0.0,0.0
2024-04-24 00:00:00-04:00,156.30897512463662,158.37337885267914,155.991367561386,157.93667602539062,22779100,0.0,0.0
2024-04-25 00:00:00-04:00,150.1951766135992,155.31648535594996,149.73861949474144,154.8301544189453,57109700,0.0,0.0
2024-04-26 00:00:00-04:00,173.06237276158643,173.39983456886753,168.3777674191163,170.6605224609375,64665300,0.0,0.0
2024-04-29 00:00:00-04:00,167.79221906197557,168.27855001097527,163.9710992433676,164.90403747558594,45610000,0.0,0.0
2024-04-30 00:00:00-04:00,164.36805950087611,166.83939196600213,161.3806375192715,161.5592803955078,33562900,0.0,0.0
2024-05-01 00:00:00-04:00,163.0679131791334,165.86675805283966,161.86698033617475,162.63121032714844,33493200,0.0,0.0
2024-05-02 00:00:00-04:00,163.55422015396346,165.4796743643417,162.6609753825577,165.37049865722656,24294500,0.0,0.0
2024-05-03 00:00:00-04:00,166.303447513815,166.70045695836217,161.82727393012354,165.98585510253906,34662400,0.0,0.0
2024-05-06 00:00:00-04:00,166.20418609743095,166.87907935372672,164.78490211708194,166.83938598632812,21871300,0.0,0.0
2024-05-07 00:00:00-04:00,167.23639713482265,170.47194452949657,167.12722143299578,169.9657745361328,28039700,0.0,0.0
2024-05-08 00:00:00-04:00,167.73266229376583,168.87403234038655,167.4746174960537,168.1098175048828,19569100,0.0,0.0
2024-05-09 00:00:00-04:00,168.11973776202532,169.40999204467994,166.9188049315239,168.6854705810547,15346700,0.0,0.0
2024-05-10 00:00:00-04:00,166.76992345897793,168.57628234941276,164.94372545466877,167.38526916503906,29799900,0.0,0.0
2024-05-13 00:00:00-04:00,163.02818817677723,168.01054680668042,162.77014340140366,167.87159729003906,31327600,0.0,0.0
2024-05-14 00:00:00-04:00,168.49687394196908,169.9657709630093,167.53414690365162,169.06259155273438,25127100,0.0,0.0
2024-05-15 00:00:00-04:00,169.35044756160798,171.3552886431622,169.23133714549078,171.21633911132812,26948400,0.0,0.0
2024-05-16 00:00:00-04:00,171.99048456648705,173.8067631392547,171.3949930775493,172.87380981445312,27867900,0.0,0.0
2024-05-17 00:00:00-04:00,172.87379384019715,174.94813216308688,172.38747810748998,174.7397003173828,24479300,0.0,0.0
2024-05-20 00:00:00-04:00,174.86874028439564,177.42939448654315,174.7595645769426,175.59326171875,22554400,0.0,0.0
2024-05-21 00:00:00-04:00,175.57340838811095,176.81403455010823,174.49158600949627,176.51629638671875,16989400,0.0,0.0
2024-05-22 00:00:00-04:00,175.3153873539875,175.82155744469904,173.89611810164257,175.05734252929688,17880000,0.0,0.0
2024-05-23 00:00:00-04:00,175.74214258358214,176.91328638262783,171.6530285552818,172.24853515625,21024900,0.0,0.0
2024-05-24 00:00:00-04:00,173.6677996738125,174.45188384954722,172.34777168660725,173.677734375,16579400,0.0,0.0
2024-05-28 00:00:00-04:00,173.14178984862892,175.94064983167806,173.06238795431943,175.07716369628906,20572200,0.0,0.0
2024-05-29 00:00:00-04:00,174.11444068348618,175.51387070822295,173.40977346435537,174.58091735839844,23388700,0.0,0.0
2024-05-30 00:00:00-04:00,173.88617571412965,173.90602997495594,170.50174360052324,170.81935119628906,22931500,0.0,0.0
2024-05-31 00:00:00-04:00,170.57120566797727,171.76220372181547,168.16935530183432,171.20640563964844,37638900,0.0,0.0
2024-06-03 00:00:00-04:00,171.24610323694733,173.22118553313896,169.8764622562065,171.8713836669922,27459100,0.0,0.0
2024-06-04 00:00:00-04:00,171.98055484617473,172.5462876288162,170.60097920010114,172.48672485351562,26879600,0.0,0.0
2024-06-05 00:00:00-04:00,173.88617261813178,175.32529604295863,172.62569210446975,174.0946044921875,22068500,0.0,0.0
2024-06-06 00:00:00-04:00,174.5809007873156,175.8215269019053,174.43203171130955,175.40467834472656,23251000,0.0,0.0
2024-06-07 00:00:00-04:00,175.72230738756323,176.53615034318676,172.99292960170388,173.1517333984375,19661400,0.0,0.0
2024-06-10 00:00:00-04:00,173.85720320728015,175.9339073021769,171.66125199471998,173.89694213867188,23726700,0.2,0.0
2024-06-11 00:00:00-04:00,175.09925413873597,175.71530612964037,172.66483900249895,175.4967041015625,21540600,0.0,0.0
2024-06-12 00:00:00-04:00,177.11633707085997,179.2626031953618,174.9899479924397,176.6592559814453,27864700,0.0,0.0
2024-06-13 00:00:00-04:00,174.98992963777008,175.6159276488582,173.76775676245995,174.0459747314453,20913300,0.0,0.0
2024-06-14 00:00:00-04:00,173.1119718356913,175.93390595699566,173.04240975410747,175.66561889648438,18063600,0.0,0.0
2024-06-17 00:00:00-04:00,174.34408443003642,177.22563442085436,173.69820932054725,176.11276245117188,19618500,0.0,0.0
2024-06-18 00:00:00-04:00,176.01340565485404,176.2618156783684,172.99274644008725,173.9764404296875,21869900,0.0,0.0
2024-06-20 00:00:00-04:00,174.2546331587941,176.16242004315566,173.87706028782432,175.17872619628906,20160100,0.0,0.0
2024-06-21 00:00:00-04:00,175.87427091141254,179.6997907784199,175.48675193790794,178.487548828125,57759000,0.0,0.0
2024-06-24 00:00:00-04:00,179.01419374381484,179.73954672974688,177.53366462186347,178.08016967773438,18298000,0.0,0.0
2024-06-25 00:00:00-04:00,178.47761719658297,183.1179143136271,178.27889222308787,182.8595733642578,23130200,0.0,0.0
2024-06-26 00:00:00-04:00,181.4684906850168,183.33652370507795,181.31943557759413,182.71054077148438,19839000,0.0,0.0
2024-06-27 00:00:00-04:00,183.00861627114853,184.8667334659005,182.84964538682112,184.23080444335938,18848900,0.0,0.0
2024-06-28 00:00:00-04:00,183.14772821008222,183.95257416720727,180.802737253132,180.99151611328125,29156600,0.0,0.0
2024-07-01 00:00:00-04:00,181.86592606220148,182.71052611795955,180.1469331256833,181.82618713378906,16006100,0.0,0.0
2024-07-02 00:00:00-04:00,180.89216044416673,184.38977740074063,180.40527139828873,184.06187438964844,17372500,0.0,0.0
2024-07-03 00:00:00-04:00,183.6743364459609,184.90644018400872,182.829736489871,184.63816833496094,10242100,0.0,0.0
2024-07-05 00:00:00-04:00,184.67794276589416,189.64614308224583,184.618326787977,189.38780212402344,20967500,0.0,0.0
2024-07-08 00:00:00-04:00,188.69223602398804,188.96052307793317,186.58572400777334,187.82777404785156,21035900,0.0,0.0
2024-07-09 00:00:00-04:00,189.09963450972523,190.14295958916762,187.5197504772306,187.77809143066406,15121400,0.0,0.0
2024-07-10 00:00:00-04:00,187.94700799576873,190.53047817126304,187.82777604241306,189.96409606933594,15952500,0.0,0.0
2024-07-11 00:00:00-04:00,188.64256383874462,189.64613480059487,183.90289669863316,184.38978576660156,25625800,0.0,0.0
2024-07-12 00:00:00-04:00,183.90290579597803,185.91999392317484,183.31666179406736,183.89297485351562,22898400,0.0,0.0
2024-07-15 00:00:00-04:00,183.74389752313695,187.0427894309769,183.74389752313695,185.34365844726562,16474000,0.0,0.0
2024-07-16 00:00:00-04:00,186.16839882768255,187.47999579867826,182.203769602895,182.75027465820312,18290700,0.0,0.0
2024-07-17 00:00:00-04:00,181.80630830706235,182.38262131472416,178.75582629160562,179.86871337890625,20734100,0.0,0.0
2024-07-18 00:00:00-04:00,180.77291456531665,181.33929663243535,175.34764875664283,176.5598907470703,25315700,0.0,0.0
2024-07-19 00:00:00-04:00,177.7423170108804,179.14333780092795,176.00344711889437,176.5300750732422,18881900,0.0,0.0
2024-07-22 00:00:00-04:00,179.44143915290098,181.53802010319112,179.08372815601643,180.5145721435547,24100300,0.0,0.0
2024-07-23 00:00:00-04:00,180.89216041821464,182.44223635279693,180.38539432762542,180.63380432128906,36352700,0.0,0.0
2024-07-24 00:00:00-04:00,172.4959213091671,175.06944543810874,170.72724320681195,171.53208923339844,49585200,0.0,0.0
2024-07-25 00:00:00-04:00,171.422773934444,172.31704385351824,166.12667101114428,166.21609497070312,44852000,0.0,0.0
2024-07-26 00:00:00-04:00,166.08692140634935,167.020945440501,163.0165774179734,165.93788146972656,41336900,0.0,0.0
2024-07-29 00:00:00-04:00,167.75623728269647,169.34605213128413,166.92158335005726,168.4517822265625,20293800,0.0,0.0
2024-07-30 00:00:00-04:00,169.15726982937002,170.1409636721862,167.3687148946011,169.20693969726562,18959700,0.0,0.0
2024-07-31 00:00:00-04:00,172.13820531777287,173.14177629603867,168.92873708461033,170.44900512695312,25729100,0.0,0.0
2024-08-01 00:00:00-04:00,169.16722971206943,172.9430651843941,167.80594760520498,169.67398071289062,24531400,0.0,0.0
2024-08-02 00:00:00-04:00,165.38144985923282,167.438276847675,163.62270275190997,165.6000518798828,29130100,0.0,0.0
2024-08-05 00:00:00-04:00,154.51103232007947,163.38423094995542,153.94465019728176,158.2371826171875,53630700,0.0,0.0
2024-08-06 00:00:00-04:00,158.31665821940092,159.5487772402718,155.41523132677855,157.28326416015625,49004600,0.0,0.0
2024-08-07 00:00:00-04:00,160.2244595533612,161.94345261056785,157.46214140159782,157.9291534423828,25138600,0.0,0.0
2024-08-08 00:00:00-04:00,159.48915933518853,162.64894258558448,159.19107944889603,160.99949645996094,25578800,0.0,0.0
2024-08-09 00:00:00-04:00,158.99233275753915,162.74829078749448,158.04837777910737,162.62905883789062,28602300,0.0,0.0
2024-08-12 00:00:00-04:00,163.30475433227653,163.85124425062764,160.81070801086153,161.25784301757812,15895300,0.0,0.0
2024-08-13 00:00:00-04:00,162.37070632388532,163.68230316130368,161.93350232416512,163.11593627929688,18551700,0.0,0.0
2024-08-14 00:00:00-04:00,161.36712454072207,162.1819165911199,156.70696583237768,159.35003662109375,40591100,0.0,0.0
2024-08-15 00:00:00-04:00,159.4792243502646,160.61197337469392,158.59488533261137,160.27413940429688,31524300,0.0,0.0
2024-08-16 00:00:00-04:00,160.44305489951088,164.0102189248703,160.1052209322512,161.923583984375,24208600,0.0,0.0
2024-08-19 00:00:00-04:00,164.2288111566864,165.62984713723483,163.21529415355107,165.60997009277344,22416200,0.0,0.0
2024-08-20 00:00:00-04:00,165.83851174622947,167.5674508233367,165.75903388769558,166.11672973632812,18341500,0.0,0.0
2024-08-21 00:00:00-04:00,164.09963641871417,165.7888365119098,163.62269347422293,164.79519653320312,22902000,0.0,0.0
2024-08-22 00:00:00-04:00,166.19622575508728,166.52412878399306,162.2713506737651,162.75823974609375,22493300,0.0,0.0
2024-08-23 00:00:00-04:00,163.67239563965794,165.12310166986182,162.78805657250106,164.56666564941406,13955700,0.0,0.0
2024-08-26 00:00:00-04:00,165.32182772050928,166.48438469877073,163.414040743741,165.1032257080078,14190400,0.0,0.0
2024-08-27 00:00:00-04:00,164.78525544371954,165.3814455137806,163.4140425413684,163.63262939453125,11821900,0.0,0.0
2024-08-28 00:00:00-04:00,163.99032874858082,164.5467798499015,160.50265802331725,161.81427001953125,16407400,0.0,0.0
2024-08-29 00:00:00-04:00,163.26500694274193,164.9144531934037,159.2308304504993,160.7510986328125,19699800,0.0,0.0
2024-08-30 00:00:00-04:00,161.58573574397926,162.6191298588304,160.66165779990888,162.34091186523438,22123800,0.0,0.0
2024-09-03 00:00:00-04:00,160.6914786071736,160.82065667227133,155.4847990112644,156.3592071533203,38945300,0.0,0.0
2024-09-04 00:00:00-04:00,155.66364237973846,157.98875628626521,154.9680974284368,155.45497131347656,19353800,0.0,0.0
2024-09-05 00:00:00-04:00,155.30593568698094,158.4358956354768,154.98796360800392,156.23995971679688,18688700,0.0,0.0
2024-09-06 00:00:00-04:00,156.29957197054128,156.82619994728552,149.59250210192843,149.96014404296875,37912100,0.0,0.0
2024-09-09 00:00:00-04:00,151.7411114283819,152.62662386310816,146.47778778010462,147.9602813720703,39260500,0.2,0.0
2024-09-10 00:00:00-04:00,149.691491353924,150.5073645461692,147.59212847902893,147.9105224609375,31118800,0.0,0.0
2024-09-11 00:00:00-04:00,149.16417992613762,150.7362162140882,146.77628554400584,150.39793395996094,29607700,0.0,0.0
2024-09-12 00:00:00-04:00,153.02462848632382,154.03949046129577,151.88041704126704,153.91014099121094,29621500,0.0,0.0
2024-09-13 00:00:00-04:00,154.64641866470043,157.5815588842986,154.42754172479422,156.66619873046875,29591200,0.0,0.0
2024-09-16 00:00:00-04:00,156.51691894363321,157.45218236116395,155.8105069116596,157.2631378173828,18379800,0.0,0.0
2024-09-17 00:00:00-04:00,158.21830933206348,159.740594664956,157.5815364815847,158.5167999267578,20715600,0.0,0.0
2024-09-18 00:00:00-04:00,159.05408446311074,159.69085736808276,157.8004420763462,159.00433349609375,23677300,0.0,0.0
2024-09-19 00:00:00-04:00,162.88466293518638,162.96424625525552,160.52660096333298,161.32257080078125,26587700,0.0,0.0
2024-09-20 00:00:00-04:00,162.67573141732413,162.90456764484875,161.2429886014312,162.76527404785156,40896400,0.0,0.0
2024-09-23 00:00:00-04:00,163.52145415015693,164.65570636191646,160.8549571722446,161.0340576171875,24150900,0.0,0.0
2024-09-24 00:00:00-04:00,162.20809181188605,162.39713636620655,159.87989243963506,161.47181701660156,23332100,0.0,0.0
2024-09-25 00:00:00-04:00,160.65596937943812,161.98921028487706,160.4868282360792,160.67587280273438,18869200,0.0,0.0
2024-09-26 00:00:00-04:00,162.8149922049759,163.2527763307088,161.461848171738,161.90957641601562,20319300,0.0,0.0
2024-09-27 00:00:00-04:00,161.98920666955183,164.86463640620642,161.81012140947348,163.1234588623047,21101300,0.0,0.0
2024-09-30 00:00:00-04:00,162.4966264954632,165.31234563823617,162.43691623380593,165.0138702392578,20413900,0.0,0.0
2024-10-01 00:00:00-04:00,166.84460026695353,168.3071905376278,163.75027859535956,166.14813232421875,28338100,0.0,0.0
2024-10-02 00:00:00-04:00,165.58100861617797,166.67546915041717,163.89952615078477,165.02383422851562,17760200,0.0,0.0
2024-10-03 00:00:00-04:00,163.58114729291918,165.79990072302581,163.09361211278292,165.02383422851562,15073100,0.0,0.0
2024-10-04 00:00:00-04:00,167.21274734064073,167.38188848835682,164.64575221638978,166.21778869628906,19047400,0.0,0.0
2024-10-07 00:00:00-04:00,166.87444945314562,167.63061248672904,161.92950423820415,162.15834045410156,22463100,0.0,0.0
2024-10-08 00:00:00-04:00,163.11350061638578,163.89951115954543,162.0488877230142,163.55128479003906,23072700,0.0,0.0
2024-10-09 00:00:00-04:00,162.6259561269001,164.00894776946933,158.93466876764882,161.04397583007812,31181800,0.0,0.0
2024-10-10 00:00:00-04:00,160.0589719311791,162.2478928162512,159.59134021317385,161.26287841796875,14144100,0.0,0.0
2024-10-11 00:00:00-04:00,161.31263337427697,163.07369906378534,160.4271208786136,162.4170379638672,15344300,0.0,0.0
2024-10-14 00:00:00-04:00,162.81501959424767,165.3919586438415,162.5762240722605,164.1283721923828,19016100,0.0,0.0
2024-10-15 00:00:00-04:00,164.95416217665158,166.8346331245922,163.8000218608721,164.62583923339844,20247200,0.0,0.0
2024-10-16 00:00:00-04:00,163.70053329945262,164.96413494193072,162.91452270440968,164.32736206054688,16406000,0.0,0.0
2024-10-17 00:00:00-04:00,164.8944683866494,165.53124122104538,161.93944041934847,162.10858154296875,21453400,0.0,0.0
2024-10-18 00:00:00-04:00,162.3672941471386,163.87963544942022,162.2578480953578,162.59613037109375,19757700,0.0,0.0
2024-10-21 00:00:00-04:00,162.12849497134508,163.67068378195492,161.8001568233936,163.24285888671875,20946500,0.0,0.0
2024-10-22 00:00:00-04:00,162.15833529455813,164.93427806644567,162.15833529455813,164.3074493408203,16568100,0.0,0.0
2024-10-23 00:00:00-04:00,163.92934880784398,164.98401751793747,161.11361457163926,161.95933532714844,18280500,0.0,0.0
2024-10-24 00:00:00-04:00,162.00910425207076,162.50658353239453,160.198272384398,161.899658203125,22412500,0.0,0.0
2024-10-25 00:00:00-04:00,162.84485839827352,164.75517692607178,162.59611876941653,164.43679809570312,19828900,0.0,0.0
2024-10-28 00:00:00-04:00,167.89925067008892,167.89925067008892,163.12344672576728,165.87948608398438,32138600,0.0,0.0
2024-10-29 00:00:00-04:00,166.88438836507615,169.52103755308448,166.24761551933543,168.82455444335938,42169000,0.0,0.0
2024-10-30 00:00:00-04:00,179.7691030508194,181.1023590425056,173.18248232545162,173.58047485351562,68890800,0.0,0.0
2024-10-31 00:00:00-04:00,172.25718077657928,175.92858030114797,170.13791418034728,170.2473602294922,44769000,0.0,0.0
2024-11-01 00:00:00-04:00,169.21260195677476,171.45125861583475,168.02859889466288,170.4264373779297,31796500,0.0,0.0
2024-11-04 00:00:00-05:00,169.07330370933886,169.86927360734452,167.16298506324307,168.3867950439453,21492700,0.0,0.0
2024-11-05 00:00:00-05:00,168.57581219568198,169.67027262380228,167.98879032144563,168.88426208496094,18242100,0.0,0.0
2024-11-06 00:00:00-05:00,172.92378818784377,176.04795723175238,172.62529760518007,175.6201171875,33695500,0.0,0.0
2024-11-07 00:00:00-05:00,176.51560241710214,180.16709852379773,176.2967103185547,179.83876037597656,25352900,0.0,0.0
2024-11-08 00:00:00-05:00,179.7392592604337,179.9879989024669,177.1822236349013,177.45086669921875,22006200,0.0,0.0
2024-11-11 00:00:00-05:00,177.67968464546155,179.6397540376483,177.57023860694844,179.44076538085938,17450400,0.0,0.0
2024-11-12 00:00:00-05:00,178.91346288473798,181.57000052707394,178.4856227918212,180.70437622070312,25134900,0.0,0.0
2024-11-13 00:00:00-05:00,179.5502161710403,180.04769541710874,177.63988250609916,177.97817993164062,23184000,0.0,0.0
2024-11-14 00:00:00-05:00,177.38120927026733,177.9184953896884,173.44118190987194,174.69482421875,31007500,0.0,0.0
2024-11-15 00:00:00-05:00,172.8541459998015,173.2620826521563,170.35680548513443,171.6204071044922,32504600,0.0,0.0
2024-11-18 00:00:00-05:00,172.5457023973927,174.55552283170013,172.02831972302542,174.41622924804688,20135300,0.0,0.0
2024-11-19 00:00:00-05:00,172.84420375176396,177.96823430730947,172.68500673714084,177.22201538085938,23434900,0.0,0.0
2024-11-20 00:00:00-05:00,176.44593283355675,176.78421507240827,172.90388308120177,175.09278869628906,18997100,0.0,0.0
2024-11-21 00:00:00-05:00,173.02327566367867,173.25212704774955,162.87470208296352,166.78489685058594,59734400,0.0,0.0
2024-11-22 00:00:00-05:00,165.0138834352713,165.62080876483188,163.07370209558795,163.9293670654297,38604600,0.0,0.0
2024-11-25 00:00:00-05:00,165.25266140749017,167.77986461840595,164.77508555590978,166.80479431152344,33135300,0.0,0.0
2024-11-26 00:00:00-05:00,166.7849164091866,168.96387819100605,166.73516544238646,168.26739501953125,20486700,0.0,0.0
2024-11-27 00:00:00-05:00,168.14797960120848,168.62555541069312,167.17292456213445,168.37681579589844,19266500,0.0,0.0
2024-11-29 00:00:00-05:00,167.6505077939042,168.57581191461244,166.31726704322566,168.09823608398438,14257200,0.0,0.0
2024-12-02 00:00:00-05:00,167.91915410888186,171.21246438956555,167.72016544073577,170.6254425048828,23789100,0.0,0.0
2024-12-03 00:00:00-05:00,170.62543391026162,171.8094217397436,169.98866109515185,170.47618103027344,22248700,0.0,0.0
2024-12-04 00:00:00-05:00,170.28715321004535,174.02820715023717,170.1976105823781,173.4909210205078,31615100,0.0,0.0
2024-12-05 00:00:00-05:00,174.4759419461396,175.17240993472817,171.46121858121353,171.7696533203125,21356200,0.0,0.0
2024-12-06 00:00:00-05:00,171.1627116663367,174.1973381653999,170.99357054105934,173.82920837402344,21462400,0.0,0.0
2024-12-09 00:00:00-05:00,173.28137934704367,175.57239476360732,172.9725759063786,174.6858673095703,25389600,0.2,0.0
2024-12-10 00:00:00-05:00,182.13667521959667,185.63297660419835,180.34369430470025,184.44761657714844,54813000,0.0,0.0
2024-12-11 00:00:00-05:00,184.58707675233347,194.84689801892716,184.1288797897164,194.63771057128906,67894100,0.0,0.0
2024-12-12 00:00:00-05:00,194.23925408402715,194.41854456138273,190.96209592074564,191.21112060546875,34817500,0.0,0.0
2024-12-13 00:00:00-05:00,190.26484320082633,191.97813450480885,188.90019258748762,189.07949829101562,25143500,0.0,0.0
2024-12-16 00:00:00-05:00,192.11756882122688,198.22365926952406,191.8685441236521,195.89279174804688,44934900,0.0,0.0
2024-12-17 00:00:00-05:00,196.48048589662955,200.6342160179093,194.21933739249496,194.65762329101562,43504000,0.0,0.0
2024-12-18 00:00:00-05:00,194.4584096820746,196.23146433679096,187.0075948858922,187.66500854492188,34166100,0.0,0.0
2024-12-19 00:00:00-05:00,190.88242054359256,192.27695280314458,187.64509939888953,187.7745819091797,32265200,0.0,0.0
2024-12-20 00:00:00-05:00,185.05525772907643,192.13752171899915,184.4974447609736,190.66329956054688,63462900,0.0,0.0
2024-12-23 00:00:00-05:00,191.86855908689105,194.33889522295496,189.40819366703502,193.8707275390625,25675000,0.0,0.0
2024-12-24 00:00:00-05:00,194.0798904284353,195.34494018554688,193.02402811118543,195.34494018554688,10403300,0.0,0.0
2024-12-26 00:00:00-05:00,194.38868793025316,195.98245219810025,193.62170274567876,194.83694458007812,12046600,0.0,0.0
2024-12-27 00:00:00-05:00,194.18945436832726,194.558021252894,189.906226569023,192.00799560546875,18891400,0.0,0.0
2024-12-30 00:00:00-05:00,189.05957268360805,191.79884463576994,188.3822175336386,190.49395751953125,14264700,0.0,0.0
2024-12-31 00:00:00-05:00,190.33457825065463,191.2111501400391,187.77459680063998,188.5615234375,17466900,0.0,0.0
2025-01-02 00:00:00-05:00,189.90625140953068,191.25099101984424,186.76854591781662,188.69100952148438,20370800,0.0,0.0
2025-01-03 00:00:00-05:00,190.62341890024783,192.45625220914977,189.23884220230838,191.04177856445312,18596200,0.0,0.0
2025-01-06 00:00:00-05:00,193.2232644718959,197.44672936937255,193.09378194764346,196.10198974609375,29563600,0.0,0.0
2025-01-07 00:00:00-05:00,196.34104650196386,200.21587045148732,193.84084384019965,194.7273712158203,26487200,0.0,0.0
2025-01-08 00:00:00-05:00,191.818768515616,195.52424236393108,191.62950729663424,193.19337463378906,24864800,0.0,0.0
2025-01-10 00:00:00-05:00,193.54201039861906,195.75335107074358,189.5675704988791,191.2908172607422,26665200,0.0,0.0
2025-01-13 00:00:00-05:00,189.32851141262705,190.43416651970912,186.62907690279673,190.26483154296875,21823700,0.0,0.0
2025-01-14 00:00:00-05:00,190.49392754683893,191.23103088318788,187.57535034976993,188.9200897216797,17174900,0.0,0.0
2025-01-15 00:00:00-05:00,192.33671488233958,195.59396223510123,191.1115176062456,194.78712463378906,21776000,0.0,0.0
2025-01-16 00:00:00-05:00,193.3826375623353,194.71740642480486,192.05782421701394,192.15744018554688,17815400,0.0,0.0
2025-01-17 00:00:00-05:00,195.76329797481387,196.46056410218043,192.9941444980855,195.23536682128906,27735100,0.0,0.0
2025-01-21 00:00:00-05:00,198.29339931939404,201.50082353528188,197.0980685764286,197.27737426757812,29971300,0.0,0.0
2025-01-22 00:00:00-05:00,198.28342571973468,199.6978841991253,196.75939576380796,197.5961151123047,26200600,0.0,0.0
2025-01-23 00:00:00-05:00,197.36703633289733,199.51861361447575,194.4385031217372,197.20765686035156,26951400,0.0,0.0
2025-01-24 00:00:00-05:00,197.32718592161126,200.11625050908367,197.22756995808922,199.428955078125,23877500,0.0,0.0
2025-01-27 00:00:00-05:00,191.65938720339696,196.11195036774717,189.98593319836488,191.0617218017578,41728900,0.0,0.0
2025-01-28 00:00:00-05:00,191.99806124313736,194.71740695981467,189.9361292430902,194.53811645507812,24157900,0.0,0.0
2025-01-29 00:00:00-05:00,194.7970833042233,196.0222806001553,192.6753879484473,194.64767456054688,18218300,0.0,0.0
2025-01-30 00:00:00-05:00,197.22758104242592,200.61431120284323,196.89886658344366,200.0863800048828,24354700,0.0,0.0
2025-01-31 00:00:00-05:00,201.21195154612846,204.67837101004093,201.0127348319746,203.2240753173828,32001100,0.0,0.0
2025-02-03 00:00:00-05:00,199.90705965419968,202.95511938336384,199.31936504221272,200.4449462890625,27838300,0.0,0.0
2025-02-04 00:00:00-05:00,202.59654903669593,206.24227455727316,202.01880986682883,205.57489013671875,43856400,0.0,0.0
2025-02-05 00:00:00-05:00,190.32460742693195,191.998046136523,187.29645852491726,190.58358764648438,70373900,0.0,0.0
2025-02-06 00:00:00-05:00,188.76074056252688,191.35060376868358,187.98378464053243,190.85255432128906,29297400,0.0,0.0
2025-02-07 00:00:00-05:00,190.30467405380017,190.43415655908677,182.52514505087987,184.616943359375,49315000,0.0,0.0
2025-02-10 00:00:00-05:00,186.61912556239702,187.46580046504565,185.13493280467802,185.7425537109375,23105600,0.0,0.0
2025-02-11 00:00:00-05:00,184.3081687207876,186.21072116923287,183.56109458441756,184.5970458984375,21239500,0.0,0.0
2025-02-12 00:00:00-05:00,182.5052293386179,184.38785552440282,181.12065256917043,182.89370727539062,22072600,0.0,0.0
2025-02-13 00:00:00-05:00,183.6009416706382,185.5532868448968,182.42553716023775,185.41383361816406,21402500,0.0,0.0
2025-02-14 00:00:00-05:00,184.3380502737544,185.67281908148942,183.60094685418304,184.50738525390625,20448400,0.0,0.0
2025-02-18 00:00:00-05:00,184.87596341155862,185.23455962642282,181.0310210185614,183.0531005859375,29916700,0.0,0.0
2025-02-19 00:00:00-05:00,183.35192561125757,184.73650242741212,182.8737872119756,184.5472412109375,19549400,0.0,0.0
2025-02-20 00:00:00-05:00,184.07906552714084,184.587070455128,182.00717815142445,183.83999633789062,20441500,0.0,0.0
2025-02-21 00:00:00-05:00,184.42769462228776,184.61695583425816,178.38138255149903,178.95912170410156,35199200,0.0,0.0
2025-02-24 00:00:00-05:00,181.28005204828406,182.4056335180021,178.192139246301,178.5507354736328,29854200,0.0,0.0
2025-02-25 00:00:00-05:00,177.3454308360551,178.04271218366185,174.0085088406691,174.73565673828125,41913400,0.0,0.0
2025-02-26 00:00:00-05:00,174.38701976901885,175.39307405965482,170.9106295738481,172.05613708496094,35431300,0.0,0.0
2025-02-27 00:00:00-05:00,173.31123936714644,173.87900779159736,167.28483845921406,167.8426513671875,39991000,0.0,0.0
2025-02-28 00:00:00-05:00,168.02194319125016,169.94442183496423,166.11940597917265,169.61570739746094,48130600,0.0,0.0
2025-03-03 00:00:00-05:00,171.2592638730811,172.69364861452485,165.28267091657344,166.35845947265625,40770500,0.0,0.0
2025-03-04 00:00:00-05:00,165.59146927723793,172.61395362786732,165.15318337522604,170.25320434570312,45388000,0.0,0.0
2025-03-05 00:00:00-05:00,169.85478454890304,173.10206141211768,168.4004735026306,172.34503173828125,30954900,0.0,0.0
2025-03-06 00:00:00-05:00,169.86475071785694,174.1280529574759,169.83486896565157,171.6776580810547,28302000,0.0,0.0
2025-03-07 00:00:00-05:00,170.59186930474007,174.2874024166863,169.6057412532836,173.18173217773438,27385800,0.0,0.0
2025-03-10 00:00:00-04:00,167.7966101322015,167.99607150995365,163.23920372577845,165.41319274902344,43604000,0.2,0.0
2025-03-11 00:00:00-04:00,164.45584068137828,166.29076966008637,160.92558133782,163.58822631835938,39587400,0.0,0.0
2025-03-12 00:00:00-04:00,166.1212563192557,167.17833474519742,163.07965268636923,166.64979553222656,28372400,0.0,0.0
2025-03-13 00:00:00-04:00,165.58271795856493,165.67248166266438,161.6635485106855,162.31175231933594,31756200,0.0,0.0
2025-03-14 00:00:00-04:00,162.82035345635094,166.03148669065808,162.00260445854184,165.03424072265625,31995900,0.0,0.0
2025-03-17 00:00:00-04:00,164.57552252303753,165.84202932963498,163.21926721954216,163.83755493164062,31184300,0.0,0.0
2025-03-18 00:00:00-04:00,163.2292289881846,163.797666550582,156.28840488131223,160.22752380371094,42074800,0.0,0.0
2025-03-19 00:00:00-04:00,161.3145206452732,165.41320264839743,160.55661910146412,163.43865966796875,34275600,0.0,0.0
2025-03-20 00:00:00-04:00,161.1250457167365,164.43589456907407,160.51672503978745,162.35165405273438,28138500,0.0,0.0
2025-03-21 00:00:00-04:00,160.76603321155818,163.7876873527184,160.44690718978086,163.5383758544922,36625800,0.0,0.0
2025-03-24 00:00:00-04:00,166.60991043967152,167.85646804378672,164.68521758619846,167.2182159423828,30879100,0.0,0.0
2025-03-25 00:00:00-04:00,168.51465076506113,170.1601160484689,167.85647986846672,170.09030151367188,24174400,0.0,0.0
2025-03-26 00:00:00-04:00,168.53459028680902,169.14291101426645,164.3860428738787,164.60543823242188,28901600,0.0,0.0
2025-03-27 00:00:00-04:00,164.17661497957295,164.96443262961915,161.55385311215238,161.79319763183594,24508300,0.0,0.0
2025-03-28 00:00:00-04:00,160.04800692471866,161.3743458553731,153.20689914473365,153.90496826171875,48669300,0.0,0.0
2025-03-31 00:00:00-04:00,152.68834136730996,155.11164193370462,150.24509161947617,154.21412658691406,54603500,0.0,0.0
2025-04-01 00:00:00-04:00,153.19693997672525,157.66461343058796,153.19693997672525,156.637451171875,30672900,0.0,0.0
2025-04-02 00:00:00-04:00,154.72271899671657,157.973750867397,154.27396131633463,156.60751342773438,25041700,0.0,0.0
2025-04-03 00:00:00-04:00,150.69384170810525,152.35924068042604,149.97582338010557,150.30491638183594,46883400,0.0,0.0
2025-04-04 00:00:00-04:00,147.60238713771614,150.65397293111235,144.9796402891217,145.19903564453125,62259500,0.0,0.0
2025-04-07 00:00:00-04:00,141.1601793715283,152.42906261628312,140.14298415460087,146.34585571289062,76794100,0.0,0.0
2025-04-08 00:00:00-04:00,150.80354683062922,151.82074204837693,142.63609935843277,144.30149841308594,52200200,0.0,0.0
2025-04-09 00:00:00-04:00,144.0222787835972,159.11061702523395,143.51368875470308,158.27293395996094,70406200,0.0,0.0
2025-04-10 00:00:00-04:00,156.10888048544342,157.28563866565491,149.51708388683267,152.39913940429688,48022000,0.0,0.0
2025-04-11 00:00:00-04:00,152.47890126397309,157.23576875594767,152.39913497789206,156.7072296142578,33636200,0.0,0.0
2025-04-14 00:00:00-04:00,159.5593589601424,161.27462328630523,157.12607630131762,158.63192749023438,30333000,0.0,0.0
2025-04-15 00:00:00-04:00,158.6917731015249,159.2103301054895,154.78257030571797,155.87953186035156,27551500,0.0,0.0
2025-04-16 00:00:00-04:00,152.67838302048966,155.46069292632185,151.0927501668845,152.90774536132812,28187400,0.0,0.0
2025-04-17 00:00:00-04:00,153.86508310192784,154.25400844452392,148.09103529003713,150.74371337890625,33046600,0.0,0.0
2025-04-21 00:00:00-04:00,148.46999532680982,148.53979463690146,145.6976525525358,147.26332092285156,26049100,0.0,0.0
2025-04-22 00:00:00-04:00,148.4799748767304,151.7708901311246,148.1309326464279,151.05287170410156,26971800,0.0,0.0
2025-04-23 00:00:00-04:00,155.1814586711159,157.09616926384234,153.38641273519517,154.92218017578125,31128800,0.0,0.0
2025-04-24 00:00:00-04:00,155.7199692710382,159.15049822016638,155.36096007364648,158.8413543701172,45894000,0.0,0.0
2025-04-25 00:00:00-04:00,164.6153973250298,165.64255944276826,160.59648212136133,161.5139617919922,56034000,0.0,0.0
2025-04-28 00:00:00-04:00,161.98265861948803,162.70067694860023,158.16321987401656,160.1676788330078,29745800,0.0,0.0
2025-04-29 00:00:00-04:00,159.87849612757626,160.29733764803302,157.086204107764,159.71893310546875,26809000,0.0,0.0
2025-04-30 00:00:00-04:00,157.5449218586139,158.83137774482094,154.9720253029664,158.3626708984375,34981100,0.0,0.0
2025-05-01 00:00:00-04:00,160.00812396444732,161.5039930234171,158.47237175928248,160.8557891845703,30203200,0.0,0.0
2025-05-02 00:00:00-04:00,162.95998987139254,164.51569136243157,161.42422234640523,163.57827758789062,25715000,0.0,0.0
2025-05-05 00:00:00-04:00,162.551092409754,164.93450965911595,162.27186475669814,163.7577667236328,21341800,0.0,0.0
2025-05-06 00:00:00-04:00,161.72339340187466,164.3461554362482,160.74609651363122,162.7804718017578,21277200,0.0,0.0
2025-05-07 00:00:00-04:00,163.62814193511582,164.545606521222,147.43285979099062,150.96311950683594,127490100,0.0,0.0
2025-05-08 00:00:00-04:00,154.57313616382487,155.5005676767597,152.4789133936082,153.85511779785156,57498700,0.0,0.0
2025-05-09 00:00:00-04:00,153.7454333756296,154.62301483562555,151.78085729062752,152.329345703125,32435300,0.0,0.0
2025-05-12 00:00:00-04:00,157.0562906900787,158.66185748829406,155.81970007226886,158.02362060546875,44138800,0.0,0.0
2025-05-13 00:00:00-04:00,158.35270013902556,160.12781218093087,155.72995326636035,159.09066772460938,42382100,0.0,0.0
2025-05-14 00:00:00-04:00,159.51947674839957,166.5400818883142,159.17043456192712,164.91456604003906,48755900,0.0,0.0
2025-05-15 00:00:00-04:00,165.3832808496498,165.75227223459135,161.92283584781248,163.5084686279297,33146700,0.0,0.0
2025-05-16 00:00:00-04:00,167.26806720706887,168.88361607338598,165.16387753981013,165.73231506347656,42846900,0.0,0.0
2025-05-19 00:00:00-04:00,164.0569364118495,166.18107529267584,163.7677417629434,166.0813446044922,30426100,0.0,0.0
2025-05-20 00:00:00-04:00,165.9716462897934,168.03595283640126,162.45136908866291,163.5283966064453,46607700,0.0,0.0
2025-05-21 00:00:00-04:00,163.2392111991083,172.66318349220677,163.1095643409873,168.09579467773438,73416000,0.0,0.0
2025-05-22 00:00:00-04:00,171.37672606938918,176.28317441687045,170.23986627200654,170.3994140625,74864400,0.0,0.0
2025-05-23 00:00:00-04:00,168.5944139952117,169.49194456610303,167.42763794814334,168.00604248046875,35211400,0.0,0.0
2025-05-27 00:00:00-04:00,169.69139882784629,172.69310408957966,169.53183580095055,172.42384338378906,37995700,0.0,0.0
2025-05-28 00:00:00-04:00,172.6831300854681,174.7873198647011,171.4365725199691,171.8853302001953,34784000,0.0,0.0
2025-05-29 00:00:00-04:00,173.5208093888165,173.93965089581198,170.1600951338123,171.38670349121094,29317300,0.0,0.0
2025-05-30 00:00:00-04:00,170.87810348795895,171.73573563304672,166.97886808315485,171.26702880859375,52639900,0.0,0.0
2025-06-02 00:00:00-04:00,167.37777366516244,169.40218193277036,166.92901598525125,168.5644989013672,38612300,0.0,0.0
2025-06-03 00:00:00-04:00,167.0287408798973,168.01600469808255,164.82482048675826,165.7223358154297,45084900,0.0,0.0
2025-06-04 00:00:00-04:00,166.28081407126308,167.75673398423967,165.90185569784677,167.5872039794922,26900800,0.0,0.0
2025-06-05 00:00:00-04:00,169.87088888051295,170.45926039928958,167.1284622369502,167.74676513671875,36379100,0.0,0.0
2025-06-06 00:00:00-04:00,170.35954849552294,174.01943975782734,170.35954849552294,173.20169067382812,35731800,0.0,0.0
2025-06-09 00:00:00-04:00,174.27003651227847,176.19705935039198,174.1003012753775,175.81764221191406,28935900,0.21,0.0
2025-06-10 00:00:00-04:00,175.92747903926403,180.8298886948226,174.63948090794972,178.3237762451172,61766100,0.0,0.0
2025-06-11 00:00:00-04:00,179.49195401036374,180.09101684926247,176.47662077845203,177.07569885253906,31646800,0.0,0.0
2025-06-12 00:00:00-04:00,175.9075065231488,176.4466798719252,174.47972552416806,175.42825317382812,20941900,0.0,0.0
2025-06-13 00:00:00-04:00,172.17329464872896,176.85604320367563,172.1233689351953,174.39984130859375,27663100,0.0,0.0
2025-06-16 00:00:00-04:00,174.45974398959817,176.66633252587772,174.37986589593493,176.49659729003906,27389200,0.0,0.0
2025-06-17 00:00:00-04:00,175.4282431183839,177.08567926563504,174.30998028900405,175.6778564453125,24973000,0.0,0.0
2025-06-18 00:00:00-04:00,175.73776761612697,176.28692000243774,172.93211615674434,173.05194091796875,28707500,0.0,0.0
2025-06-20 00:00:00-04:00,173.68095462694552,174.07035081830173,165.20409556084024,166.38226318359375,75659900,0.0,0.0
2025-06-23 00:00:00-04:00,166.0128407101847,167.08117785912864,161.74944069273923,164.93450927734375,57671000,0.0,0.0
2025-06-24 00:00:00-04:00,166.66183161080377,167.95982401484335,165.87306016657053,166.51206970214844,40524300,0.0,0.0
2025-06-25 00:00:00-04:00,167.37074500344593,172.09342522608725,167.29086690480466,170.416015625,35479000,0.0,0.0
2025-06-26 00:00:00-04:00,172.16329217484034,173.42135306121023,169.67715325213413,173.27157592773438,31796700,0.0,0.0
2025-06-27 00:00:00-04:00,173.27158802075178,178.40363764116194,171.46438989107267,178.25387573242188,108140200,0.0,0.0
2025-06-30 00:00:00-04:00,180.50039372606906,180.949694682379,174.30998606031628,175.95742797851562,63378900,0.0,0.0
2025-07-01 00:00:00-04:00,175.46818749328466,175.81763700531283,173.26159900853952,175.56802368164062,35904500,0.0,0.0
2025-07-02 00:00:00-04:00,175.26848197683447,178.58335417760583,174.79922295185074,178.3636932373047,29128900,0.0,0.0
2025-07-03 00:00:00-04:00,178.22391365801445,179.39210218822254,176.7761594232363,179.2523193359375,21689700,0.0,0.0
2025-07-07 00:00:00-04:00,178.78304908898676,179.0226833705182,175.40827199123135,176.5165557861328,34175600,0.0,0.0
2025-07-08 00:00:00-04:00,177.5749242496101,177.67476043779465,172.54271112131266,174.09031677246094,40442500,0.0,0.0
2025-07-09 00:00:00-04:00,174.97894087050608,179.1624626362242,172.50278095171484,176.34681701660156,43025600,0.0,0.0
2025-07-10 00:00:00-04:00,175.35836349959487,178.15402063985096,174.11029683512743,177.34527587890625,29252400,0.0,0.0
2025-07-11 00:00:00-04:00,176.51656530489134,181.14938835134018,176.20704719654847,179.91131591796875,34282900,0.0,0.0
2025-07-14 00:00:00-04:00,180.7300224544814,183.3859118317051,179.40207776586954,181.2791748046875,32536600,0.0,0.0
2025-07-15 00:00:00-04:00,182.5272506181519,183.93507346834292,181.31913062189142,181.718505859375,33448300,0.0,0.0
2025-07-16 00:00:00-04:00,182.95659839065306,184.04490889196538,181.74846312672318,182.68701171875,33104200,0.0,0.0
2025-07-17 00:00:00-04:00,181.85827589550698,183.77530432362263,180.20083982993623,183.29605102539062,31992600,0.0,0.0
2025-07-18 00:00:00-04:00,185.113228386666,186.13165497814074,183.42585517412414,184.7737579345703,34014500,0.0,0.0
2025-07-21 00:00:00-04:00,185.9619181252415,189.99566255854273,185.86206670599856,189.80596923828125,45803100,0.0,0.0
2025-07-22 00:00:00-04:00,191.20380830960463,191.35357021159422,187.17006365240448,191.04405212402344,44660200,0.0,0.0
2025-07-23 00:00:00-04:00,191.20381577219638,192.23222149983224,188.88739669642578,189.93577575683594,58681900,0.0,0.0
2025-07-24 00:00:00-04:00,196.72525594978663,197.64383117376477,190.70458366341637,191.87277221679688,74881700,0.0,0.0
2025-07-25 00:00:00-04:00,191.68306935737266,194.02944081770818,190.96418172846938,192.88121032714844,39785900,0.0,0.0
2025-07-28 00:00:00-04:00,193.35047209995227,193.7498625541434,190.54482081320737,192.28213500976562,38139500,0.0,0.0
2025-07-29 00:00:00-04:00,192.13236281084488,195.61697034161693,191.78291329403916,195.44723510742188,41389200,0.0,0.0
2025-07-30 00:00:00-04:00,195.2974741739121,197.2943808004953,194.3888780023715,196.2260284423828,32445400,0.0,0.0
2025-07-31 00:00:00-04:00,195.40729975764043,195.68686545955075,190.79443520574372,191.60317993164062,51329200,0.0,0.0
2025-08-01 00:00:00-04:00,188.73762721302066,190.53484621084553,187.52950724447476,188.8374786376953,34832200,0.0,0.0
2025-08-04 00:00:00-04:00,189.9956738002762,194.96798225717674,189.82593856567027,194.7383270263672,31547400,0.0,0.0
2025-08-05 00:00:00-04:00,194.4088584088549,197.55398036609623,193.59011934927213,194.36891174316406,31602300,0.0,0.0
2025-08-06 00:00:00-04:00,194.19916035027438,196.32587068335496,193.37044231078846,195.7866973876953,21562900,0.0,0.0
2025-08-07 00:00:00-04:00,196.75520727948205,197.23446060352177,194.0294340028213,196.21604919433594,26321800,0.0,0.0
2025-08-08 00:00:00-04:00,196.9149587094283,202.29662132319493,196.86503299798275,201.10845947265625,39161800,0.0,0.0
2025-08-11 00:00:00-04:00,200.62921267003748,201.16837075965444,198.76210983585918,200.68911743164062,25832400,0.0,0.0
2025-08-12 00:00:00-04:00,201.0585431482033,204.18370696130674,200.27975076589462,203.02549743652344,30397900,0.0,0.0
2025-08-13 00:00:00-04:00,203.81428597106753,204.21366121456273,197.2045144743427,201.64764404296875,28342900,0.0,0.0
2025-08-14 00:00:00-04:00,201.18833871082708,204.12379383237695,200.91875205563483,202.62611389160156,25230400,0.0,0.0
2025-08-15 00:00:00-04:00,203.534714766441,206.12070520105007,200.96868242883633,203.58462524414062,34931400,0.0,0.0
2025-08-18 00:00:00-04:00,203.8841712567715,204.9525236553874,202.17682455801943,203.1852569580078,18526600,0.0,0.0
2025-08-19 00:00:00-04:00,202.7159730378366,203.1253425488118,199.65072931767816,201.25823974609375,24240200,0.0,0.0
2025-08-20 00:00:00-04:00,200.41952632200108,200.9686786831588,196.29592455953664,199.01171875,28955500,0.0,0.0
2025-08-21 00:00:00-04:00,199.4410400390625,202.166813191516,199.12152768080315,199.4410400390625,19774600,0.0,0.0
2025-08-22 00:00:00-04:00,202.41643648326647,208.21744781149425,200.98865555430208,205.771240234375,42827000,0.0,0.0
2025-08-25 00:00:00-04:00,206.11069972619865,210.19438514977915,204.9624845680577,208.1675262451172,29928900,0.0,0.0
2025-08-26 00:00:00-04:00,207.18903343187435,207.52851912382437,205.3818354433132,206.81961059570312,28464100,0.0,0.0
2025-08-27 00:00:00-04:00,205.38184246485358,208.58688428789492,205.3319167524022,207.15908813476562,23022900,0.0,0.0
2025-08-28 00:00:00-04:00,206.92944327697995,211.8917573213033,206.57997853322107,211.31265258789062,32339300,0.0,0.0
2025-08-29 00:00:00-04:00,210.1843914975452,214.3179874085232,209.87487342277922,212.5806884765625,39728400,0.0,0.0
2025-09-02 00:00:00-04:00,208.11761422314743,211.3525932568575,205.88107328271496,211.0231170654297,47523000,0.0,0.0
2025-09-03 00:00:00-04:00,225.86012385269166,230.95222645491896,224.44230678385503,230.30323791503906,103336100,0.0,0.0
2025-09-04 00:00:00-04:00,229.2947939629136,232.01058815431742,225.76027598883607,231.94070434570312,51684200,0.0,0.0
2025-09-05 00:00:00-04:00,231.84086323662245,235.39535470067108,231.5413241866342,234.63653564453125,46588900,0.0,0.0
2025-09-08 00:00:00-04:00,235.31608185012894,237.97434675109136,233.5172554040335,233.8870086669922,32474700,0.21,0.0
2025-09-09 00:00:00-04:00,234.0169206603603,240.3128053844981,233.07753270088136,239.47335815429688,38061000,0.0,0.0
2025-09-10 00:00:00-04:00,238.74382884116824,241.50203443312756,237.6945274082077,239.01365661621094,35141100,0.0,0.0
2025-09-11 00:00:00-04:00,239.7232054178332,242.09165136894262,236.09557331646107,240.21287536621094,30599300,0.0,0.0
2025-09-12 00:00:00-04:00,240.21286654309478,241.92175543476245,237.84442067897936,240.64259338378906,26771600,0.0,0.0
2025-09-15 00:00:00-04:00,244.5000723057695,252.24500622225327,244.5000723057695,251.44552612304688,58383800,0.0,0.0
2025-09-16 00:00:00-04:00,251.91521585326547,252.87457975705254,249.30692141357196,250.99581909179688,34109700,0.0,0.0
2025-09-17 00:00:00-04:00,251.0557800198683,251.43553649547647,246.11900683222018,249.36688232421875,34108000,0.0,0.0
2025-09-18 00:00:00-04:00,251.51547232528497,253.82397511354577,249.6367116291099,251.86524963378906,31239500,0.0,0.0
2025-09-19 00:00:00-04:00,253.08445699569828,255.83265939150547,251.64539584681071,254.55349731445312,55571400,0.0,0.0
2025-09-22 00:00:00-04:00,254.2636811395151,255.6128047936517,250.13639113793755,252.36492919921875,32290500,0.0,0.0
2025-09-23 00:00:00-04:00,252.8745862102155,254.1937306726042,250.31626206974443,251.49549865722656,26628000,0.0,0.0
2025-09-24 00:00:00-04:00,251.49550432970327,252.18505574615793,246.2789151995329,246.97845458984375,28201000,0.0,0.0
2025-09-25 00:00:00-04:00,244.24022750230412,246.32887284028934,240.58263166512353,245.6293182373047,31020400,0.0,0.0
2025-09-26 00:00:00-04:00,246.90849752367055,249.25695217808112,245.80921049475367,246.3788299560547,18503200,0.0,0.0
2025-09-29 00:00:00-04:00,247.6879914773483,250.98582213384148,242.61131034259105,243.89047241210938,32505800,0.0,0.0
2025-09-30 00:00:00-04:00,242.65128209661555,243.13096406959585,239.09361157011617,242.94110107421875,34724300,0.0,0.0
2025-10-01 00:00:00-04:00,240.59263270567308,246.13900797357311,238.45403213601972,244.7399139404297,31658200,0.0,0.0
2025-10-02 00:00:00-04:00,244.98974812584623,246.64866670301694,242.14162021805868,245.52940368652344,25483300,0.0,0.0
2025-10-03 00:00:00-04:00,244.33018254314118,246.138996907564,241.5020306823554,245.1896209716797,30249600,0.0,0.0
2025-10-06 00:00:00-04:00,244.61999567020933,251.1557292673991,244.42012945214807,250.26629638671875,28894700,0.0,0.0
2025-10-07 00:00:00-04:00,248.10771903747053,250.27629875611288,245.35951661425605,245.59934997558594,23181300,0.0,0.0
2025-10-08 00:00:00-04:00,244.79988761332393,245.84918907751907,243.66063338889384,244.46009826660156,21307100,0.0,0.0
2025-10-09 00:00:00-04:00,244.3101967172578,244.60000044134677,238.99366696134817,241.3721160888672,27892100,0.0,0.0
2025-10-10 00:00:00-04:00,241.27216783484693,243.93043262992407,235.6858257251368,236.4153594970703,33180300,0.0,0.0
2025-10-13 00:00:00-04:00,240.05299046060216,244.34017953936018,239.55331729181,243.9904022216797,24995000,0.0,0.0
2025-10-14 00:00:00-04:00,241.07230809804528,246.95845730298234,240.35277752895155,245.28955078125,22111600,0.0,0.0
2025-10-15 00:00:00-04:00,247.0883778879278,251.94520161834686,245.82920701293574,250.86590576171875,27007700,0.0,0.0
2025-10-16 00:00:00-04:00,251.60541868813706,256.79201310331337,249.93651222042618,251.29562377929688,27997200,0.0,0.0
2025-10-17 00:00:00-04:00,250.59608169913423,254.05382673080507,247.64801305801078,253.13442993164062,29671600,0.0,0.0
2025-10-20 00:00:00-04:00,254.52352413042843,257.1617826336821,254.06381810029453,256.3822937011719,22350200,0.0,0.0
2025-10-21 00:00:00-04:00,254.5734808325197,254.71338870395212,243.99039197294186,250.29627990722656,47312100,0.0,0.0
2025-10-22 00:00:00-04:00,254.20372304336274,256.19241249616164,249.12704181794433,251.52548217773438,35029400,0.0,0.0
2025-10-23 00:00:00-04:00,252.81462530948346,254.8732762688867,251.68537434804077,252.91456604003906,19901400,0.0,0.0
2025-10-24 00:00:00-04:00,256.412278354529,261.5089509442133,255.1531226659378,259.7501220703125,28655100,0.0,0.0
2025-10-27 00:00:00-04:00,264.6468909460984,269.9634205104271,264.10723541197956,269.0939636230469,35235200,0.0,0.0
2025-10-28 00:00:00-04:00,269.5137161039883,270.5530448339537,266.3257988486908,267.295166015625,29738600,0.0,0.0
2025-10-29 00:00:00-04:00,267.57498405043395,275.1600191542769,267.49504976173847,274.3905334472656,43580300,0.0,0.0
2025-10-30 00:00:00-04:00,291.3993974290424,291.3993974290424,279.87693527724974,281.2960205078125,74876000,0.0,0.0
2025-10-31 00:00:00-04:00,283.02486366213384,285.81304844327684,276.8489107040144,281.0061950683594,39267900,0.0,0.0
2025-11-03 00:00:00-05:00,281.9955439895644,285.3433603410046,279.61709481156873,283.5345458984375,29786000,0.0,0.0
2025-11-04 00:00:00-05:00,276.56908942406625,281.0861237356038,276.07941949471564,277.35858154296875,30078400,0.0,0.0
2025-11-05 00:00:00-05:00,278.6876991693174,286.23278206992967,277.15870054271744,284.1241455078125,31010300,0.0,0.0
2025-11-06 00:00:00-05:00,285.14348075532007,288.1615262521665,280.9562476047489,284.5638732910156,37173600,0.0,0.0
2025-11-07 00:00:00-05:00,283.0248465894465,283.59448127875606,275.0101005397699,278.647705078125,34479600,0.0,0.0
2025-11-10 00:00:00-05:00,284.23409016650885,290.6098939896417,282.6750818691635,289.9103698730469,29557300,0.0,0.0
2025-11-11 00:00:00-05:00,287.56189748708465,291.72918497214437,287.1321858980205,291.11956787109375,19842100,0.0,0.0
2025-11-12 00:00:00-05:00,291.4893355792204,291.8191369528623,283.504568014819,286.5225830078125,24829900,0.0,0.0
2025-11-13 00:00:00-05:00,282.15543354563385,282.65510670070455,277.0587612643864,278.3879089355469,29494000,0.0,0.0
2025-11-14 00:00:00-05:00,271.23257767900105,278.3778974858086,270.52305035910666,276.22930908203125,31647200,0.0,0.0
2025-11-17 00:00:00-05:00,285.59319216713175,293.7578650793077,283.38464532335746,284.83367919921875,52670200,0.0,0.0
2025-11-18 00:00:00-05:00,287.7318125744744,288.61121173854644,278.0181648979437,284.09417724609375,49158700,0.0,0.0
2025-11-19 00:00:00-05:00,286.9722907427786,303.6114007455407,286.44263841708545,292.61859130859375,68198900,0.0,0.0
2025-11-20 00:00:00-05:00,304.3409354639468,306.2197114167213,288.48131431646567,289.26080322265625,62025200,0.0,0.0
2025-11-21 00:00:00-05:00,296.2262391249899,303.7213362601199,293.6579118539212,299.464111328125,74137700,0.0,0.0
2025-11-24 00:00:00-05:00,310.9266228942269,319.27117069793417,309.39762425695875,318.3717346191406,85165100,0.0,0.0
2025-11-25 00:00:00-05:00,325.9967549915166,328.6150374741804,317.4423529194355,323.22857666015625,88632100,0.0,0.0
2025-11-26 00:00:00-05:00,320.4703785574214,324.287888914303,316.58293713459693,319.7408752441406,51373400,0.0,0.0
2025-11-28 00:00:00-05:00,323.15862038246837,326.6363566172421,316.5829348985448,319.970703125,26018600,0.0,0.0
2025-12-01 00:00:00-05:00,317.49233426982363,319.6409227326276,313.684827275924,314.6841735839844,41183000,0.0,0.0
2025-12-02 00:00:00-05:00,316.5329308632399,318.17187340075924,313.7047943107319,315.6035461425781,35854700,0.0,0.0
2025-12-03 00:00:00-05:00,315.68353592029735,321.369788644051,313.89469739870816,319.42108154296875,41838300,0.0,0.0
2025-12-04 00:00:00-05:00,322.0193865832628,322.14927599125497,314.4943097586067,317.4123840332031,31240900,0.0,0.0
2025-12-05 00:00:00-05:00,319.28113189003057,322.9487461411032,318.961364259978,321.0599670410156,28851700,0.0,0.0
2025-12-08 00:00:00-05:00,320.04998779296875,320.44000244140625,311.2200012207031,313.7200012207031,33909400,0.21,0.0
2025-12-09 00:00:00-05:00,312.3699951171875,317.989990234375,311.8999938964844,317.0799865722656,30194000,0.0,0.0
2025-12-10 00:00:00-05:00,315.8299865722656,321.30999755859375,314.67999267578125,320.2099914550781,33428900,0.0,0.0
2025-12-11 00:00:00-05:00,320.0799865722656,321.1199951171875,308.6000061035156,312.42999267578125,42353700,0.0,0.0
2025-12-12 00:00:00-05:00,313.70001220703125,314.8699951171875,305.55999755859375,309.2900085449219,35940200,0.0,0.0
2025-12-15 00:00:00-05:00,311.32000732421875,311.4200134277344,304.8800048828125,308.2200012207031,29151900,0.0,0.0
2025-12-16 00:00:00-05:00,304.95001220703125,310.7699890136719,302.5899963378906,306.57000732421875,30585000,0.0,0.0
2025-12-17 00:00:00-05:00,308.010009765625,308.0899963378906,296.1199951171875,296.7200012207031,43930400,0.0,0.0
2025-12-18 00:00:00-05:00,301.7200012207031,303.9599914550781,299.2300109863281,302.4599914550781,33518000,0.0,0.0
2025-12-19 00:00:00-05:00,301.7300109863281,307.25,300.9700012207031,307.1600036621094,59943200,0.0,0.0
2025-12-22 00:00:00-05:00,309.8800048828125,310.1300048828125,305.29998779296875,309.7799987792969,26429900,0.0,0.0
2025-12-23 00:00:00-05:00,309.6300048828125,314.94000244140625,309.32000732421875,314.3500061035156,25478700,0.0,0.0
2025-12-24 00:00:00-05:00,314.7699890136719,315.0799865722656,311.9200134277344,314.0899963378906,10097400,0.0,0.0
2025-12-26 00:00:00-05:00,314.4800109863281,315.0899963378906,312.2799987792969,313.510009765625,10899000,0.0,0.0
2025-12-29 00:00:00-05:00,311.3699951171875,314.0199890136719,310.6199951171875,313.55999755859375,19621800,0.0,0.0
2025-12-30 00:00:00-05:00,312.5,316.95001220703125,312.4599914550781,313.8500061035156,17380900,0.0,0.0
2025-12-31 00:00:00-05:00,312.8500061035156,314.5799865722656,311.44000244140625,313.0,16377700,0.0,0.0
2026-01-02 00:00:00-05:00,316.8999938964844,322.5,310.3299865722656,315.1499938964844,32009400,0.0,0.0
2026-01-05 00:00:00-05:00,317.6600036621094,319.0199890136719,314.6300048828125,316.5400085449219,30195600,0.0,0.0
2026-01-06 00:00:00-05:00,316.3999938964844,320.94000244140625,311.7799987792969,314.3399963378906,31212100,0.0,0.0
2026-01-07 00:00:00-05:00,314.3599853515625,326.1499938964844,314.19000244140625,321.9800109863281,35104400,0.0,0.0
2026-01-08 00:00:00-05:00,328.9700012207031,330.32000732421875,321.5,325.44000244140625,31896100,0.0,0.0
2026-01-09 00:00:00-05:00,327.0899963378906,330.8299865722656,325.79998779296875,328.57000732421875,26214200,0.0,0.0
2026-01-12 00:00:00-05:00,325.79998779296875,334.0400085449219,325.0,331.8599853515625,33923900,0.0,0.0
2026-01-13 00:00:00-05:00,334.95001220703125,340.489990234375,333.6199951171875,335.9700012207031,33517600,0.0,0.0
2026-01-14 00:00:00-05:00,335.05999755859375,336.5199890136719,330.4800109863281,335.8399963378906,28525600,0.0,0.0
2026-01-15 00:00:00-05:00,337.6499938964844,337.69000244140625,330.739990234375,332.7799987792969,28442400,0.0,0.0
2026-01-16 00:00:00-05:00,334.4100036621094,334.6499938964844,327.70001220703125,330.0,40341600,0.0,0.0
2026-01-20 00:00:00-05:00,320.8699951171875,327.7300109863281,320.42999267578125,322.0,35361000,0.0,0.0
2026-01-21 00:00:00-05:00,320.9200134277344,332.4800109863281,319.3500061035156,328.3800048828125,35386600,0.0,0.0
2026-01-22 00:00:00-05:00,334.45001220703125,335.1499938964844,328.75,330.5400085449219,26253600,0.0,0.0
2026-01-23 00:00:00-05:00,332.489990234375,333.69000244140625,327.45001220703125,327.92999267578125,27280000,0.0,0.0
2026-01-26 00:00:00-05:00,327.80999755859375,335.8399963378906,327.0,333.260009765625,26042100,0.0,0.0
2026-01-27 00:00:00-05:00,335.3699951171875,337.9100036621094,333.4800109863281,334.54998779296875,21636200,0.0,0.0
2026-01-28 00:00:00-05:00,336.05999755859375,337.5400085449219,331.94000244140625,336.010009765625,27434400,0.0,0.0
2026-01-29 00:00:00-05:00,340.29998779296875,342.2900085449219,326.5400085449219,338.25,39785600,0.0,0.0
2026-01-30 00:00:00-05:00,340.0,340.0,332.2900085449219,338.0,31024000,0.0,0.0
2026-02-02 00:00:00-05:00,336.2200012207031,344.8299865722656,335.6300048828125,343.69000244140625,32006100,0.0,0.0
2026-02-03 00:00:00-05:00,347.3399963378906,349.0,337.4700012207031,339.7099914550781,36506700,0.0,0.0
2026-02-04 00:00:00-05:00,342.9599914550781,343.30999755859375,328.5199890136719,333.0400085449219,70618400,0.0,0.0
2026-02-05 00:00:00-05:00,312.2200012207031,332.69000244140625,306.4599914550781,331.25,88205800,0.0,0.0
2026-02-06 00:00:00-05:00,327.17999267578125,330.3800048828125,319.9200134277344,322.8599853515625,56380500,0.0,0.0
2026-02-09 00:00:00-05:00,320.92999267578125,327.70001220703125,317.260009765625,324.32000732421875,39640100,0.0,0.0
2026-02-10 00:00:00-05:00,320.9700012207031,321.6700134277344,314.6099853515625,318.5799865722656,39170000,0.0,0.0
2026-02-11 00:00:00-05:00,318.9700012207031,321.05999755859375,309.6600036621094,310.9599914550781,45361900,0.0,0.0
2026-02-12 00:00:00-05:00,312.04998779296875,316.239990234375,309.4320068359375,312.0199890136719,27984853,0.0,0.0
