Date,Open,High,Low,Close,Volume,Dividends,Stock Splits
2021-02-12 00:00:00-05:00,268.6434160254985,269.2988413011865,266.4785457640893,268.6235656738281,9097600,0.0,0.0
2021-02-16 00:00:00-05:00,268.9214652817526,274.68124922947464,268.17666798465854,272.0694885253906,15417200,0.0,0.0
2021-02-17 00:00:00-05:00,269.35844805841447,272.0695214581162,267.70995953793226,271.67230224609375,12763200,0.0,0.0
2021-02-18 00:00:00-05:00,267.70001482832095,270.0635097465597,264.1845631303574,267.5212707519531,15249100,0.0,0.0
2021-02-19 00:00:00-05:00,267.9880178207571,268.3951773652327,258.34538273459236,259.74560546875,25622600,0.0,0.0
2021-02-22 00:00:00-05:00,256.1606138777245,261.2450916067546,255.74351408166407,258.5240783691406,17434900,0.0,0.0
2021-02-23 00:00:00-05:00,257.6999099486897,265.604684827942,253.19140952092832,264.0157775878906,21924600,0.0,0.0
2021-02-24 00:00:00-05:00,260.5102256472287,264.53214932336675,256.5975849753341,262.47650146484375,15736100,0.0,0.0
2021-02-25 00:00:00-05:00,260.48045979713754,265.0882874957207,252.27776339152175,252.9232635498047,19053100,0.0,0.0
2021-02-26 00:00:00-05:00,254.69091492301746,263.70791526056945,254.69091492301746,255.8329315185547,26619500,0.0,0.0
2021-03-01 00:00:00-05:00,259.01076266266045,264.8003080425841,256.1110046545927,263.0723876953125,22157300,0.0,0.0
2021-03-02 00:00:00-05:00,263.9363364333064,264.8598779371174,256.85579095898794,257.203369140625,15191700,0.0,0.0
2021-03-03 00:00:00-05:00,258.4844284037407,259.1795544591081,253.33042797944327,253.63827514648438,15513500,0.0,0.0
2021-03-04 00:00:00-05:00,254.69088607980996,264.6413671039277,251.74148755772686,255.852783203125,31626500,0.0,0.0
2021-03-05 00:00:00-05:00,258.8617730445713,263.6086134766132,253.83686100228493,262.44671630859375,26820100,0.0,0.0
2021-03-08 00:00:00-05:00,263.7078969878338,263.7376876689268,253.28074947590162,253.5389404296875,18391800,0.0,0.0
2021-03-09 00:00:00-05:00,259.36824065418534,266.66726127339814,258.0077489120371,263.8966064453125,22039700,0.0,0.0
2021-03-10 00:00:00-05:00,266.77648503964184,267.1041825272053,261.04649157172383,263.0624084472656,14210300,0.0,0.0
2021-03-11 00:00:00-05:00,266.2501693141146,275.972266867677,265.9622027962827,271.98016357421875,21834000,0.0,0.0
2021-03-12 00:00:00-05:00,267.27306492322964,267.86887864473107,262.18855548795733,266.5381774902344,20600200,0.0,0.0
2021-03-15 00:00:00-04:00,267.2134253470967,274.0457048286008,266.63746204114943,271.8510437011719,16844800,0.0,0.0
2021-03-16 00:00:00-04:00,274.1648374392851,280.1828274899557,272.89371792930007,277.3426513671875,22437700,0.0,0.0
2021-03-17 00:00:00-04:00,273.79747343439846,284.24451872621216,273.4995665673222,282.0399169921875,21315000,0.0,0.0
2021-03-18 00:00:00-04:00,277.92858482314426,283.2116881663582,276.3496180179357,276.687255859375,18728300,0.0,0.0
2021-03-19 00:00:00-04:00,279.26921858795276,290.76887646170974,279.2493682351889,288.0975341796875,38930500,0.0,0.0
2021-03-22 00:00:00-04:00,288.4351922903145,297.63093607672175,284.76084666263773,291.5037536621094,28273100,0.0,0.0
2021-03-23 00:00:00-04:00,291.11646090364803,295.9328233174748,287.79963356760106,288.61395263671875,23000900,0.0,0.0
2021-03-24 00:00:00-04:00,288.9813865930339,289.6963932978706,279.20964849752187,280.182861328125,18675000,0.0,0.0
2021-03-25 00:00:00-04:00,279.0309091806208,286.06178331046056,275.82330413065733,276.8064270019531,24505600,0.0,0.0
2021-03-26 00:00:00-04:00,276.3694427158467,282.5264459269405,275.84312049630233,281.05670166015625,17629200,0.0,0.0
2021-03-29 00:00:00-04:00,283.7876255653244,291.1462266275226,282.7250711018045,288.8026123046875,21718800,0.0,0.0
2021-03-30 00:00:00-04:00,287.819489559495,290.44119091458725,284.7112272475432,286.002197265625,17474500,0.0,0.0
2021-03-31 00:00:00-04:00,287.9783323758534,294.4431822644306,286.6079005740464,292.4868469238281,19498200,0.0,0.0
2021-04-01 00:00:00-04:00,296.3300202168841,300.3022725798608,294.54251877589684,296.5882263183594,17616000,0.0,0.0
2021-04-05 00:00:00-04:00,298.80279507741744,308.6142338487392,298.5942299891719,306.76715087890625,28237000,0.0,0.0
2021-04-06 00:00:00-04:00,306.6976796939563,309.19027838665966,303.1325859237302,304.1355895996094,17335200,0.0,0.0
2021-04-07 00:00:00-04:00,304.2150051538261,312.07013942816747,303.3808356254739,310.9181823730469,22855200,0.0,0.0
2021-04-08 00:00:00-04:00,312.6659554448147,313.6888093314046,307.8992338881179,310.8486328125,20894100,0.0,0.0
2021-04-09 00:00:00-04:00,309.23983603188884,312.55666307145435,308.1772512663788,310.29248046875,15988600,0.0,0.0
2021-04-12 00:00:00-04:00,308.89231516176454,309.9846908098651,305.7939626368871,309.3789367675781,10881900,0.0,0.0
2021-04-13 00:00:00-04:00,310.04425375074237,312.2488552709909,307.17431685657766,307.61126708984375,14036900,0.0,0.0
2021-04-14 00:00:00-04:00,305.1682943929614,305.89324140381507,299.85543077610873,300.7193908691406,17421400,0.0,0.0
2021-04-15 00:00:00-04:00,304.2149480766785,307.9886060607909,301.99049641842674,305.6846923828125,14558300,0.0,0.0
2021-04-16 00:00:00-04:00,306.03230773662983,306.80689584078993,302.496974770129,304.05609130859375,13059200,0.0,0.0
2021-04-19 00:00:00-04:00,302.8942372670993,305.5655798842235,298.47509359927756,300.1434326171875,14553500,0.0,0.0
2021-04-20 00:00:00-04:00,299.8951118354893,302.9835537939867,295.1482714936018,300.550537109375,16796400,0.0,0.0
2021-04-21 00:00:00-04:00,299.8554654577514,299.88525614351255,295.3270993867448,299.3787841796875,14863500,0.0,0.0
2021-04-22 00:00:00-04:00,299.23970504780726,300.8187021222801,293.98642281520046,294.46307373046875,16375400,0.0,0.0
2021-04-23 00:00:00-04:00,296.68755239289857,300.49097087154496,295.0887049838903,299.0411071777344,17536800,0.0,0.0
2021-04-26 00:00:00-04:00,301.23577303432637,303.6786999037618,299.46812183516045,300.9378662109375,16172600,0.0,0.0
2021-04-27 00:00:00-04:00,302.16920808926756,303.2218524436181,299.0211850482078,301.4641418457031,15309300,0.0,0.0
2021-04-28 00:00:00-04:00,305.22784130964635,308.76317361208896,303.25165555869114,304.96966552734375,33907200,0.0,0.0
2021-04-29 00:00:00-04:00,327.8299665552439,329.5082455205875,319.37899037048027,327.2242126464844,56526800,0.0,0.0
2021-04-30 00:00:00-04:00,323.87765659537024,327.532122010799,322.24901835025764,322.8249816894531,26332400,0.0,0.0
2021-05-03 00:00:00-04:00,323.90743925273455,326.27090422619693,319.6074585992322,320.3423156738281,18719500,0.0,0.0
2021-05-04 00:00:00-04:00,317.8000386565058,319.9549988930355,310.9479094073585,316.15155029296875,24032600,0.0,0.0
2021-05-05 00:00:00-04:00,315.98277088195334,318.83285731643707,312.30842504926153,312.8347473144531,15577600,0.0,0.0
2021-05-06 00:00:00-04:00,312.33820166682153,318.0185239268124,311.09687276652534,317.800048828125,19012200,0.0,0.0
2021-05-07 00:00:00-04:00,320.143703732976,320.69981667352516,316.5388796429248,316.8665771484375,15916700,0.0,0.0
2021-05-10 00:00:00-04:00,312.1694082519749,312.3977933814333,302.7154276382799,303.8475341796875,24239200,0.0,0.0
2021-05-11 00:00:00-04:00,298.66372208325555,304.71147261940786,297.6110776402006,304.40362548828125,18920100,0.0,0.0
2021-05-12 00:00:00-04:00,299.0411306344249,302.8445494114103,296.121522359294,300.4512634277344,24645500,0.0,0.0
2021-05-13 00:00:00-04:00,303.9568059752801,306.7175207774246,300.66976882867266,303.14251708984375,18079200,0.0,0.0
2021-05-14 00:00:00-04:00,307.39275439730136,314.6520430906645,306.93592356007673,313.74835205078125,19245700,0.0,0.0
2021-05-17 00:00:00-04:00,311.37491338064495,313.49014256803696,309.4185779211098,313.27166748046875,15401300,0.0,0.0
2021-05-18 00:00:00-04:00,313.4007953447419,314.304486446428,307.66089155963004,307.8098449707031,14522400,0.0,0.0
2021-05-19 00:00:00-04:00,302.0798556016258,312.4772270849574,301.4641613514185,311.4146423339844,19106200,0.0,0.0
2021-05-20 00:00:00-04:00,311.4047347873846,317.0354162827345,310.9876652282522,316.39984130859375,17320200,0.0,0.0
2021-05-21 00:00:00-04:00,317.07511701397885,317.71066162154136,313.6192466103653,314.0363464355469,13600900,0.0,0.0
2021-05-24 00:00:00-04:00,316.00257386001584,323.6889022124441,315.82382979053284,322.3780517578125,16445400,0.0,0.0
2021-05-25 00:00:00-04:00,324.8110776685687,326.8965163184287,322.5468949273761,325.51617431640625,16437000,0.0,0.0
2021-05-26 00:00:00-04:00,326.0723009791142,327.5420150886895,323.55985234776074,325.3870849609375,9686900,0.0,0.0
2021-05-27 00:00:00-04:00,325.72475244764274,331.46465693402735,324.493363691151,330.4418029785156,20477700,0.0,0.0
2021-05-28 00:00:00-04:00,328.7038883383271,330.56091149903165,326.05239650868407,326.44964599609375,12037400,0.0,0.0
2021-06-01 00:00:00-04:00,327.85974563220555,329.1209550465971,324.37411508635194,326.8468322753906,11765900,0.0,0.0
2021-06-02 00:00:00-04:00,328.0882389524726,329.5678934861235,324.8508430835817,326.86676025390625,11654300,0.0,0.0
2021-06-03 00:00:00-04:00,323.520114193703,325.1090213066614,321.23608105411955,323.7783203125,12610800,0.0,0.0
2021-06-04 00:00:00-04:00,323.63926759923044,330.1537592993756,322.92426093429344,328.05841064453125,13289400,0.0,0.0
2021-06-07 00:00:00-04:00,327.19442430172865,335.3474634485492,326.6482214412393,334.2451477050781,20136700,0.0,0.0
2021-06-08 00:00:00-04:00,334.3643962293605,335.9532731268308,329.93531247530376,331.3653259277344,14580500,0.0,0.0
2021-06-09 00:00:00-04:00,333.4110444850718,334.46368910126915,327.7108711514123,327.9591369628906,13727900,0.0,0.0
2021-06-10 00:00:00-04:00,328.4953491638462,331.62349184699826,326.27086722654735,330.15374755859375,13240200,0.0,0.0
2021-06-11 00:00:00-04:00,330.2728868080979,330.5211525638128,326.6482128358356,328.9620666503906,13587900,0.0,0.0
2021-06-14 00:00:00-04:00,329.59762560722135,334.4835092274623,327.5221274355902,334.433837890625,12250800,0.0,0.0
2021-06-15 00:00:00-04:00,334.6523879914259,337.56208646005405,332.7059924310459,334.4140625,15795200,0.0,0.0
2021-06-16 00:00:00-04:00,334.3643653995588,335.2084448088056,326.439710773516,328.7833251953125,17232200,0.0,0.0
2021-06-17 00:00:00-04:00,328.1974601209938,335.6355243882391,327.85982225647933,334.17572021484375,17794100,0.0,0.0
2021-06-18 00:00:00-04:00,332.20941212190775,333.81816956514166,326.71777415159494,327.3731994628906,23039500,0.0,0.0
2021-06-21 00:00:00-04:00,328.7932973670429,330.6106200281411,325.37715747103,329.9849853515625,11337500,0.0,0.0
2021-06-22 00:00:00-04:00,330.3821755239405,337.56203287221103,330.29280347884355,336.6781921386719,15345300,0.0,0.0
2021-06-23 00:00:00-04:00,336.9959674168666,341.0377414877368,335.8539509185642,338.22735595703125,14817800,0.0,0.0
2021-06-24 00:00:00-04:00,339.4786776901442,342.5075084768682,339.41909631968235,340.7994384765625,12329100,0.0,0.0
2021-06-25 00:00:00-04:00,340.2134607194923,341.73284594721446,337.32364365776994,339.0019226074219,14594400,0.0,0.0
2021-06-28 00:00:00-04:00,340.0843790089774,355.65563137017324,339.39916304899543,353.1729736328125,29156100,0.0,0.0
2021-06-29 00:00:00-04:00,353.7985962511624,354.26533714219687,346.6286791220538,349.4490051269531,21417300,0.0,0.0
2021-06-30 00:00:00-04:00,349.72702611903964,350.4718234032726,344.76171089081953,345.2979431152344,15107500,0.0,0.0
2021-07-01 00:00:00-04:00,344.414145811275,352.2096970760789,344.096358351219,351.931640625,17137000,0.0,0.0
2021-07-02 00:00:00-04:00,352.63675169325717,353.9674527570495,350.17394402400754,352.2395324707031,11521300,0.0,0.0
2021-07-06 00:00:00-04:00,354.02699008079225,356.30111303287634,346.7577610194668,350.3327941894531,13488500,0.0,0.0
2021-07-07 00:00:00-04:00,352.79561580909495,354.0170640582016,347.57209406891997,348.0586853027344,14218900,0.0,0.0
2021-07-08 00:00:00-04:00,343.33175084560787,345.91369091939293,340.1837271688575,343.2522888183594,14406500,0.0,0.0
2021-07-09 00:00:00-04:00,342.92456873238206,348.2771632659908,342.8748973921492,347.98919677734375,13018700,0.0,0.0
2021-07-12 00:00:00-04:00,348.79360036608597,351.7330589669335,347.21463350700583,350.710205078125,10018600,0.0,0.0
2021-07-13 00:00:00-04:00,349.061709882351,356.003211854675,346.3804271577719,349.6476135253906,11456000,0.0,0.0
2021-07-14 00:00:00-04:00,352.10048763359197,352.7360626317846,344.32481607097134,345.21856689453125,13894200,0.0,0.0
2021-07-15 00:00:00-04:00,346.80751865180906,346.80751865180906,337.86000832467596,342.0705871582031,14781600,0.0,0.0
2021-07-16 00:00:00-04:00,342.51744416406024,343.5899391237202,337.78054344124416,338.79345703125,11026100,0.0,0.0
2021-07-19 00:00:00-04:00,335.22830411094054,337.4329053142274,332.21932425430794,334.61260986328125,14372300,0.0,0.0
2021-07-20 00:00:00-04:00,336.44977124178934,341.0675389712737,332.1796119696146,339.2899475097656,11024300,0.0,0.0
2021-07-21 00:00:00-04:00,339.13104771021216,344.11621354828037,338.88278193590014,343.8282470703125,9279700,0.0,0.0
2021-07-22 00:00:00-04:00,344.27515089851886,349.1014539216713,342.81534674837894,348.7538757324219,12385400,0.0,0.0
2021-07-23 00:00:00-04:00,358.4063877778976,372.7263399382891,354.7121920323848,367.22479248046875,33694300,0.0,0.0
2021-07-26 00:00:00-04:00,367.01625509949724,371.8425576289156,365.6657038011167,369.87628173828125,14925200,0.0,0.0
2021-07-27 00:00:00-04:00,369.33010978819533,370.5614983630885,362.0211494423419,365.258544921875,15705400,0.0,0.0
2021-07-28 00:00:00-04:00,371.96173241744225,374.93098154905937,364.3846557059322,370.69061279296875,29676900,0.0,0.0
2021-07-29 00:00:00-04:00,358.4957829668107,362.984417317109,354.26532441729825,355.8343811035156,33413200,0.0,0.0
2021-07-30 00:00:00-04:00,351.54436646173724,358.22769258735656,350.49172191318684,353.8283996582031,15976200,0.0,0.0
2021-08-02 00:00:00-04:00,355.61593858624593,356.906908626089,348.3069776627504,349.50860595703125,13180400,0.0,0.0
2021-08-03 00:00:00-04:00,350.2831207482035,351.3158844416269,345.28801510112527,348.8034362792969,12406100,0.0,0.0
2021-08-04 00:00:00-04:00,349.97535634826033,357.9794435460874,349.07166517355284,356.4302673339844,14180600,0.0,0.0
2021-08-05 00:00:00-04:00,357.14526133882947,361.3756899337369,354.4242475815402,360.4521484375,10247200,0.0,0.0
2021-08-06 00:00:00-04:00,358.892993928078,362.6169805079333,358.892993928078,360.9883728027344,8925000,0.0,0.0
2021-08-09 00:00:00-04:00,361.23667258484005,363.2426493012661,358.2475427107706,359.1015625,7798900,0.0,0.0
2021-08-10 00:00:00-04:00,359.3200344847057,361.5743072827586,356.5494100527903,358.6249084472656,7469900,0.0,0.0
2021-08-11 00:00:00-04:00,359.5881517418357,359.8463275378054,355.3279025907099,357.4629821777344,8400300,0.0,0.0
2021-08-12 00:00:00-04:00,355.9635215765759,360.48194708294784,354.6327901991576,360.1343688964844,7170700,0.0,0.0
2021-08-13 00:00:00-04:00,360.4521707685684,362.13045009347235,358.97251621695744,360.66070556640625,7195700,0.0,0.0
2021-08-16 00:00:00-04:00,360.00528881835646,364.4045821746663,354.9009593258329,364.01727294921875,11222100,0.0,0.0
2021-08-17 00:00:00-04:00,360.462075868413,362.1403550292865,352.60694265481555,355.9635009765625,12328700,0.0,0.0
2021-08-18 00:00:00-04:00,353.77875237413787,357.3636958513721,352.68637683194646,352.98431396484375,10042400,0.0,0.0
2021-08-19 00:00:00-04:00,348.912718284329,355.08957183761447,348.5651401460842,352.65655517578125,12004500,0.0,0.0
2021-08-20 00:00:00-04:00,352.14017520075987,357.4927694576704,350.85911533837884,356.8770751953125,8697700,0.0,0.0
2021-08-23 00:00:00-04:00,356.94661777356487,363.1532624039116,356.6089799423798,360.8294982910156,10942000,0.0,0.0
2021-08-24 00:00:00-04:00,361.1373449529852,365.4075043305499,359.32996276565495,362.9745178222656,9235100,0.0,0.0
2021-08-25 00:00:00-04:00,363.0639397013735,368.28743192418995,362.86531492385484,365.8345947265625,9684500,0.0,0.0
2021-08-26 00:00:00-04:00,365.82460856264174,366.877253078658,361.6040901691806,361.85235595703125,7888700,0.0,0.0
2021-08-27 00:00:00-04:00,362.5673710076073,371.14742107472495,361.5544271740296,370.0451354980469,11219100,0.0,0.0
2021-08-30 00:00:00-04:00,369.97559188303035,378.84363823095765,367.94973464178105,378.0194091796875,13547300,0.0,0.0
2021-08-31 00:00:00-04:00,377.3143442669874,380.10484920750287,376.17229743518845,376.748291015625,12345400,0.0,0.0
2021-09-01 00:00:00-04:00,376.9568229863813,381.6639324386178,376.18223497138194,379.3997497558594,11567200,0.0,0.0
2021-09-02 00:00:00-04:00,378.8536121507582,379.10187795164336,371.46521949194505,372.6767578125,14832900,0.0,0.0
2021-09-03 00:00:00-04:00,372.1504282729059,374.54371418349507,370.5217901040204,373.64996337890625,7509600,0.0,0.0
2021-09-07 00:00:00-04:00,373.27261388392714,380.3034882580951,370.5615403403471,379.5289001464844,10793800,0.0,0.0
2021-09-08 00:00:00-04:00,377.5228966613497,378.22796302326014,372.1901523111581,374.95086669921875,11067200,0.0,0.0
2021-09-09 00:00:00-04:00,375.0203804671173,377.1951608723424,373.9577956290019,375.37786865234375,9098900,0.0,0.0
2021-09-10 00:00:00-04:00,378.71460289028454,381.12776972486705,375.63613092654236,376.0631408691406,11549600,0.0,0.0
2021-09-13 00:00:00-04:00,379.03237443176556,379.1018961327597,371.75323413530566,373.89825439453125,13026300,0.0,0.0
2021-09-14 00:00:00-04:00,374.7819897915199,375.9637372479582,372.5078669166244,373.91802978515625,8711600,0.0,0.0
2021-09-15 00:00:00-04:00,374.38479292291254,374.9409058407148,365.11952742999154,371.326171875,17940300,0.0,0.0
2021-09-16 00:00:00-04:00,370.2040213099669,370.9686690276953,367.14536982728856,370.4721374511719,11934200,0.0,0.0
2021-09-17 00:00:00-04:00,368.83359750741874,368.83359750741874,359.08170985434447,362.19000244140625,26299000,0.0,0.0
2021-09-20 00:00:00-04:00,356.80751590414434,358.52552576634974,347.37341761232216,353.2325134277344,19822800,0.0,0.0
2021-09-21 00:00:00-04:00,356.013188300571,357.5425142478172,352.726151245893,355.0002746582031,11751900,0.0,0.0
2021-09-22 00:00:00-04:00,344.82132634927734,347.41320660790336,338.326684902849,340.8291931152344,43692900,0.0,0.0
2021-09-23 00:00:00-04:00,342.9642756764454,347.24440574358306,340.6206611842172,343.56011962890625,21806300,0.0,0.0
2021-09-24 00:00:00-04:00,340.8589909880195,351.8919385080049,339.9950308835849,350.5115661621094,18801900,0.0,0.0
2021-09-27 00:00:00-04:00,347.3833909106001,352.68634408018727,344.67231781299654,351.1272277832031,15205800,0.0,0.0
2021-09-28 00:00:00-04:00,345.5562175090793,347.17491544237834,336.5690072919028,338.2869873046875,21710300,0.0,0.0
2021-09-29 00:00:00-04:00,340.76960230808635,342.83519056135003,336.52923371146676,337.254150390625,14452200,0.0,0.0
2021-09-30 00:00:00-04:00,338.08831943225476,340.4219932993988,335.80425628819665,337.0356750488281,16547100,0.0,0.0
2021-10-01 00:00:00-04:00,339.24033291368795,342.62668233898466,336.29096406243747,340.6306457519531,14905300,0.0,0.0
2021-10-04 00:00:00-04:00,333.2024859034126,333.6096454418782,320.4614987024491,323.9670104980469,42885000,0.0,0.0
2021-10-05 00:00:00-04:00,326.3006776114081,332.85490048506125,323.8974817514608,330.6502990722656,35377900,0.0,0.0
2021-10-06 00:00:00-04:00,327.4526216500832,332.0604490478025,323.53995055480846,331.3255920410156,26443000,0.0,0.0
2021-10-07 00:00:00-04:00,334.66227881082483,336.4895113551633,326.6979233231299,326.9362487792969,28307500,0.0,0.0
2021-10-08 00:00:00-04:00,329.2103921435758,331.0872658382954,326.4297969914836,327.760498046875,15946100,0.0,0.0
2021-10-11 00:00:00-04:00,325.3572222732436,328.16757711407166,323.05330893376976,323.1923522949219,14708200,0.0,0.0
2021-10-12 00:00:00-04:00,320.78919081230543,322.12983213718235,315.168449699641,321.5240478515625,31658700,0.0,0.0
2021-10-13 00:00:00-04:00,324.70183226875514,324.7316229485336,320.42173287393445,322.2886962890625,14761500,0.0,0.0
2021-10-14 00:00:00-04:00,326.08220352646043,328.22722358123883,324.8309645572515,326.25103759765625,14302200,0.0,0.0
2021-10-15 00:00:00-04:00,326.3999927716936,326.78730195164854,320.27281003421854,322.5072021484375,21596400,0.0,0.0
2021-10-18 00:00:00-04:00,326.66816609552274,333.5600274303866,325.2282122699886,333.0138244628906,21585000,0.0,0.0
2021-10-19 00:00:00-04:00,337.2938624402736,340.0843672158299,334.940307835811,337.6315002441406,18786300,0.0,0.0
2021-10-20 00:00:00-04:00,341.0675687432612,341.5938910279222,337.0953159364956,338.41607666015625,13639500,0.0,0.0
2021-10-21 00:00:00-04:00,337.9195461799882,339.93546327387196,335.4567385215077,339.5084533691406,16354400,0.0,0.0
2021-10-22 00:00:00-04:00,324.08616582509086,327.34341175250825,318.8824942988653,322.35821533203125,35224500,0.0,0.0
2021-10-25 00:00:00-04:00,318.07812790884657,327.27390275405656,317.50216459273884,326.4099426269531,38409000,0.0,0.0
2021-10-26 00:00:00-04:00,325.9829424293362,327.91939752560313,307.45237909979846,313.6192932128906,65654000,0.0,0.0
2021-10-27 00:00:00-04:00,312.0105656810999,317.03546363563055,309.89533596906034,310.0542297363281,29971800,0.0,0.0
2021-10-28 00:00:00-04:00,310.81879676750776,323.26187566968946,305.9726441964319,314.7215576171875,50806800,0.0,0.0
2021-10-29 00:00:00-04:00,317.96888127486596,323.73857554960784,317.3829776736138,321.325439453125,37059400,0.0,0.0
2021-11-01 00:00:00-04:00,323.77836819593574,331.1369709169669,323.7386371781183,327.6910400390625,31518900,0.0,0.0
2021-11-02 00:00:00-04:00,329.08123386984886,332.4675824608705,321.55379908221755,325.8041076660156,28353000,0.0,0.0
2021-11-03 00:00:00-04:00,325.2182246298572,329.84590230841843,320.95800575490676,329.319580078125,20786500,0.0,0.0
2021-11-04 00:00:00-04:00,331.6930007694114,334.9303657214062,330.3424192552651,333.5202331542969,22495300,0.0,0.0
2021-11-05 00:00:00-04:00,337.94935273525687,344.3844135158908,337.28401732796544,338.763671875,26872800,0.0,0.0
2021-11-08 00:00:00-05:00,342.03084189288523,342.39827042924827,335.99300064415445,336.27105712890625,18342500,0.0,0.0
2021-11-09 00:00:00-05:00,337.64149720949376,338.94240761250666,332.1498587759395,333.0436096191406,17556700,0.0,0.0
2021-11-10 00:00:00-05:00,330.1835499468234,330.87870625923074,323.25198870461344,325.3672180175781,21872600,0.0,0.0
2021-11-11 00:00:00-05:00,327.5320799248782,330.1537507579003,324.73163470083574,325.46649169921875,12376600,0.0,0.0
2021-11-12 00:00:00-05:00,327.8895713138474,339.48854119804446,327.49235212990004,338.5252990722656,25414300,0.0,0.0
2021-11-15 00:00:00-05:00,341.9513226240939,351.1967370768033,340.8192465206391,345.14898681640625,25076600,0.0,0.0
2021-11-16 00:00:00-05:00,341.44489271681016,344.24533809936,338.50543425102154,340.5809326171875,18181100,0.0,0.0
2021-11-17 00:00:00-05:00,341.8520275379172,344.8907981611505,337.7407621147875,338.4060974121094,13602800,0.0,0.0
2021-11-18 00:00:00-05:00,337.3634606615837,340.08444436677087,332.9741076037919,336.3406066894531,17487200,0.0,0.0
2021-11-19 00:00:00-05:00,339.8262220829443,349.65754120765286,337.54215865420935,342.9046936035156,26488500,0.0,0.0
2021-11-22 00:00:00-05:00,346.6287384942431,351.3755799347718,338.14799959176105,338.64453125,27116800,0.0,0.0
2021-11-23 00:00:00-05:00,336.5789224948041,339.031789952363,331.18659628153375,334.91058349609375,17225000,0.0,0.0
2021-11-24 00:00:00-05:00,333.6692250990394,339.40912900904357,330.5013511624678,338.6941223144531,13566200,0.0,0.0
2021-11-26 00:00:00-05:00,333.47057540699547,335.40706056592376,329.59763539501955,330.8091735839844,14750700,0.0,0.0
2021-11-29 00:00:00-05:00,334.55304345009216,338.30682076869596,332.98398677543236,335.68511962890625,16650900,0.0,0.0
2021-11-30 00:00:00-05:00,332.6761530506527,333.4805317723644,321.1864052077006,322.2092590332031,25390000,0.0,0.0
2021-12-01 00:00:00-05:00,327.99881886115134,328.2073536259176,308.1375569170716,308.4454040527344,30329600,0.0,0.0
2021-12-02 00:00:00-05:00,309.2398812049933,312.41769563708294,305.0690338569957,308.2369079589844,24396200,0.0,0.0
2021-12-03 00:00:00-05:00,311.5537063209336,311.573556673393,297.4224070874301,304.71148681640625,27471000,0.0,0.0
2021-12-06 00:00:00-05:00,305.9925230805705,317.8794890259787,304.2149317317347,315.6649475097656,21758300,0.0,0.0
2021-12-07 00:00:00-05:00,319.3393510353418,324.27487651444534,318.77329771925037,320.57073974609375,18794000,0.0,0.0
2021-12-08 00:00:00-05:00,322.7455088217183,330.4417478782362,320.82890430428074,328.2669372558594,19937700,0.0,0.0
2021-12-09 00:00:00-05:00,327.2540480147095,333.79833071804273,325.7247222356388,327.5321044921875,16879200,0.0,0.0
2021-12-10 00:00:00-05:00,330.2530905762638,332.7059578569133,324.1060270329738,327.46258544921875,14528000,0.0,0.0
2021-12-13 00:00:00-05:00,328.65422586839105,338.7238693550957,327.3036443722298,332.1696472167969,22948700,0.0,0.0
2021-12-14 00:00:00-05:00,325.77436431738806,333.3713218947086,325.3771451062712,331.4248962402344,20461000,0.0,0.0
2021-12-15 00:00:00-05:00,330.18354541056993,339.73680772798974,321.7325989098653,339.2899475097656,24681300,0.0,0.0
2021-12-16 00:00:00-05:00,336.62852700037104,342.0704931735933,331.4248559577959,332.5768127441406,22635000,0.0,0.0
2021-12-17 00:00:00-05:00,330.4914256670543,334.77152569712786,328.4556581996595,331.4745788574219,40012600,0.0,0.0
2021-12-20 00:00:00-05:00,327.4923015750151,327.6114642812161,320.2925951185667,323.1923522949219,17901800,0.0,0.0
2021-12-21 00:00:00-05:00,324.1458031250851,333.6692767626458,321.504251047341,331.88177490234375,16116800,0.0,0.0
2021-12-22 00:00:00-05:00,331.48445199749193,332.189548621576,325.98290422148904,328.15771484375,16764600,0.0,0.0
2021-12-23 00:00:00-05:00,327.8101307259051,334.33456247386124,326.08218034839234,332.9144592285156,13987700,0.0,0.0
2021-12-27 00:00:00-05:00,336.4994852665034,345.45690479000456,335.6653157807883,343.77862548828125,17795000,0.0,0.0
2021-12-28 00:00:00-05:00,344.22551894390756,350.2633301648885,342.8054457708618,343.818359375,16637600,0.0,0.0
2021-12-29 00:00:00-05:00,344.50352743630526,347.2642416723502,339.2700957520207,340.5610656738281,10747000,0.0,0.0
2021-12-30 00:00:00-05:00,341.6137642117308,344.821369477675,340.8391760748815,341.97125244140625,10593300,0.0,0.0
2021-12-31 00:00:00-05:00,340.64049867127704,341.05759851401064,333.9373226475047,334.01678466796875,12870500,0.0,0.0
2022-01-03 00:00:00-05:00,335.9532641001233,338.71397854824414,334.85097850917924,336.1916198730469,14537900,0.0,0.0
2022-01-04 00:00:00-05:00,337.59181528292993,340.71001767926003,329.5678484085995,334.1955261230469,15998000,0.0,0.0
2022-01-05 00:00:00-05:00,330.7099111630695,333.43092506420857,321.5935978412268,321.92132568359375,20564500,0.0,0.0
2022-01-06 00:00:00-05:00,320.58063509691385,336.8172227357935,320.481322726394,330.15374755859375,27962800,0.0,0.0
2022-01-07 00:00:00-05:00,330.43179504996147,334.6622534111411,326.59858616008637,329.4884033203125,14722000,0.0,0.0
2022-01-10 00:00:00-05:00,323.0534166260433,326.0623971841901,313.241946466416,325.7942810058594,24942400,0.0,0.0
2022-01-11 00:00:00-05:00,324.51313141350875,332.30868215646444,323.02353688832784,332.05047607421875,16226800,0.0,0.0
2022-01-12 00:00:00-05:00,332.85487581183287,334.03662330125775,327.74060701207145,330.9482116699219,14104900,0.0,0.0
2022-01-13 00:00:00-05:00,332.65630784591855,333.30179283796394,323.50026430952033,324.21527099609375,14797100,0.0,0.0
2022-01-14 00:00:00-05:00,319.5577430882674,330.4218544550685,318.9817495916974,329.59759521484375,16868500,0.0,0.0
2022-01-18 00:00:00-05:00,321.04738263480675,321.9609837284619,315.4365821014618,315.9430236816406,22645600,0.0,0.0
2022-01-19 00:00:00-05:00,317.3631065456677,324.83096079185947,317.1148407594168,317.373046875,20814700,0.0,0.0
2022-01-20 00:00:00-05:00,321.6531859641485,325.54600730349057,313.78814186461847,314.3641052246094,16925000,0.0,0.0
2022-01-21 00:00:00-05:00,312.6261626867231,316.1018832098614,300.93782200902825,301.0669250488281,28710700,0.0,0.0
2022-01-24 00:00:00-05:00,295.77389108985574,307.3828004084756,287.00515781406256,306.5684814453125,38878100,0.0,0.0
2022-01-25 00:00:00-05:00,297.8692766654803,304.105711463683,295.5156917587425,298.06787109375,25108500,0.0,0.0
2022-01-26 00:00:00-05:00,304.8803074843086,305.37683902690725,288.83240439081436,292.586181640625,28348800,0.0,0.0
2022-01-27 00:00:00-05:00,295.6845112682195,299.61703230271524,292.2187310607232,292.5960998535156,21629900,0.0,0.0
2022-01-28 00:00:00-05:00,293.5692847644114,299.80571931014885,290.99725518246254,299.6170349121094,21871600,0.0,0.0
2022-01-31 00:00:00-05:00,298.5942235776512,311.61329736004865,297.2436722273169,311.08697509765625,21579500,0.0,0.0
2022-02-01 00:00:00-05:00,312.3779070582883,317.4425346173089,309.9548308191628,316.787109375,18023800,0.0,0.0
2022-02-02 00:00:00-05:00,325.54594012680275,325.7246842044795,314.67188747994163,320.7593688964844,58458300,0.0,0.0
2022-02-03 00:00:00-05:00,242.95287599915073,246.27964337200504,234.11462066512175,236.1106719970703,188119900,0.0,0.0
2022-02-04 00:00:00-05:00,233.3400539489898,240.92705595132773,228.5137663432525,235.44534301757812,89342200,0.0,0.0
2022-02-07 00:00:00-05:00,236.05109323987932,236.64693715449368,222.45605712612533,223.34982299804688,88613800,0.0,0.0
2022-02-08 00:00:00-05:00,219.31799930165315,224.20386810473175,214.65059044744515,218.6526336669922,94729700,0.0,0.0
2022-02-09 00:00:00-05:00,222.6447597583816,231.75114721199498,220.6685737472987,230.39065551757812,86563300,0.0,0.0
2022-02-10 00:00:00-05:00,226.686524634217,233.36983524763434,225.12740824872546,226.4879150390625,49310400,0.0,0.0
2022-02-11 00:00:00-05:00,226.87520397201692,228.8215991750565,217.25242004582725,218.02700805664062,46156900,0.0,0.0
2022-02-14 00:00:00-05:00,217.7886667974301,219.46694586676406,213.29009215094842,216.18983459472656,38184000,0.0,0.0
2022-02-15 00:00:00-05:00,218.9406424438585,219.6159181388209,213.56816695582089,219.4669647216797,42685500,0.0,0.0
2022-02-16 00:00:00-05:00,210.93653210494622,215.95150368110467,210.8868759204417,215.03787231445312,45817500,0.0,0.0
2022-02-17 00:00:00-05:00,212.5353757176675,215.99123117362203,205.72296202717726,206.26914978027344,38747500,0.0,0.0
2022-02-18 00:00:00-05:00,207.93749393051652,209.28806043075434,203.75669137039452,204.7299041748047,37128400,0.0,0.0
2022-02-22 00:00:00-05:00,200.93639836684068,206.04074245924153,198.67221554938297,200.67820739746094,39852400,0.0,0.0
2022-02-23 00:00:00-05:00,202.74376108492856,205.50447522195893,196.67614508887834,197.0733642578125,44481400,0.0,0.0
2022-02-24 00:00:00-05:00,189.73466751896427,206.9047400856445,188.90049800193626,206.15994262695312,49957200,0.0,0.0
2022-02-25 00:00:00-05:00,203.5183647840356,209.8541125423845,201.77056393873042,209.01992797851562,37627600,0.0,0.0
2022-02-28 00:00:00-05:00,206.23934870344502,211.67140537212006,205.39525411367887,209.5661163330078,34239800,0.0,0.0
2022-03-01 00:00:00-05:00,208.41416290445198,210.28112651537154,200.81723570545105,202.07843017578125,27094900,0.0,0.0
2022-03-02 00:00:00-05:00,203.3594795827409,207.6991608900357,200.61863062333498,206.6663818359375,29452100,0.0,0.0
2022-03-03 00:00:00-05:00,207.57006201226622,207.62964337626647,200.02277607812186,201.56202697753906,27263500,0.0,0.0
2022-03-04 00:00:00-05:00,200.96618413763912,204.46177065665356,197.41101625429653,198.67221069335938,32130900,0.0,0.0
2022-03-07 00:00:00-05:00,199.39713300609475,199.49644537718342,185.98085599196915,186.16954040527344,38560600,0.0,0.0
2022-03-08 00:00:00-05:00,186.5468944035454,195.33549304044826,184.81895929335968,188.96995544433594,37508100,0.0,0.0
2022-03-09 00:00:00-05:00,194.38219787476945,197.71889086123977,192.5748155619996,197.123046875,31894700,0.0,0.0
2022-03-10 00:00:00-05:00,193.48842180655208,194.9184351766103,189.74458461606886,193.85586547851562,24853000,0.0,0.0
2022-03-11 00:00:00-05:00,191.30368493188337,192.21730121306823,185.37509670416912,186.30857849121094,34694500,0.0,0.0
2022-03-14 00:00:00-04:00,185.73259210732104,190.95609860681984,184.5309942307977,185.3353729248047,31010500,0.0,0.0
2022-03-15 00:00:00-04:00,189.47642795898207,190.946156991285,184.62035037904172,190.69789123535156,31721700,0.0,0.0
2022-03-16 00:00:00-04:00,193.34939124128513,202.31675022563442,193.17064714865197,202.2174530029297,40640300,0.0,0.0
2022-03-17 00:00:00-04:00,200.3008320695021,206.5968487329181,199.71492845430384,206.3982391357422,29499700,0.0,0.0
2022-03-18 00:00:00-04:00,205.26615383037955,215.2960978900843,204.57101264324805,214.98825073242188,52128000,0.0,0.0
2022-03-21 00:00:00-04:00,213.01203315188104,213.22058306841436,206.189694561412,210.02291870117188,30142300,0.0,0.0
2022-03-22 00:00:00-04:00,209.90375302784108,217.93764542226702,208.72200545565147,215.14712524414062,31998800,0.0,0.0
2022-03-23 00:00:00-04:00,211.85016024926963,215.2960905373746,210.68827820054256,211.97926330566406,23717300,0.0,0.0
2022-03-24 00:00:00-04:00,213.5085991824731,219.13926600302517,213.30004923225587,218.04690551757812,31502300,0.0,0.0
2022-03-25 00:00:00-04:00,218.98033986256667,223.93573021234633,217.37158248115725,220.28126525878906,40039000,0.0,0.0
2022-03-28 00:00:00-04:00,220.58912249182504,222.48586159323668,218.01707741553452,222.0389862060547,26224100,0.0,0.0
2022-03-29 00:00:00-04:00,224.50180014859438,229.28835679181603,223.7271969282728,228.2655029296875,31417900,0.0,0.0
2022-03-30 00:00:00-04:00,227.32206885833335,229.5465204163885,225.13733315541214,226.26942443847656,25588000,0.0,0.0
2022-03-31 00:00:00-04:00,226.86528669666313,226.9050177106061,220.71822301847524,220.81753540039062,24192300,0.0,0.0
2022-04-01 00:00:00-04:00,222.99234595192877,225.70340426165572,221.15517295953632,223.29026794433594,19544800,0.0,0.0
2022-04-04 00:00:00-04:00,224.41241418163085,232.72436333956819,224.29325144843688,232.26754760742188,28054800,0.0,0.0
2022-04-05 00:00:00-04:00,232.45623274206918,235.2169471910092,229.417461812872,230.2317657470703,29727200,0.0,0.0
2022-04-06 00:00:00-04:00,225.33596570060982,227.40153889568887,219.8741183102283,221.75100708007812,28995100,0.0,0.0
2022-04-07 00:00:00-04:00,222.37660944612904,223.95559126819157,217.04386552632997,221.40341186523438,21037200,0.0,0.0
2022-04-08 00:00:00-04:00,220.83737591189984,223.568299423111,218.5036715775069,220.7877197265625,18375700,0.0,0.0
2022-04-11 00:00:00-04:00,216.90486095018167,219.07967176886117,213.72706176092154,214.95846557617188,20516600,0.0,0.0
2022-04-12 00:00:00-04:00,218.71224794767295,220.48982443539919,211.65156788222686,212.65455627441406,20128800,0.0,0.0
2022-04-13 00:00:00-04:00,210.3506337496348,215.10739934568304,209.8640273741091,213.49864196777344,19231800,0.0,0.0
2022-04-14 00:00:00-04:00,213.3993497039803,213.49866208481365,208.54327127888956,208.72201538085938,18379500,0.0,0.0
2022-04-18 00:00:00-04:00,208.54325950228275,211.89981776607013,206.85505519404293,209.30792236328125,16580800,0.0,0.0
2022-04-19 00:00:00-04:00,209.0596591305934,216.91477715151493,207.5501988958004,215.80255126953125,20089900,0.0,0.0
2022-04-20 00:00:00-04:00,212.12819758778258,212.674385292964,197.54009903644246,199.02969360351562,43036500,0.0,0.0
2022-04-21 00:00:00-04:00,200.20155584197036,201.56204763588434,184.2926784469227,186.76541137695312,49954100,0.0,0.0
2022-04-22 00:00:00-04:00,189.04940924538664,191.38311348968836,181.99867063494042,182.8328399658203,36426800,0.0,0.0
2022-04-25 00:00:00-04:00,181.46244249034362,185.88157089937965,180.39987269787414,185.69290161132812,29281100,0.0,0.0
2022-04-26 00:00:00-04:00,185.33538515455388,185.8914981079493,178.25483986956792,179.6947784423828,31747400,0.0,0.0
2022-04-27 00:00:00-04:00,173.22000731030988,179.95298977063828,167.82768138880363,173.7364044189453,71062900,0.0,0.0
2022-04-28 00:00:00-04:00,201.5123818080678,207.08346694081774,191.56188434655328,204.30288696289062,100890600,0.0,0.0
2022-04-29 00:00:00-04:00,203.04171931279444,211.0060756892692,198.51333815204498,199.0793914794922,49193400,0.0,0.0
2022-05-02 00:00:00-04:00,199.77449069050925,210.41020255624133,199.5957466160473,209.6654052734375,49915300,0.0,0.0
2022-05-03 00:00:00-04:00,208.99013202513237,213.4092599092411,206.64650243953506,210.55917358398438,41556300,0.0,0.0
2022-05-04 00:00:00-04:00,209.18873471344116,222.74405503982925,205.52434462463904,221.8602294921875,41375900,0.0,0.0
2022-05-05 00:00:00-04:00,217.22263694269984,218.64270996108357,204.72990080911183,206.83518981933594,41129200,0.0,0.0
2022-05-06 00:00:00-04:00,205.90168775625787,207.92754485018818,199.6255372022785,202.35646057128906,34747200,0.0,0.0
2022-05-09 00:00:00-04:00,198.4537315749027,201.16480482052688,194.22328811081877,194.8489227294922,36303200,0.0,0.0
2022-05-10 00:00:00-04:00,198.12602877743515,201.55210885679355,192.84294056094515,196.2789306640625,34452500,0.0,0.0
2022-05-11 00:00:00-04:00,194.96808586619244,199.27797620782732,186.9639994737446,187.4307403564453,31153400,0.0,0.0
2022-05-12 00:00:00-04:00,185.76240936095664,196.67617994764143,183.49822636026158,189.91342163085938,38262200,0.0,0.0
2022-05-13 00:00:00-04:00,191.24409306072036,198.50338187615907,189.95310800388307,197.2421875,24549800,0.0,0.0
2022-05-16 00:00:00-04:00,195.68307963018455,203.9453564363125,194.57083869542402,198.65232849121094,27112600,0.0,0.0
2022-05-17 00:00:00-04:00,200.717915455325,204.0347578335047,196.98400353286522,201.21444702148438,24872700,0.0,0.0
2022-05-18 00:00:00-04:00,198.61261226508478,199.6056753264102,190.3006792907317,190.9064483642578,23960000,0.0,0.0
2022-05-19 00:00:00-04:00,189.87365591452544,193.93528023328804,188.2847640946148,189.96302795410156,24446900,0.0,0.0
2022-05-20 00:00:00-04:00,193.6175216415817,196.5371296980073,186.56676728554785,192.1974334716797,31465600,0.0,0.0
2022-05-23 00:00:00-04:00,193.83601060059402,195.62352741117638,189.91341394730676,194.86878967285156,25059200,0.0,0.0
2022-05-24 00:00:00-04:00,179.29757477627385,182.40585247871965,174.88837147364822,180.0225067138672,50406300,0.0,0.0
2022-05-25 00:00:00-04:00,179.14859492045568,184.16356710269176,178.07610000083076,182.5548095703125,28030200,0.0,0.0
2022-05-26 00:00:00-04:00,181.61138743549637,191.49236240543442,180.99567799980568,190.30068969726562,23056500,0.0,0.0
2022-05-27 00:00:00-04:00,190.0325607294829,193.97502255882603,188.48338467468687,193.7764129638672,22562700,0.0,0.0
2022-05-31 00:00:00-04:00,193.53808190056003,196.22928977670594,190.67805510272842,192.2967529296875,26131100,0.0,0.0
2022-06-01 00:00:00-04:00,195.14683847181115,198.14589349403096,183.716686817317,187.33143615722656,36623500,0.0,0.0
2022-06-02 00:00:00-04:00,187.14275367920058,199.5461182815414,186.4277469756888,197.4805450439453,31951600,0.0,0.0
2022-06-03 00:00:00-04:00,194.6205141545029,195.2461487952102,188.46352558358373,189.4565887451172,19465000,0.0,0.0
2022-06-06 00:00:00-04:00,192.6443358781859,195.55400378462718,187.09310106659834,192.90252685546875,30574200,0.0,0.0
2022-06-07 00:00:00-04:00,190.5986047413895,195.16670133175938,190.1616696801112,194.2928009033203,18828700,0.0,0.0
2022-06-08 00:00:00-04:00,193.31958919038397,200.628534111621,193.06139824300615,195.2759246826172,22267200,0.0,0.0
2022-06-09 00:00:00-04:00,192.9322892978595,198.06642347877167,182.4058148436066,182.72360229492188,23501600,0.0,0.0
2022-06-10 00:00:00-04:00,181.7702799166873,181.82987643665223,173.8059240304574,174.35211181640625,27450800,0.0,0.0
2022-06-13 00:00:00-04:00,169.40662002400506,171.38282092477996,162.89212891887655,163.1205291748047,31749300,0.0,0.0
2022-06-14 00:00:00-04:00,164.87828673909902,165.5932934763899,160.24068327688394,162.59423828125,27244300,0.0,0.0
2022-06-15 00:00:00-04:00,166.04016743535288,170.96576767627823,162.84250265313943,168.17526245117188,30008300,0.0,0.0
2022-06-16 00:00:00-04:00,162.584294783492,163.93486122919495,158.50280476509815,159.75405883789062,26944100,0.0,0.0
2022-06-17 00:00:00-04:00,160.55841872486627,164.74914580123257,158.79076779535885,162.60414123535156,31374200,0.0,0.0
2022-06-21 00:00:00-04:00,164.77896178821595,166.59626917748903,154.88806126492062,155.9605712890625,50724900,0.0,0.0
2022-06-22 00:00:00-04:00,157.28133881462222,159.67460937224337,154.36173087266783,154.76889038085938,47267800,0.0,0.0
2022-06-23 00:00:00-04:00,155.1859658329667,158.64182097667785,153.1799742450864,157.6487579345703,40499200,0.0,0.0
2022-06-24 00:00:00-04:00,160.60811377174727,169.06901683040093,160.181103851403,168.97964477539062,68736000,0.0,0.0
2022-06-27 00:00:00-04:00,170.13157730813595,170.55858716707883,166.84452572363676,168.31427001953125,29174600,0.0,0.0
2022-06-28 00:00:00-04:00,168.72141147545437,170.11170888123422,159.4958621161718,159.56536865234375,27744500,0.0,0.0
2022-06-29 00:00:00-04:00,162.4353516237137,165.17620054541592,159.20789628875934,162.8027801513672,28595200,0.0,0.0
2022-06-30 00:00:00-04:00,161.0251593299037,164.08379518713716,157.39056026746715,160.13140869140625,35250600,0.0,0.0
2022-07-01 00:00:00-04:00,159.19794782136924,159.50579496695804,153.9247850296623,158.91989135742188,31423900,0.0,0.0
2022-07-05 00:00:00-04:00,157.0430264385636,167.08289680199593,155.93080041429153,167.0233154296875,28618600,0.0,0.0
2022-07-06 00:00:00-04:00,167.03319943566092,170.39968251777512,164.31221641798015,168.59231567382812,23085900,0.0,0.0
2022-07-07 00:00:00-04:00,168.274530960028,171.52185137959535,166.6161174832239,170.9955291748047,24083400,0.0,0.0
2022-07-08 00:00:00-04:00,168.800875159169,171.20408623734986,166.98356772070983,169.69464111328125,19249200,0.0,0.0
2022-07-11 00:00:00-04:00,165.91109017337698,166.3281749344096,160.78687998993084,161.75015258789062,21885600,0.0,0.0
2022-07-12 00:00:00-04:00,163.6567752196859,164.75907568702854,160.97550831756374,162.13739013671875,16639700,0.0,0.0
2022-07-13 00:00:00-04:00,159.04902386269782,163.835581152306,158.50283600990446,162.35592651367188,16555100,0.0,0.0
2022-07-14 00:00:00-04:00,160.10165236475422,161.46214411722048,156.18898088222045,156.95364379882812,23765200,0.0,0.0
2022-07-15 00:00:00-04:00,159.42634884359796,163.8355515824348,158.71135732791987,163.5574951171875,23342800,0.0,0.0
2022-07-18 00:00:00-04:00,165.59328022000832,170.4990146042201,164.49097951767354,166.0699462890625,23574300,0.0,0.0
2022-07-19 00:00:00-04:00,169.1881335978785,175.2656892871823,168.33409883630952,174.56060791015625,25933700,0.0,0.0
2022-07-20 00:00:00-04:00,176.2587864045491,182.32640294171296,175.47425801947045,181.81993103027344,24784300,0.0,0.0
2022-07-21 00:00:00-04:00,179.3770096978159,182.5746743968108,177.6292087773565,181.89938354492188,27195800,0.0,0.0
2022-07-22 00:00:00-04:00,171.86945307838997,174.38190172971616,167.2417749894323,168.09580993652344,42583900,0.0,0.0
2022-07-25 00:00:00-04:00,167.827677310981,169.38679377598018,163.66674016501324,165.4939727783203,26166300,0.0,0.0
2022-07-26 00:00:00-04:00,164.78889708215877,164.84847844507803,156.85431727302677,158.04598999023438,28468400,0.0,0.0
2022-07-27 00:00:00-04:00,161.46212428769684,169.68468546683903,160.8960862055005,168.4036407470703,43846600,0.0,0.0
2022-07-28 00:00:00-04:00,159.94274035613432,160.38961572025178,153.77582699484466,159.6051025390625,73214300,0.0,0.0
2022-07-29 00:00:00-04:00,156.5961304718885,159.0291321576182,154.09360709228082,157.99635314941406,42065400,0.0,0.0
2022-08-01 00:00:00-04:00,156.15920011139974,164.0441249453111,154.1532080515644,158.8206024169922,40596700,0.0,0.0
2022-08-02 00:00:00-04:00,157.2118327223143,161.11457897672165,156.9139107318116,159.07879638671875,27374500,0.0,0.0
2022-08-03 00:00:00-04:00,161.56144252689967,168.3639158538557,160.44921667380174,167.62905883789062,31721900,0.0,0.0
2022-08-04 00:00:00-04:00,167.13250725567178,170.95579074422076,165.64291274386176,169.3867645263672,23938200,0.0,0.0
2022-08-05 00:00:00-04:00,165.83159717566522,170.4195434240911,164.64984977157033,165.9507598876953,25832700,0.0,0.0
2022-08-08 00:00:00-04:00,166.83459311329847,176.27861730411797,165.9706331050453,169.06898498535156,27299100,0.0,0.0
2022-08-09 00:00:00-04:00,167.77801610097995,168.35399454612372,165.44432679109218,167.36093139648438,18655100,0.0,0.0
2022-08-10 00:00:00-04:00,174.7692156103598,179.2280601291775,172.74335799284708,177.1029052734375,30262100,0.0,0.0
2022-08-11 00:00:00-04:00,178.46339053169922,181.82987410175613,175.14654799822966,176.2587890625,24079100,0.0,0.0
2022-08-12 00:00:00-04:00,179.5557261467795,180.2012262156535,177.66891242870983,179.2478790283203,21274000,0.0,0.0
2022-08-15 00:00:00-04:00,177.71857316609862,180.18136532983021,176.96383553717615,179.6351776123047,15878700,0.0,0.0
2022-08-16 00:00:00-04:00,178.19523068394807,179.73448139510987,175.81187034484427,178.2250213623047,21156700,0.0,0.0
2022-08-17 00:00:00-04:00,175.5338084950615,176.90424026893493,172.96177899004462,173.63706970214844,20118100,0.0,0.0
2022-08-18 00:00:00-04:00,173.1306377897958,174.54078574100586,170.66784525197417,173.44842529296875,18844500,0.0,0.0
2022-08-19 00:00:00-04:00,169.0193585513689,171.12466290092638,165.89121544108187,166.79490661621094,26240800,0.0,0.0
2022-08-22 00:00:00-04:00,164.34202175823924,164.34202175823924,161.13441695931127,161.9189453125,19499700,0.0,0.0
2022-08-23 00:00:00-04:00,161.35292353625056,163.90510353487414,159.58527204386547,159.992431640625,18111800,0.0,0.0
2022-08-24 00:00:00-04:00,159.48595067474253,164.31223827227942,158.66170642781384,162.1274871826172,20891500,0.0,0.0
2022-08-25 00:00:00-04:00,164.03415860747302,167.70850426753756,162.88221690647927,167.60919189453125,15550500,0.0,0.0
2022-08-26 00:00:00-04:00,167.31128091921585,169.73435751151283,160.54852306381065,160.6577606201172,24023600,0.0,0.0
2022-08-29 00:00:00-04:00,159.5455264556274,161.91894673546284,157.90696319573627,158.06585693359375,20052700,0.0,0.0
2022-08-30 00:00:00-04:00,159.23768284651592,160.53859315412387,154.82848001713788,156.06980895996094,19567900,0.0,0.0
2022-08-31 00:00:00-04:00,165.91107021908033,166.67571794587022,161.0152609370121,161.79977416992188,40953000,0.0,0.0
2022-09-01 00:00:00-04:00,162.4452548742399,166.19903197568158,159.2376654786566,164.21290588378906,30145700,0.0,0.0
2022-09-02 00:00:00-04:00,166.28839950504363,166.76506551135236,158.11549510129598,159.20787048339844,22634200,0.0,0.0
2022-09-06 00:00:00-04:00,158.98942262661697,160.56838946048592,156.5961367043225,157.4402313232422,19339800,0.0,0.0
2022-09-07 00:00:00-04:00,156.66564374082208,159.8434580781021,155.7222367388541,159.27740478515625,16831200,0.0,0.0
2022-09-08 00:00:00-04:00,157.6090688684695,161.10464046070226,156.6457963416658,160.93582153320312,22530800,0.0,0.0
2022-09-09 00:00:00-04:00,162.11755708898195,168.36391755240584,161.88915681033242,167.97662353515625,22086800,0.0,0.0
2022-09-12 00:00:00-04:00,166.2288473797376,170.20110015435628,166.11960982231793,167.7879638671875,23220400,0.0,0.0
2022-09-13 00:00:00-04:00,160.41944601122833,160.5088332284753,151.61097899401653,152.0677947998047,44444100,0.0,0.0
2022-09-14 00:00:00-04:00,152.2663791257827,152.47491390782315,148.0160699299061,150.41928100585938,43064200,0.0,0.0
2022-09-15 00:00:00-04:00,148.76086955837675,153.1303415527559,147.66849398331107,148.51260375976562,34606300,0.0,0.0
2022-09-16 00:00:00-04:00,147.0229775485444,147.54929971688694,143.28905103750927,145.27517700195312,40122800,0.0,0.0
2022-09-19 00:00:00-04:00,144.2324805569561,147.54930745481647,144.0934523382715,146.99319458007812,22169500,0.0,0.0
2022-09-20 00:00:00-04:00,144.76873672743025,147.80750737262215,144.2126238188906,145.0765838623047,23217400,0.0,0.0
2022-09-21 00:00:00-04:00,145.37452420798962,148.56226381232418,141.01497727715852,141.13414001464844,38338600,0.0,0.0
2022-09-22 00:00:00-04:00,140.56810536276214,143.5770857829286,139.89281447662037,141.8292999267578,34418500,0.0,0.0
2022-09-23 00:00:00-04:00,140.4389929946804,141.63066577922177,137.92654436335064,139.43600463867188,31710700,0.0,0.0
2022-09-26 00:00:00-04:00,139.14801356499476,141.25331789581207,135.2452823830347,135.4240264892578,30497000,0.0,0.0
2022-09-27 00:00:00-04:00,136.96326843093527,138.45286316247478,133.18962541378022,133.46768188476562,30826500,0.0,0.0
2022-09-28 00:00:00-04:00,133.6861535620933,141.04475498386643,133.33859055874663,140.62767028808594,32658500,0.0,0.0
2022-09-29 00:00:00-04:00,138.3932939070833,138.86996002006063,134.26214718676619,135.46376037597656,38985400,0.0,0.0
2022-09-30 00:00:00-04:00,135.1062437159562,140.0119780697595,134.56005595639368,134.73880004882812,33166400,0.0,0.0
2022-10-03 00:00:00-04:00,136.18866414251312,138.651456228818,135.1558852524302,137.64846801757812,27723100,0.0,0.0
2022-10-04 00:00:00-04:00,139.51544995703262,141.4022639154571,138.37341822182503,139.30690002441406,34670700,0.0,0.0
2022-10-05 00:00:00-04:00,137.28107304772033,139.23740891821345,133.84506743749563,138.01593017578125,27979300,0.0,0.0
2022-10-06 00:00:00-04:00,136.76464446578143,140.46876539966271,135.65241869866074,138.10528564453125,36231100,0.0,0.0
2022-10-07 00:00:00-04:00,135.8113133948686,137.3306988296089,131.5212883888198,132.52427673339844,33214800,0.0,0.0
2022-10-10 00:00:00-04:00,132.6235672770044,135.16580614396682,130.95521354997354,132.8618927001953,24024000,0.0,0.0
2022-10-11 00:00:00-04:00,130.70695919793616,131.73975329829742,126.10907981380274,127.64832305908203,38481400,0.0,0.0
2022-10-12 00:00:00-04:00,127.42986620800094,128.77049232167374,125.37421828625249,126.61554718017578,34605200,0.0,0.0
2022-10-13 00:00:00-04:00,122.6730980553919,130.23030974729153,121.68003483781214,129.38619995117188,34325700,0.0,0.0
2022-10-14 00:00:00-04:00,130.09126942927062,130.87578263105397,125.64234329376768,125.88068389892578,23559400,0.0,0.0
2022-10-17 00:00:00-04:00,129.39613707206735,133.85498111053334,129.27695918491287,133.1101837158203,29612200,0.0,0.0
2022-10-18 00:00:00-04:00,136.1390497622748,136.88384726792242,130.48851692829024,131.87881469726562,25445000,0.0,0.0
2022-10-19 00:00:00-04:00,131.9681635517954,136.0496537710444,131.30281304878633,132.30580139160156,30691000,0.0,0.0
2022-10-20 00:00:00-04:00,132.00785104247322,135.82122429746337,130.39909390787523,130.61756896972656,26356300,0.0,0.0
2022-10-21 00:00:00-04:00,125.43380828954469,129.21737659439395,124.56984816879879,129.10813903808594,46348600,0.0,0.0
2022-10-24 00:00:00-04:00,126.36729258833617,132.55407210052488,123.70588290109863,128.82015991210938,63563400,0.0,0.0
2022-10-25 00:00:00-04:00,129.9721082704897,137.39029111902516,129.6841114749998,136.5561065673828,38433200,0.0,0.0
2022-10-26 00:00:00-04:00,130.76656248235753,134.60972759312372,127.6384192822142,128.9194793701172,82791500,0.0,0.0
2022-10-27 00:00:00-04:00,97.30032066005266,101.7889622979854,95.71141372398145,97.2605972290039,232316600,0.0,0.0
2022-10-28 00:00:00-04:00,98.88922490447071,100.15041170257088,96.83358459909144,98.51185607910156,95928300,0.0,0.0
2022-10-31 00:00:00-04:00,97.53866036503508,98.63102827621302,91.95764293134883,92.51376342773438,121361400,0.0,0.0
2022-11-01 00:00:00-04:00,93.6756441380607,96.81371959753587,92.90105613149628,94.53960418701172,110189600,0.0,0.0
2022-11-02 00:00:00-04:00,93.55647365415787,94.539604000825,89.85235253745208,89.91193389892578,71821100,0.0,0.0
2022-11-03 00:00:00-04:00,89.45512541093512,89.8324866594847,87.79671186073098,88.29324340820312,60664000,0.0,0.0
2022-11-04 00:00:00-04:00,89.72324423448461,90.75603070624835,87.47891964052742,90.16019439697266,55638100,0.0,0.0
2022-11-07 00:00:00-05:00,94.1225197898974,96.20795079311442,92.45417347202974,96.04906463623047,81987300,0.0,0.0
2022-11-08 00:00:00-05:00,95.2546239561724,97.12158769227108,94.13246522493209,95.80081176757812,52088300,0.0,0.0
2022-11-09 00:00:00-05:00,101.01439435093836,104.17233576863617,100.04118903856578,100.76612854003906,107677300,0.0,0.0
2022-11-10 00:00:00-05:00,106.37692885293671,111.96787173860783,103.88433818993818,111.09397888183594,80671000,0.0,0.0
2022-11-11 00:00:00-05:00,108.47229718253378,114.10296373480408,108.05520487844373,112.23600006103516,59961700,0.0,0.0
2022-11-14 00:00:00-05:00,110.22007605616892,115.46344823592956,110.03139921110841,113.42767333984375,53395000,0.0,0.0
2022-11-15 00:00:00-05:00,115.2648340397726,117.91631070591497,113.61635322887716,116.26782989501953,50670500,0.0,0.0
2022-11-16 00:00:00-05:00,113.70574420688561,115.27478598896697,111.87851143013629,112.4445571899414,33287800,0.0,0.0
2022-11-17 00:00:00-05:00,109.64411603860397,111.55079564232896,109.0383468556802,110.67689514160156,35093800,0.0,0.0
2022-11-18 00:00:00-05:00,113.01058846285041,113.52697796246153,109.85264737178989,111.2727279663086,33357700,0.0,0.0
2022-11-21 00:00:00-05:00,110.74640424380128,111.59051402126954,108.43257275608475,109.0979232788086,24351100,0.0,0.0
2022-11-22 00:00:00-05:00,109.09792757013905,110.84572098462105,107.5686092795262,110.6669692993164,29029000,0.0,0.0
2022-11-23 00:00:00-05:00,110.94500580829292,111.88841268073267,109.96187550444402,111.46139526367188,21343100,0.0,0.0
2022-11-25 00:00:00-05:00,110.52793133194992,111.94801193573602,110.24986728645337,110.63716888427734,12007600,0.0,0.0
2022-11-28 00:00:00-05:00,110.01153991004735,111.26280166148337,107.62818671851666,108.0254135131836,23309400,0.0,0.0
2022-11-29 00:00:00-05:00,108.78013809330255,110.17042801518582,107.78707494573887,108.70069122314453,23899200,0.0,0.0
2022-11-30 00:00:00-05:00,108.75033836840706,117.34033539585985,108.62123532101768,117.28074645996094,43348600,0.0,0.0
2022-12-01 00:00:00-05:00,118.37313410239103,120.35926056435378,117.57868806348866,119.60453796386719,36551400,0.0,0.0
2022-12-02 00:00:00-05:00,117.01262853139106,123.17954955964963,116.7941534340937,122.63336181640625,39950500,0.0,0.0
2022-12-05 00:00:00-05:00,120.90543576443036,123.80517827816894,120.50820899816485,121.58071899414062,35474900,0.0,0.0
2022-12-06 00:00:00-05:00,119.07821369134132,119.71377354252466,112.95100789955556,113.32837677001953,43689200,0.0,0.0
2022-12-07 00:00:00-05:00,112.97086766493533,115.07615672380238,112.09696723162085,113.13968658447266,29461100,0.0,0.0
2022-12-08 00:00:00-05:00,115.58261271516358,116.52601962232978,113.79509611830431,114.52996826171875,30619400,0.0,0.0
2022-12-09 00:00:00-05:00,114.50017957964646,116.72463882397538,113.0800990297086,115.09601593017578,26033400,0.0,0.0
2022-12-12 00:00:00-05:00,114.38101702846627,114.91727205321595,112.35516723823551,113.91427612304688,24747100,0.0,0.0
2022-12-13 00:00:00-05:00,121.28278893869566,122.44467847843467,117.81700097646582,119.3165283203125,44701100,0.0,0.0
2022-12-14 00:00:00-05:00,118.56181549227547,123.27886571815174,118.56181549227547,120.74655151367188,36922000,0.0,0.0
2022-12-15 00:00:00-05:00,117.50916975653068,117.80708416933531,113.21913705449421,115.34429168701172,34531000,0.0,0.0
2022-12-16 00:00:00-05:00,119.39598553083218,122.45461426632954,117.9957628564649,118.60153198242188,67064000,0.0,0.0
2022-12-19 00:00:00-05:00,116.01957187119426,116.98284435751376,113.53691394829686,113.68587493896484,29769900,0.0,0.0
2022-12-20 00:00:00-05:00,112.4743297898754,116.51609633840275,111.67987627248904,116.27775573730469,28742500,0.0,0.0
2022-12-21 00:00:00-05:00,115.8904666033582,119.50521586414342,114.81796415920795,118.92924499511719,20392800,0.0,0.0
2022-12-22 00:00:00-05:00,116.3869954443798,117.79715084272303,113.58655772952558,116.30755615234375,23618100,0.0,0.0
2022-12-23 00:00:00-05:00,115.22512457679196,117.36021202198714,114.7385257188311,117.22118377685547,17796600,0.0,0.0
2022-12-27 00:00:00-05:00,117.11194086388592,117.77729137467526,115.2449848171056,116.06922149658203,21392300,0.0,0.0
2022-12-28 00:00:00-05:00,115.44358969536862,117.33041117127519,114.70872509527865,114.81796264648438,19612500,0.0,0.0
2022-12-29 00:00:00-05:00,115.5925567337181,120.19043657200733,114.96692207560486,119.42578125,22366200,0.0,0.0
2022-12-30 00:00:00-05:00,117.34034806387496,119.58466537798836,116.92325577343314,119.50521850585938,19583800,0.0,0.0
2023-01-03 00:00:00-05:00,121.9680154005033,125.49339260262421,121.4317603919951,123.87469482421875,35528500,0.0,0.0
2023-01-04 00:00:00-05:00,126.4963677412938,128.15478878189577,124.97698249712057,126.48644256591797,32397100,0.0,0.0
2023-01-05 00:00:00-05:00,125.25503913557212,127.62846678342221,123.67607253076226,126.0594253540039,25447100,0.0,0.0
2023-01-06 00:00:00-05:00,128.0753531918348,129.42591965584387,125.16567791552465,129.11807250976562,27584500,0.0,0.0
2023-01-09 00:00:00-05:00,130.25016326294266,132.0277395914627,128.38319973683383,128.57188415527344,26649100,0.0,0.0
2023-01-10 00:00:00-05:00,126.38715893557614,132.51436506456827,126.26799619221563,132.06748962402344,28684400,0.0,0.0
2023-01-11 00:00:00-05:00,130.05156543257846,132.92151752065496,129.43585593466761,131.96817016601562,25423000,0.0,0.0
2023-01-12 00:00:00-05:00,132.5143372630711,136.72491494315477,130.84598344132982,135.76165771484375,30757700,0.0,0.0
2023-01-13 00:00:00-05:00,134.03373369283793,136.43694468179817,133.90463063523947,136.02978515625,22423800,0.0,0.0
2023-01-17 00:00:00-05:00,135.23532436232162,135.8013775971984,133.31871987147267,134.4210205078125,21147600,0.0,0.0
2023-01-18 00:00:00-05:00,134.86788336036574,136.29789650223645,131.87876919085735,132.0972442626953,20215500,0.0,0.0
2023-01-19 00:00:00-05:00,131.57095128372185,136.49653636219355,131.22337309604464,135.20555114746094,28625200,0.0,0.0
2023-01-20 00:00:00-05:00,134.9473578036574,138.96926679906724,133.67623811836893,138.40321350097656,28688600,0.0,0.0
2023-01-23 00:00:00-05:00,138.3237218747367,142.762714160149,137.69810256439342,142.276123046875,27470100,0.0,0.0
2023-01-24 00:00:00-05:00,140.70711051189517,143.99414688881774,140.37939787648503,142.1470489501953,21970200,0.0,0.0
2023-01-25 00:00:00-05:00,140.24036092497738,142.1768307837809,139.33666993988936,140.51841735839844,26622000,0.0,0.0
2023-01-26 00:00:00-05:00,143.39832110735034,146.48674828891208,142.30596067082345,146.27821350097656,25482100,0.0,0.0
2023-01-27 00:00:00-05:00,147.21167250133433,152.127331585419,146.36756284470962,150.68739318847656,35771900,0.0,0.0
2023-01-30 00:00:00-05:00,148.3735602855576,150.07168968806806,145.93061841073978,146.03985595703125,28040100,0.0,0.0
2023-01-31 00:00:00-05:00,146.92367120527942,148.84029071897626,146.49666137884958,147.9365997314453,29842100,0.0,0.0
2023-02-01 00:00:00-05:00,147.00311330681407,152.51461593600158,146.03984099356245,152.05780029296875,55661000,0.0,0.0
2023-02-02 00:00:00-05:00,182.10793083625816,195.79234024734723,178.91026618373948,187.46054077148438,150475700,0.0,0.0
2023-02-03 00:00:00-05:00,182.1972979017333,195.40504086784406,181.6213194546132,185.23606872558594,76809700,0.0,0.0
2023-02-06 00:00:00-05:00,185.23607379267708,189.37714543580742,184.2330854357221,184.7693328857422,42483800,0.0,0.0
2023-02-07 00:00:00-05:00,184.2926614583213,192.43577626935254,183.12083906011983,190.29075622558594,47080700,0.0,0.0
2023-02-08 00:00:00-05:00,188.68197847348551,189.506222618854,181.65109029938392,182.1575469970703,36139100,0.0,0.0
2023-02-09 00:00:00-05:00,184.83884601456782,185.35522793422592,176.0403060395819,176.685791015625,37118800,0.0,0.0
2023-02-10 00:00:00-05:00,175.12667589321265,177.64904938681158,172.14748672680432,172.94192504882812,33433600,0.0,0.0
2023-02-13 00:00:00-05:00,176.98372003856966,179.74443444936884,174.60037448273806,178.18531799316406,31463200,0.0,0.0
2023-02-14 00:00:00-05:00,175.93108652361,180.25090250837437,174.659966793786,178.2349853515625,24034600,0.0,0.0
2023-02-15 00:00:00-05:00,175.1962038438669,176.95392990973855,174.1137686177919,175.9310760498047,25308900,0.0,0.0
2023-02-16 00:00:00-05:00,171.55166735716432,174.63016933039438,170.59832002033082,171.2438201904297,25827500,0.0,0.0
2023-02-17 00:00:00-05:00,169.03920410116666,171.97866242641902,168.5228070402124,171.68075561523438,24171300,0.0,0.0
2023-02-21 00:00:00-05:00,173.10081786312165,176.93404184317134,170.68768192444588,170.88629150390625,34592600,0.0,0.0
2023-02-22 00:00:00-05:00,169.88332710252644,171.5615911643237,168.51289505206418,169.93296813964844,22433200,0.0,0.0
2023-02-23 00:00:00-05:00,170.8068722736244,172.4851515245046,168.20505151002578,170.84658813476562,20017800,0.0,0.0
2023-02-24 00:00:00-05:00,167.4701777271182,169.53575100498932,166.49698003228437,169.20803833007812,19791300,0.0,0.0
2023-02-27 00:00:00-05:00,170.68767049982438,171.91905890182207,167.88722561217432,168.3638916015625,19277000,0.0,0.0
2023-02-28 00:00:00-05:00,170.70753547353686,176.3183509042835,170.67774479370667,173.72645568847656,46051100,0.0,0.0
2023-03-01 00:00:00-05:00,173.37887720914978,176.61627250504657,171.8495667534545,172.2169952392578,30998400,0.0,0.0
2023-03-02 00:00:00-05:00,171.18421069860065,173.7959561747655,170.24078869368054,173.3192901611328,17352000,0.0,0.0
2023-03-03 00:00:00-05:00,177.67885893450952,185.3254422430507,175.8218356725193,183.96495056152344,45877700,0.0,0.0
2023-03-06 00:00:00-05:00,186.6958879501446,188.3443765549212,183.35919487853496,183.6173858642578,33209400,0.0,0.0
2023-03-07 00:00:00-05:00,187.6889465447827,189.03951311545543,182.7335556756576,183.23008728027344,36701500,0.0,0.0
2023-03-08 00:00:00-05:00,181.6014509997279,183.97487129085047,180.08206561247465,183.6868896484375,19432400,0.0,0.0
2023-03-09 00:00:00-05:00,185.05731952586282,187.6194090554493,179.04928458509838,180.4296417236328,26582800,0.0,0.0
2023-03-10 00:00:00-05:00,179.7543499292982,183.48827695906897,177.55968891934018,178.26475524902344,25665000,0.0,0.0
2023-03-13 00:00:00-04:00,176.7255182601782,182.50513769842044,173.60730069141576,179.64511108398438,24728000,0.0,0.0
2023-03-14 00:00:00-04:00,186.27878888385163,192.97204001980109,185.26586022047786,192.6741180419922,41642600,0.0,0.0
2023-03-15 00:00:00-04:00,191.61155856352926,196.40805606729103,189.51619441782307,196.37826538085938,42123600,0.0,0.0
2023-03-16 00:00:00-04:00,196.88469349861998,204.3326670795369,194.7297482942276,203.5084228515625,50447100,0.0,0.0
2023-03-17 00:00:00-04:00,199.16874180941005,200.49944278615354,194.07432302987556,194.25308227539062,50141100,0.0,0.0
2023-03-20 00:00:00-04:00,197.10317093063804,197.9770713567288,192.29674889302132,196.4378204345703,25186300,0.0,0.0
2023-03-21 00:00:00-04:00,201.79043897159778,202.1380171523649,196.57685717774208,200.75765991210938,31827000,0.0,0.0
2023-03-22 00:00:00-04:00,201.095277091243,205.9314895234594,198.28490670909648,198.42393493652344,28477800,0.0,0.0
2023-03-23 00:00:00-04:00,201.4329169992156,206.43796354444146,200.74770103087417,202.86293029785156,27389700,0.0,0.0
2023-03-24 00:00:00-04:00,203.7566883902138,206.14004902497825,202.13800577125969,204.5809326171875,27716400,0.0,0.0
2023-03-27 00:00:00-04:00,203.38924254153588,204.43196178331618,199.96317802106324,201.4329071044922,18527200,0.0,0.0
2023-03-28 00:00:00-04:00,198.76156536376755,199.63546570535854,196.5271734791504,199.2878875732422,19127300,0.0,0.0
2023-03-29 00:00:00-04:00,202.14793034442258,204.29295036342754,201.13500169884674,203.92552185058594,18851100,0.0,0.0
2023-03-30 00:00:00-04:00,201.9691860222498,206.6465049204473,201.4130730889809,206.3982391357422,22608300,0.0,0.0
2023-03-31 00:00:00-04:00,205.8023942409932,210.69818785889007,205.33565339003295,210.46978759765625,25440300,0.0,0.0
2023-04-03 00:00:00-04:00,207.3913118002008,212.00906469957744,206.7557519682816,211.59197998046875,17924600,0.0,0.0
2023-04-04 00:00:00-04:00,211.90975392152575,214.73999007972566,211.06564414720177,213.23052978515625,21026400,0.0,0.0
2023-04-05 00:00:00-04:00,212.6644774037662,213.69727161345537,208.48368983343693,210.01300048828125,19396600,0.0,0.0
2023-04-06 00:00:00-04:00,207.79846352965933,215.43512155529157,207.2026195802258,214.6009521484375,26104400,0.0,0.0
2023-04-10 00:00:00-04:00,213.22059908205247,214.164006059354,209.19869022835502,213.26031494140625,16106100,0.0,0.0
2023-04-11 00:00:00-04:00,213.98524452930243,214.52150711898213,211.92961167670683,212.36656188964844,16710100,0.0,0.0
2023-04-12 00:00:00-04:00,213.34968761381884,215.3358139520289,211.1053703067004,212.51551818847656,18972200,0.0,0.0
2023-04-13 00:00:00-04:00,214.2335100899121,219.61591056926196,214.19379423102393,218.82147216796875,23310400,0.0,0.0
2023-04-14 00:00:00-04:00,216.3686088464835,220.5692618228154,216.04089618124604,219.9535675048828,21591200,0.0,0.0
2023-04-17 00:00:00-04:00,218.26535363457387,219.4471012647374,215.62381704396694,217.34181213378906,15481900,0.0,0.0
2023-04-18 00:00:00-04:00,218.3845319458601,218.91085422961788,214.71020113649635,216.3785400390625,12281000,0.0,0.0
2023-04-19 00:00:00-04:00,211.98919349384875,215.82241788882212,211.45293090302494,214.20372009277344,15898100,0.0,0.0
2023-04-20 00:00:00-04:00,211.99912436985045,215.24644522576878,211.29405799455063,211.59197998046875,16475400,0.0,0.0
2023-04-21 00:00:00-04:00,208.75180610707153,211.92960507547147,208.12617148957972,211.4132080078125,17717200,0.0,0.0
2023-04-24 00:00:00-04:00,212.1977294176344,212.43607003183712,209.24834576393567,211.31390380859375,15750900,0.0,0.0
2023-04-25 00:00:00-04:00,209.35758075618784,209.79451581413423,205.69317530472057,206.11026000976562,19198200,0.0,0.0
2023-04-26 00:00:00-04:00,211.02590456421436,212.6247367296185,207.43102106246127,207.94740295410156,41992700,0.0,0.0
2023-04-27 00:00:00-04:00,238.22589653598078,240.01341307215787,235.12754464190036,236.90512084960938,71196500,0.0,0.0
2023-04-28 00:00:00-04:00,237.35199823747706,238.76214597455458,234.1146180934489,238.65292358398438,39554000,0.0,0.0
2023-05-01 00:00:00-04:00,236.96473723497323,242.30742212922294,234.81973222744224,241.49310302734375,29143900,0.0,0.0
2023-05-02 00:00:00-04:00,241.4930850874803,243.2210203916547,237.3321632942295,237.58042907714844,24350100,0.0,0.0
2023-05-03 00:00:00-04:00,237.80884937482688,240.07303229342506,231.13546335592423,235.38577270507812,34463900,0.0,0.0
2023-05-04 00:00:00-04:00,234.4224897541913,236.54764433430736,231.3141971795904,231.90011596679688,17889400,0.0,0.0
2023-05-05 00:00:00-04:00,230.62900521973373,233.0520667223415,228.25558475524525,231.16525268554688,27000500,0.0,0.0
2023-05-08 00:00:00-04:00,229.81466736120282,233.98552946998953,228.67265082469316,231.65184020996094,16400500,0.0,0.0
2023-05-09 00:00:00-04:00,229.85442042692114,234.24375805736074,229.4770515529703,231.75115966796875,16865600,0.0,0.0
2023-05-10 00:00:00-04:00,234.53169591700546,235.1076742975232,229.1195053893188,231.463134765625,19119000,0.0,0.0
2023-05-11 00:00:00-04:00,231.43335944398112,236.55756869790676,230.68856211589681,234.1543426513672,20449000,0.0,0.0
2023-05-12 00:00:00-04:00,235.0977780320759,235.31625313958426,229.84446542827206,232.18809509277344,16161400,0.0,0.0
2023-05-15 00:00:00-04:00,235.27651903465465,238.59334630985595,233.69755226718914,237.20306396484375,20653200,0.0,0.0
2023-05-16 00:00:00-04:00,234.1543500950929,237.9776492286438,233.8862339585763,237.16334533691406,18163800,0.0,0.0
2023-05-17 00:00:00-04:00,236.79590818162305,242.14851802395924,236.48806102557035,240.80789184570312,21193100,0.0,0.0
2023-05-18 00:00:00-04:00,239.6261309972125,245.37595972538801,239.51689344921203,245.13763427734375,22943300,0.0,0.0
2023-05-19 00:00:00-04:00,245.7533271934296,246.96486539074206,241.72149342165952,243.93601989746094,21733600,0.0,0.0
2023-05-22 00:00:00-04:00,243.70762529469803,251.8110240364493,243.4196285026219,246.59744262695312,27738500,0.0,0.0
2023-05-23 00:00:00-04:00,245.09791840756068,249.8646246511215,244.93902466375565,245.02841186523438,17748100,0.0,0.0
2023-05-24 00:00:00-04:00,243.57853135653195,247.85863116367986,243.2508186944588,247.4812774658203,17724300,0.0,0.0
2023-05-25 00:00:00-04:00,251.64221545279156,253.84681702714616,247.44156224887473,250.93714904785156,22371400,0.0,0.0
2023-05-26 00:00:00-04:00,251.17549796287173,260.4904367426102,250.95703797343333,260.2223205566406,25727200,0.0,0.0
2023-05-30 00:00:00-04:00,263.4099867418485,266.7863952138384,259.4774653594547,260.69891357421875,23816500,0.0,0.0
2023-05-31 00:00:00-04:00,258.19640791321996,263.16172345001263,256.6571722191666,262.8836669921875,25473700,0.0,0.0
2023-06-01 00:00:00-04:00,264.0554877972459,272.0993054426767,264.04557777366057,270.71893310546875,25609500,0.0,0.0
2023-06-02 00:00:00-04:00,270.76860444692574,273.4399467678956,269.2392786971118,270.71893310546875,19416900,0.0,0.0
2023-06-05 00:00:00-04:00,268.42498069214497,273.65844334404306,267.6901235950495,269.5074462890625,20742900,0.0,0.0
2023-06-06 00:00:00-04:00,268.26607538837465,274.6514637291308,267.81918487933905,269.2392578125,19419000,0.0,0.0
2023-06-07 00:00:00-04:00,269.785480795916,272.3475704025808,260.97698514947285,261.7714538574219,26163600,0.0,0.0
2023-06-08 00:00:00-04:00,258.81213746831133,265.79337085238586,257.0842171238647,262.7446594238281,20899400,0.0,0.0
2023-06-09 00:00:00-04:00,260.6592238964262,266.09128048444296,259.88463585946414,263.1120910644531,16949800,0.0,0.0
2023-06-12 00:00:00-04:00,265.31667943229814,269.8648950557806,263.48941667516516,269.16973876953125,15442500,0.0,0.0
2023-06-13 00:00:00-04:00,272.9731990602745,273.8073684559375,267.22335503008594,269.4378967285156,16164000,0.0,0.0
2023-06-14 00:00:00-04:00,270.0039631439923,273.0824347639781,266.45872031027324,271.4538269042969,19175100,0.0,0.0
2023-06-15 00:00:00-04:00,270.41104955005704,282.0199587352708,269.53717954510836,279.87493896484375,25973500,0.0,0.0
2023-06-16 00:00:00-04:00,282.7747066945792,285.85320824566975,278.1867602004858,279.05072021484375,43127700,0.0,0.0
2023-06-20 00:00:00-04:00,276.79647611939964,282.824345828367,274.30387815446664,282.35760498046875,20701600,0.0,0.0
2023-06-21 00:00:00-04:00,281.5631526174152,282.0298934420368,276.4290035465778,279.686279296875,20556200,0.0,0.0
2023-06-22 00:00:00-04:00,277.1440545745205,283.2812079627255,275.86302491273386,282.9038391113281,17563100,0.0,0.0
2023-06-23 00:00:00-04:00,279.5571952211371,287.66059352897247,277.01495618015497,286.72711181640625,51092000,0.0,0.0
2023-06-26 00:00:00-04:00,286.69734660419147,287.7797818126023,275.674339459716,276.5382995605469,24232700,0.0,0.0
2023-06-27 00:00:00-04:00,280.0537302112872,287.3428096162056,278.7031486570512,285.0587463378906,26108300,0.0,0.0
2023-06-28 00:00:00-04:00,282.84423326201266,287.54140222706,282.08949562455047,283.31097412109375,16722100,0.0,0.0
2023-06-29 00:00:00-04:00,282.52648638101715,284.58213452194684,278.74291793339063,279.57708740234375,15395700,0.0,0.0
2023-06-30 00:00:00-04:00,282.78471709314834,287.044936861355,282.4470792053626,284.98931884765625,19694900,0.0,0.0
2023-07-03 00:00:00-04:00,284.71122518279316,287.3924775791837,282.87405224278217,284.0359191894531,8629300,0.0,0.0
2023-07-05 00:00:00-04:00,285.6545575178564,296.05192803540166,284.3734977997515,292.32794189453125,33865500,0.0,0.0
2023-07-06 00:00:00-04:00,293.83744777583496,296.05195903707505,289.2892019215489,289.9644775390625,47600500,0.0,0.0
2023-07-07 00:00:00-04:00,290.1531659549426,294.14529896689464,286.657594793173,288.5146179199219,25586000,0.0,0.0
2023-07-10 00:00:00-04:00,293.4998295255578,296.0619496653583,285.05879195490223,292.0599060058594,37058300,0.0,0.0
2023-07-11 00:00:00-04:00,291.86126327728795,298.09769885118925,289.8751369122763,296.2208251953125,27585900,0.0,0.0
2023-07-12 00:00:00-04:00,299.6568071198081,307.30340553817604,298.01825897469564,307.19415283203125,36677100,0.0,0.0
2023-07-13 00:00:00-04:00,311.44452725235385,314.0463484161194,308.1376395860607,311.2359924316406,30281000,0.0,0.0
2023-07-14 00:00:00-04:00,309.6271439820355,312.69570524056013,305.2278515366638,306.7273864746094,23054100,0.0,0.0
2023-07-17 00:00:00-04:00,305.40661961180007,309.5476755688944,302.5962342022979,308.4652404785156,25323100,0.0,0.0
2023-07-18 00:00:00-04:00,308.72347853869013,312.02045548737846,305.4860829548435,309.8853454589844,20731900,0.0,0.0
2023-07-19 00:00:00-04:00,310.85856245874305,316.4693633002309,308.3659642076415,313.8179016113281,21763700,0.0,0.0
2023-07-20 00:00:00-04:00,311.32532347756353,313.3511809580892,300.12357142400333,300.4214782714844,23836900,0.0,0.0
2023-07-21 00:00:00-04:00,302.4572278736158,303.3410382508624,289.179979416503,292.21875,42139300,0.0,0.0
2023-07-24 00:00:00-04:00,293.72824526758416,295.456165615258,286.300121288059,289.587158203125,24915700,0.0,0.0
2023-07-25 00:00:00-04:00,293.14234440167036,296.23075657509025,289.83542679422806,292.4273376464844,19585600,0.0,0.0
2023-07-26 00:00:00-04:00,299.1006606584719,299.6766238894275,289.8750964937067,296.49884033203125,47256900,0.0,0.0
2023-07-27 00:00:00-04:00,322.86467915054084,323.0930945799738,307.690675775202,309.5476989746094,64229200,0.0,0.0
2023-07-28 00:00:00-04:00,314.68184950652267,323.93720515221605,312.0700886254892,323.2221984863281,39220300,0.0,0.0
2023-07-31 00:00:00-04:00,321.4445798465396,323.40091525977414,315.3868892035892,316.389892578125,25799600,0.0,0.0
2023-08-01 00:00:00-04:00,315.33728544494596,321.89150838566957,312.47725868492967,320.4714050292969,22817900,0.0,0.0
2023-08-02 00:00:00-04:00,315.7941054303638,316.1814146347916,308.4950846682021,312.12969970703125,20461100,0.0,0.0
2023-08-03 00:00:00-04:00,307.7800302287447,313.75828931012387,307.7800302287447,311.0174255371094,15180200,0.0,0.0
2023-08-04 00:00:00-04:00,312.7751616601819,316.2012416546554,308.0482016678067,308.57452392578125,17612800,0.0,0.0
2023-08-07 00:00:00-04:00,311.05721788169274,314.87057718841726,308.3064132376697,314.3641052246094,16236500,0.0,0.0
2023-08-08 00:00:00-04:00,312.2190842136099,315.68489561378465,307.95883432440326,310.4713134765625,15183500,0.0,0.0
2023-08-09 00:00:00-04:00,310.70958057750164,311.4543778857234,300.749159121118,303.0927734375,19955800,0.0,0.0
2023-08-10 00:00:00-04:00,305.80389184171617,310.17336396926396,301.76211724373354,303.619140625,14358900,0.0,0.0
2023-08-11 00:00:00-04:00,300.4711183412435,302.60619800831466,298.2764270049962,299.5475769042969,14046300,0.0,0.0
2023-08-14 00:00:00-04:00,298.89215897523803,304.08585987444496,296.1810856549344,304.0660095214844,15641900,0.0,0.0
2023-08-15 00:00:00-04:00,304.0163753659542,305.09881059151013,297.9487435991702,299.8554382324219,11623600,0.0,0.0
2023-08-16 00:00:00-04:00,298.1175725827558,298.99144270611146,292.2386253443514,292.2485656738281,18547700,0.0,0.0
2023-08-17 00:00:00-04:00,291.01710842759655,293.99629751358816,282.97332214012204,283.1123352050781,23950100,0.0,0.0
2023-08-18 00:00:00-04:00,277.0944282615069,283.7082329242501,272.4766903630633,281.28515625,35347900,0.0,0.0
2023-08-21 00:00:00-04:00,281.4837682910043,288.4848515328741,279.8948611542594,287.8890075683594,20181500,0.0,0.0
2023-08-22 00:00:00-04:00,290.5205630066512,290.8681411112214,284.7608098384595,285.60491943359375,12980200,0.0,0.0
2023-08-23 00:00:00-04:00,286.49874036161424,295.33699700136754,285.6745112195998,292.19891357421875,18287000,0.0,0.0
2023-08-24 00:00:00-04:00,296.42938828405966,297.3827205446517,284.6516723617093,284.7608947753906,18360900,0.0,0.0
2023-08-25 00:00:00-04:00,284.145165887689,286.3894983198096,274.1152219434127,283.51953125,23701400,0.0,0.0
2023-08-28 00:00:00-04:00,286.00218856847266,289.4282685747188,283.8174375056661,288.24652099609375,14239300,0.0,0.0
2023-08-29 00:00:00-04:00,286.5781245308477,297.0748083488483,286.18090536800884,295.9228515625,20844500,0.0,0.0
2023-08-30 00:00:00-04:00,295.1085960366547,296.2208219398968,291.39451916689933,293.0529479980469,17717000,0.0,0.0
2023-08-31 00:00:00-04:00,293.7480610282445,299.0113137881702,293.6090479494358,293.83746337890625,17229900,0.0,0.0
2023-09-01 00:00:00-04:00,297.2933461577738,299.6469012576777,292.42734219813093,294.3240966796875,12842300,0.0,0.0
2023-09-05 00:00:00-04:00,294.95957887018017,299.29928989489184,293.46007425910796,298.06787109375,14956000,0.0,0.0
2023-09-06 00:00:00-04:00,299.6170852336197,301.19605206197497,293.60906508325564,297.0947265625,15418100,0.0,0.0
2023-09-07 00:00:00-04:00,295.93280942459444,304.92001852805595,290.1929058097352,296.5981750488281,33748700,0.0,0.0
2023-09-08 00:00:00-04:00,297.1443691073636,303.1325389345228,294.721292497798,295.8236083984375,17548000,0.0,0.0
2023-09-11 00:00:00-04:00,299.319151179612,306.89622744540156,299.190048128287,305.4264831542969,19489300,0.0,0.0
2023-09-12 00:00:00-04:00,304.2050319475846,306.5188861385687,298.14737076735327,299.56744384765625,13480400,0.0,0.0
2023-09-13 00:00:00-04:00,300.26253473237426,305.0491059941626,299.2297709617545,302.9438171386719,13210900,0.0,0.0
2023-09-14 00:00:00-04:00,304.61218228599614,310.6996642714737,302.9140527776012,309.5576477050781,19343100,0.0,0.0
2023-09-15 00:00:00-04:00,309.44837699255953,309.83568614706604,296.677600116782,298.2267761230469,28131100,0.0,0.0
2023-09-18 00:00:00-04:00,296.121522359294,301.49399798650074,295.7342131588105,300.4512634277344,14234200,0.0,0.0
2023-09-19 00:00:00-04:00,300.3817663465524,304.04617196316946,297.73027427943487,302.95379638671875,15924400,0.0,0.0
2023-09-20 00:00:00-04:00,302.9338707843327,305.9230002578217,297.35286130140787,297.5912170410156,19379500,0.0,0.0
2023-09-21 00:00:00-04:00,293.64876766916143,298.1771329325282,291.2356013293581,293.6785583496094,21319600,0.0,0.0
2023-09-22 00:00:00-04:00,297.22375462122136,303.2615948527905,296.2009009061398,297.0052795410156,25369600,0.0,0.0
2023-09-25 00:00:00-04:00,293.58919436823385,298.86235709344436,291.6626494973639,298.7431640625,18987000,0.0,0.0
2023-09-26 00:00:00-04:00,295.5951993800877,298.21687050123535,293.95665114113496,296.88616943359375,19417200,0.0,0.0
2023-09-27 00:00:00-04:00,298.3658446206744,299.20992407915827,284.80059794210763,295.67462158203125,36429800,0.0,0.0
2023-09-28 00:00:00-04:00,296.8662747588232,304.2049950422856,294.6418231934781,301.8514404296875,22167100,0.0,0.0
2023-09-29 00:00:00-04:00,305.2477791028233,308.48517491583306,297.2833926385552,298.12750244140625,25373700,0.0,0.0
2023-10-02 00:00:00-04:00,300.6399055567097,305.04910803314016,299.5376200905421,304.6916198730469,16265600,0.0,0.0
2023-10-03 00:00:00-04:00,302.14936296130674,304.6419305235955,297.5614166760954,298.8523864746094,17362300,0.0,0.0
2023-10-04 00:00:00-04:00,296.65774717044013,304.7710556276171,296.429331750097,303.460205078125,16880500,0.0,0.0
2023-10-05 00:00:00-04:00,302.5167654740463,304.08579157020546,297.4223477898411,302.6756591796875,19130000,0.0,0.0
2023-10-06 00:00:00-04:00,299.3489394320778,314.11578268990155,298.82261720809345,313.24188232421875,21803900,0.0,0.0
2023-10-09 00:00:00-04:00,310.33221514145873,318.10788578945574,309.6569395147222,316.15155029296875,22503700,0.0,0.0
2023-10-10 00:00:00-04:00,316.9063193123349,322.40789785267475,315.9529871386854,319.6074523925781,19038000,0.0,0.0
2023-10-11 00:00:00-04:00,320.76935835678336,326.5589035580953,320.70977698843177,325.5459899902344,22036300,0.0,0.0
2023-10-12 00:00:00-04:00,325.72473608028565,328.24712514411596,320.4515728078469,321.911376953125,20530500,0.0,0.0
2023-10-13 00:00:00-04:00,321.28572429519977,322.7951693946369,310.20313574623543,312.5070495605469,21341000,0.0,0.0
2023-10-16 00:00:00-04:00,316.42964290324574,319.58757630951493,313.3312605530342,318.9222106933594,16536100,0.0,0.0
2023-10-17 00:00:00-04:00,315.9728369140066,322.1496911366315,315.0989364623092,321.7524719238281,16387800,0.0,0.0
2023-10-18 00:00:00-04:00,319.1605928644108,323.67901825207645,313.3710175011576,314.771240234375,16851000,0.0,0.0
2023-10-19 00:00:00-04:00,317.6610080881102,319.6570744838491,309.58740077470026,310.6400451660156,18709200,0.0,0.0
2023-10-20 00:00:00-04:00,311.9608480064677,313.112774500893,304.344040909114,306.5089111328125,22312300,0.0,0.0
2023-10-23 00:00:00-04:00,307.35303227179605,315.1584937626349,305.12858060525525,311.8317565917969,17796800,0.0,0.0
2023-10-24 00:00:00-04:00,314.58253436849895,316.14165074242743,308.47520223338284,310.3818664550781,19525500,0.0,0.0
2023-10-25 00:00:00-04:00,307.84958205293754,308.723482489642,296.76699346232584,297.45220947265625,42192500,0.0,0.0
2023-10-26 00:00:00-04:00,292.953656992166,292.953656992166,277.4618643239456,286.34979248046875,66684100,0.0,0.0
2023-10-27 00:00:00-04:00,292.4372388367085,297.2337203774448,290.93770382583693,294.671630859375,29596300,0.0,0.0
2023-10-30 00:00:00-04:00,297.015243248038,307.2537215329918,296.97551223781545,300.56048583984375,28435100,0.0,0.0
2023-10-31 00:00:00-04:00,301.20597199311294,301.5734004979503,294.8007027575976,299.18011474609375,19434200,0.0,0.0
2023-11-01 00:00:00-04:00,299.75613549484945,310.5705780744768,299.75613549484945,309.686767578125,20434600,0.0,0.0
2023-11-02 00:00:00-04:00,315.0989201697946,316.60839552863507,306.1911426491428,308.7135314941406,21631800,0.0,0.0
2023-11-03 00:00:00-04:00,310.38183567622644,313.3610247448418,308.8624504634677,312.4176330566406,16764300,0.0,0.0
2023-11-06 00:00:00-05:00,313.78808835480413,316.1217623884559,312.2687030283649,313.60931396484375,12887700,0.0,0.0
2023-11-07 00:00:00-05:00,314.86059760841897,318.77326881523226,312.93405268705885,316.6083984375,14055600,0.0,0.0
2023-11-08 00:00:00-05:00,315.9330988711721,319.10094217538756,312.6957035729342,317.56170654296875,13609700,0.0,0.0
2023-11-09 00:00:00-05:00,317.2042495782576,321.9312096368401,316.588524958862,318.3263854980469,16103100,0.0,0.0
2023-11-10 00:00:00-05:00,317.72064509348024,326.81710771264596,317.2439638436698,326.4893798828125,19096200,0.0,0.0
2023-11-13 00:00:00-05:00,323.93721447654235,330.02466618217363,323.44068289721343,326.9064636230469,16908900,0.0,0.0
2023-11-14 00:00:00-05:00,332.2193399936058,335.75464222677965,331.0177118150149,333.97705078125,17179400,0.0,0.0
2023-11-15 00:00:00-05:00,335.58586052661127,336.05260147153103,327.73072649515404,330.4020690917969,14531200,0.0,0.0
2023-11-16 00:00:00-05:00,327.0851936445304,332.25904399287276,324.11594462578523,331.87176513671875,18932600,0.0,0.0
2023-11-17 00:00:00-05:00,327.9689806086284,333.1726207853084,327.0652896845473,332.7158203125,14494400,0.0,0.0
2023-11-20 00:00:00-05:00,332.5669767206299,339.49853902623676,331.871820301576,337.6117248535156,16960500,0.0,0.0
2023-11-21 00:00:00-05:00,335.983036522229,337.5421529147705,333.56990038195556,334.6424255371094,12027900,0.0,0.0
2023-11-22 00:00:00-05:00,336.856911191521,340.5411969544513,336.2312766164619,339.12109375,10702700,0.0,0.0
2023-11-24 00:00:00-05:00,337.77057245981536,339.4885523054197,334.4338645325488,335.8837585449219,5467500,0.0,0.0
2023-11-27 00:00:00-05:00,333.84794886953887,337.5421448490172,331.8817033085443,332.37823486328125,15684500,0.0,0.0
2023-11-28 00:00:00-05:00,331.0872390330007,337.02576741661284,331.0872390330007,336.6384582519531,12637200,0.0,0.0
2023-11-29 00:00:00-05:00,337.3336328595528,337.5421676409766,328.48543631997484,329.8955993652344,16024500,0.0,0.0
2023-11-30 00:00:00-05:00,329.5877553439527,331.18657252656726,320.1635651009382,324.880615234375,23146400,0.0,0.0
2023-12-01 00:00:00-05:00,323.22213660284893,324.5925380030349,318.53487831408165,322.56671142578125,15276400,0.0,0.0
2023-12-04 00:00:00-05:00,315.08900590564207,318.6342182124183,311.4841819302408,317.800048828125,19037100,0.0,0.0
2023-12-05 00:00:00-05:00,316.76727772927734,319.6471546506567,313.20218484619875,316.0820617675781,16952100,0.0,0.0
2023-12-06 00:00:00-05:00,319.69682854269684,320.01461603995,314.8407652561851,315.2479248046875,11294300,0.0,0.0
2023-12-07 00:00:00-05:00,315.56566907383996,325.96304155910934,315.56566907383996,324.3244934082031,15905100,0.0,0.0
2023-12-08 00:00:00-05:00,320.8488081569184,330.85890288636153,320.7594360993555,330.4418029785156,14087400,0.0,0.0
2023-12-11 00:00:00-05:00,327.11497463782547,327.60159615821783,317.7801876857331,323.0235595703125,25802500,0.0,0.0
2023-12-12 00:00:00-05:00,322.34825848652497,332.14978552741263,322.30852748055565,331.9015197753906,18485500,0.0,0.0
2023-12-13 00:00:00-05:00,331.61355953176974,336.02276219765315,330.3325299305127,332.4179382324219,16353300,0.0,0.0
2023-12-14 00:00:00-05:00,331.5341318558429,332.3782415771225,326.3602814366217,330.8588562011719,19607300,0.0,0.0
2023-12-15 00:00:00-05:00,329.6870425102997,336.31078739773227,328.9223947553969,332.59674072265625,31776900,0.0,0.0
2023-12-18 00:00:00-05:00,335.1389757459189,345.1490393508373,334.682144858999,342.22943115234375,18993900,0.0,0.0
2023-12-19 00:00:00-05:00,343.18278533196053,351.1471720097045,342.72598472163463,347.92962646484375,17729400,0.0,0.0
2023-12-20 00:00:00-05:00,346.23148202811683,352.4977084573488,345.3774622145316,346.85711669921875,16369900,0.0,0.0
2023-12-21 00:00:00-05:00,350.5315033187329,353.9377032495851,346.78763518824763,351.6337890625,15289600,0.0,0.0
2023-12-22 00:00:00-05:00,353.11331762106107,354.72210508977594,348.78357761766364,350.93853759765625,11772800,0.0,0.0
2023-12-26 00:00:00-05:00,352.5274545211747,354.5036706665009,350.99815919191883,352.3685607910156,9898600,0.0,0.0
2023-12-27 00:00:00-05:00,353.6000077612428,356.50967555573715,352.84527005939833,355.3477783203125,13207900,0.0,0.0
2023-12-28 00:00:00-05:00,357.2048130452383,359.38953370527474,355.32790921917086,355.8343811035156,11798800,0.0,0.0
2023-12-29 00:00:00-05:00,356.4997453113809,357.5027488323767,349.3794992017642,351.504638671875,14987100,0.0,0.0
2024-01-02 00:00:00-05:00,348.8829543501039,350.71018691578075,337.65141250884125,343.8878479003906,19042200,0.0,0.0
2024-01-03 00:00:00-05:00,342.58694677323774,345.5363456303031,340.79941486556845,342.0804748535156,15451100,0.0,0.0
2024-01-04 00:00:00-05:00,342.1102764024705,345.7349510637001,341.0179008085137,344.71209716796875,12099900,0.0,0.0
2024-01-05 00:00:00-05:00,344.58299065641415,351.0478417972967,343.8580739149464,349.50860595703125,13920700,0.0,0.0
2024-01-08 00:00:00-05:00,352.2395060594666,356.4898150644595,349.60786450736515,356.1720275878906,13890200,0.0,0.0
2024-01-09 00:00:00-05:00,353.92767724109865,358.13828532721635,352.89488314761167,354.9505310058594,13463900,0.0,0.0
2024-01-10 00:00:00-05:00,357.671577377967,370.35298322336445,356.58911184712105,367.9001159667969,22117200,0.0,0.0
2024-01-11 00:00:00-05:00,369.54860933207885,370.1940943436833,360.41241587190035,367.1056823730469,17205400,0.0,0.0
2024-01-12 00:00:00-05:00,367.5922316147304,374.44436077359,366.97653735694337,371.8921813964844,19310000,0.0,0.0
2024-01-16 00:00:00-05:00,371.0580746400712,373.0044701104636,364.68262559209205,364.9110107421875,15306900,0.0,0.0
2024-01-17 00:00:00-05:00,363.75895806740044,365.98343975436234,356.12230131380335,365.8146057128906,12724800,0.0,0.0
2024-01-18 00:00:00-05:00,368.91298585068853,374.23581960253256,368.37675361940967,373.52081298828125,16354300,0.0,0.0
2024-01-19 00:00:00-05:00,376.3709265262171,381.69373035981744,375.3480727138561,380.7900695800781,21670800,0.0,0.0
2024-01-22 00:00:00-05:00,385.25883486628504,387.6421802024165,378.51592805242285,379.1316223144531,17680500,0.0,0.0
2024-01-23 00:00:00-05:00,381.9518995350219,385.68582624315655,379.42951094138544,382.52789306640625,15506100,0.0,0.0
2024-01-24 00:00:00-05:00,387.29462029869575,393.4019524806912,385.1198096217787,387.9897766113281,15698500,0.0,0.0
2024-01-25 00:00:00-05:00,387.463476105673,392.74654921576047,382.98475144483166,390.45257568359375,15091100,0.0,0.0
2024-01-26 00:00:00-05:00,391.6144490770692,394.0375255245111,388.8735851564818,391.4059143066406,13163700,0.0,0.0
2024-01-29 00:00:00-05:00,392.2500198714916,400.1349440276031,390.37314620072715,398.2381896972656,18742400,0.0,0.0
2024-01-30 00:00:00-05:00,400.7903628671586,403.5411369497702,396.7982598167087,397.28485107421875,18614700,0.0,0.0
2024-01-31 00:00:00-05:00,386.30157872571164,395.23914738517544,384.41476473655706,387.4336853027344,20180800,0.0,0.0
2024-02-01 00:00:00-05:00,391.20730397034777,397.7217958803975,390.32346321045657,392.0414733886719,29727100,0.0,0.0
2024-02-02 00:00:00-05:00,456.4118123081212,482.5889413919977,449.86753003715205,471.6950378417969,84707600,0.0,0.0
2024-02-05 00:00:00-05:00,466.6204856916062,468.6264622065812,456.034429603673,456.2231140136719,40832400,0.0,0.0
2024-02-06 00:00:00-05:00,460.78132972802837,463.87968209622363,449.8576344112001,451.5657043457031,21655200,0.0,0.0
2024-02-07 00:00:00-05:00,454.82289153063925,468.24909348841373,453.0155094480888,466.3324890136719,23066000,0.0,0.0
2024-02-08 00:00:00-05:00,465.07134622371103,467.32558868611034,461.8041599426537,466.73968505859375,18815100,0.0,0.0
2024-02-09 00:00:00-05:00,469.6692146200597,470.30475925765757,464.227217813574,464.8627624511719,18413100,0.0,0.0
2024-02-12 00:00:00-05:00,464.9421810509059,475.82614334153817,463.3433338183264,465.6472473144531,19382000,0.0,0.0
2024-02-13 00:00:00-05:00,453.70070673752514,464.6442808461881,451.93305573660575,456.92816162109375,20916600,0.0,0.0
2024-02-14 00:00:00-05:00,464.68402390922387,470.8211467892726,462.8567913837344,469.9969177246094,16858400,0.0,0.0
2024-02-15 00:00:00-05:00,471.9830306082493,485.230488771925,468.9442599360806,480.6723327636719,24212300,0.0,0.0
2024-02-16 00:00:00-05:00,474.79343304710864,475.63754283013776,465.9551766088898,470.03668212890625,23324600,0.0,0.0
2024-02-20 00:00:00-05:00,466.4616524748836,472.8768323294317,463.3235690928186,468.4775695800781,18015500,0.0,0.0
2024-02-21 00:00:00-05:00,463.7554917524033,466.2407837767999,459.0732100730906,465.2764892578125,12921800,0.5,0.0
2024-02-22 00:00:00-05:00,477.41465683896786,487.1072959336593,473.2592557697575,483.27001953125,21625800,0.0,0.0
2024-02-23 00:00:00-05:00,485.1786810525682,491.45155549063116,479.51223362447035,481.1823425292969,18374300,0.0,0.0
2024-02-26 00:00:00-05:00,480.6256557583817,483.2799609921054,477.7725453653091,478.90582275390625,12101400,0.0,0.0
2024-02-27 00:00:00-05:00,477.1561876658758,484.40327721976644,477.0965430855337,484.1845703125,10809600,0.0,0.0
2024-02-28 00:00:00-05:00,482.1466391666725,488.16103356126894,479.90987640765184,481.1723937988281,12715500,0.0,0.0
2024-02-29 00:00:00-05:00,485.5664305958888,488.80726119471376,479.7707124432421,487.2464904785156,17732000,0.0,0.0
2024-03-01 00:00:00-05:00,489.2148260719434,501.2834191335195,488.95637632208775,499.3448791503906,16273600,0.0,0.0
2024-03-04 00:00:00-05:00,500.040763224294,501.45242246523446,493.49948786126953,495.2590637207031,12324100,0.0,0.0
2024-03-05 00:00:00-05:00,492.0878762070277,492.66445067283536,485.01971945649547,487.33599853515625,15325300,0.0,0.0
2024-03-06 00:00:00-05:00,494.7023350451915,500.0109149772021,491.3819886609617,493.17138671875,11757900,0.0,0.0
2024-03-07 00:00:00-05:00,500.31911226510823,516.791604925774,498.4302963735491,509.17669677734375,18586400,0.0,0.0
2024-03-08 00:00:00-05:00,511.1649321102501,520.4897527725559,496.412242084079,502.9734191894531,18597100,0.0,0.0
2024-03-11 00:00:00-04:00,494.08602609612274,494.3941998930595,473.19962133692354,480.7449645996094,20428300,0.0,0.0
2024-03-12 00:00:00-04:00,490.3580671035689,499.3548120932543,481.87825193306827,496.80987548828125,15448200,0.0,0.0
2024-03-13 00:00:00-04:00,492.47554623392085,498.032655619547,488.1411811210766,492.65447998046875,12090700,0.0,0.0
2024-03-14 00:00:00-04:00,497.3168902547745,498.40047394838774,485.2880706609728,488.93646240234375,12620000,0.0,0.0
2024-03-15 00:00:00-04:00,486.1330702959338,488.93645663935973,478.46840785801584,481.251953125,29153600,0.0,0.0
2024-03-18 00:00:00-04:00,489.0160033565001,494.4935966845107,483.9460015609113,494.0561828613281,11755300,0.0,0.0
2024-03-19 00:00:00-04:00,485.29799633874035,493.7082157075301,478.4485172399462,493.32049560546875,10903100,0.0,0.0
2024-03-20 00:00:00-04:00,496.5613264063082,505.21015443688776,492.25681414275317,502.5458984375,11711100,0.0,0.0
2024-03-21 00:00:00-04:00,511.6818282752994,512.009843099386,503.0330008538903,504.772705078125,9712500,0.0,0.0
2024-03-22 00:00:00-04:00,504.0171928630379,506.9697208276505,501.3728386642573,506.5820007324219,8120600,0.0,0.0
2024-03-25 00:00:00-04:00,502.81436147156455,504.23594126166455,497.2969948454398,500.0606384277344,8380600,0.0,0.0
2024-03-26 00:00:00-04:00,502.15819366550943,506.99953733459927,492.296542257246,492.9725646972656,11205400,0.0,0.0
2024-03-27 00:00:00-04:00,496.3624651462264,496.94902070729796,485.1985538197875,490.9544677734375,9989700,0.0,0.0
2024-03-28 00:00:00-04:00,489.9405029909663,489.9902270320551,482.2957426384375,482.72320556640625,15212800,0.0,0.0
2024-04-01 00:00:00-04:00,484.3337109507277,494.5035062693651,478.9455846143477,488.45928955078125,9247000,0.0,0.0
2024-04-02 00:00:00-04:00,482.2460757075962,494.60294050567774,481.79871100314176,494.4438781738281,11081000,0.0,0.0
2024-04-03 00:00:00-04:00,495.99467839274877,504.2557864179736,495.8157446532508,503.75872802734375,12099200,0.0,0.0
2024-04-04 00:00:00-04:00,513.381827648084,526.8819520115695,507.57618864761565,507.9142150878906,26476300,0.0,0.0
2024-04-05 00:00:00-04:00,513.8191641240741,527.5777665151929,511.38356597372723,524.237548828125,19263300,0.0,0.0
2024-04-08 00:00:00-04:00,526.1661496559301,528.363108870354,515.8372619219651,516.1951293945312,13260600,0.0,0.0
2024-04-09 00:00:00-04:00,519.1576694200891,522.7762696387927,503.7588077496046,513.8590698242188,10863800,0.0,0.0
2024-04-10 00:00:00-04:00,506.2936696505045,519.4855864783038,502.824181963693,516.7716674804688,11418500,0.0,0.0
2024-04-11 00:00:00-04:00,518.0441650826642,520.7779861454409,514.2466318161514,520.0820922851562,10369500,0.0,0.0
2024-04-12 00:00:00-04:00,514.7039558507993,517.1296031880806,506.33347932820783,508.88836669921875,11984500,0.0,0.0
2024-04-15 00:00:00-04:00,513.6799940142547,515.4794036371065,494.354391700334,497.28704833984375,13512900,0.0,0.0
2024-04-16 00:00:00-04:00,495.1794768031054,501.8002979588637,494.18536005908226,496.8197937011719,9847900,0.0,0.0
2024-04-17 00:00:00-04:00,500.14021288460617,500.19985747089834,484.2741158320514,491.26275634765625,12193700,0.0,0.0
2024-04-18 00:00:00-04:00,496.87947694788414,509.1965989271546,496.1040670407221,498.8478088378906,14808700,0.0,0.0
2024-04-19 00:00:00-04:00,499.8419152749836,499.8419152749836,472.93119653596085,478.2397766113281,25215400,0.0,0.0
2024-04-22 00:00:00-04:00,486.8389192139003,489.11545536153847,470.614924466941,478.89593505859375,17271100,0.0,0.0
2024-04-23 00:00:00-04:00,488.35989326844737,495.8257203780364,486.09330810710463,493.1813659667969,15079200,0.0,0.0
2024-04-24 00:00:00-04:00,505.0709561798665,506.9995451118446,481.72908384792635,490.59661865234375,37772700,0.0,0.0
2024-04-25 00:00:00-04:00,418.92080020267707,443.1474209983465,412.06140056723507,438.78326416015625,82890700,0.0,0.0
2024-04-26 00:00:00-04:00,438.8628170424118,443.8135298876652,429.41870694726816,440.68206787109375,32691400,0.0,0.0
2024-04-29 00:00:00-04:00,436.9739404903706,437.17277596843513,426.03865663357846,430.07476806640625,21502600,0.0,0.0
2024-04-30 00:00:00-04:00,428.51401845869754,437.0336063968029,427.1918565129434,427.63922119140625,18429500,0.0,0.0
2024-05-01 00:00:00-04:00,426.0784771215956,447.31279793430986,424.59722242297005,436.6061706542969,20344900,0.0,0.0
2024-05-02 00:00:00-04:00,436.2582243057381,441.3480976010575,429.7368203538555,439.0815124511719,15221300,0.0,0.0
2024-05-03 00:00:00-04:00,443.3065022340071,451.4980453862521,441.2387526159293,449.301025390625,16489100,0.0,0.0
2024-05-06 00:00:00-04:00,452.89972179422654,463.41749460646207,450.67290985368646,462.9403076171875,15094600,0.0,0.0
2024-05-07 00:00:00-04:00,463.5467807627597,468.75594364393004,458.5960676473763,465.48529052734375,13406800,0.0,0.0
2024-05-08 00:00:00-04:00,460.7731116247885,472.78202856392227,460.2760532519462,469.819580078125,11683900,0.0,0.0
2024-05-09 00:00:00-04:00,467.2349503609543,473.27916785943904,464.87889812492284,472.6230773925781,9437700,0.0,0.0
2024-05-10 00:00:00-04:00,474.2831551113348,474.69074661810515,466.83723038564307,473.3984069824219,10750000,0.0,0.0
2024-05-13 00:00:00-04:00,469.96872632982064,470.56520248901546,460.12697588623786,465.2566223144531,14668800,0.0,0.0
2024-05-14 00:00:00-04:00,460.6438839752648,469.7599481269555,457.3732312994019,469.0740051269531,10478600,0.0,0.0
2024-05-15 00:00:00-04:00,472.1855971099574,479.66134434257765,468.4278369108054,478.7070007324219,13100500,0.0,0.0
2024-05-16 00:00:00-04:00,472.2054681039629,474.8796446556367,469.9687053603125,470.4458923339844,16608200,0.0,0.0
2024-05-17 00:00:00-04:00,468.0600342968643,470.0184457515808,465.6642393287146,469.1336975097656,10807300,0.0,0.0
2024-05-20 00:00:00-04:00,467.18518092995544,470.41606038220124,464.292297533688,466.0816955566406,11745100,0.0,0.0
2024-05-21 00:00:00-04:00,464.37185613031085,467.93081142737947,459.55038336084,461.8965148925781,11742200,0.0,0.0
2024-05-22 00:00:00-04:00,465.11745149618025,470.93304120806755,462.9105108484193,465.0279846191406,10078600,0.0,0.0
2024-05-23 00:00:00-04:00,470.097969417188,471.5692429029614,458.824688253689,463.03973388671875,11747900,0.0,0.0
2024-05-24 00:00:00-04:00,464.8689106321585,477.026970474764,463.55666912571417,475.40655517578125,12024300,0.0,0.0
2024-05-28 00:00:00-04:00,473.77615043562696,478.0309689396704,472.0463969875921,477.0965270996094,10175800,0.0,0.0
2024-05-29 00:00:00-04:00,471.86746709937256,477.02693553440264,470.91312350005967,471.5692138671875,9226200,0.0,0.0
2024-05-30 00:00:00-04:00,468.8950604414013,468.9547050193101,461.9759860236206,464.3022155761719,10719600,0.0,0.0
2024-05-31 00:00:00-04:00,463.05958753361114,466.36006254960574,451.786306802676,464.0835266113281,16919800,0.0,0.0
2024-06-03 00:00:00-04:00,468.08984756825686,476.7784495068364,465.4852662634382,474.68084716796875,11279400,0.0,0.0
2024-06-04 00:00:00-04:00,474.1936972137186,476.07259246304915,470.44588792892165,474.1837463378906,7088700,0.0,0.0
2024-06-05 00:00:00-04:00,481.59986638058245,493.7280723944885,481.06303484683156,492.1474304199219,15690500,0.0,0.0
2024-06-06 00:00:00-04:00,490.07969267755135,499.8617979835521,488.00199228373344,490.8551025390625,10667300,0.0,0.0
2024-06-07 00:00:00-04:00,492.99240977916855,495.97475983949363,487.28618970525065,490.05975341796875,9380700,0.0,0.0
2024-06-10 00:00:00-04:00,490.95452567185265,499.70277202447545,490.5071912988335,499.64312744140625,11220900,0.0,0.0
2024-06-11 00:00:00-04:00,497.2174749867736,504.6137065941105,495.3385796246827,504.4844665527344,9673700,0.0,0.0
2024-06-12 00:00:00-04:00,510.966038992328,510.9859407429061,501.5020588176396,505.8463439941406,11983200,0.0,0.0
2024-06-13 00:00:00-04:00,502.7347908052071,506.36331100254307,498.4103767232153,501.13427734375,9954600,0.0,0.0
2024-06-14 00:00:00-04:00,500.1889423120375,504.66690962077223,498.298251077537,501.6915588378906,10243300,0.5,0.0
2024-06-17 00:00:00-04:00,499.2137684390171,508.249298155344,493.5814769288384,504.14947509765625,11266600,0.0,0.0
2024-06-18 00:00:00-04:00,502.08955596287245,503.522507821699,492.5962574901857,497.04437255859375,13060400,0.0,0.0
2024-06-20 00:00:00-04:00,499.54214083877173,501.2039776573373,494.3377366859417,499.2436218261719,11801200,0.0,0.0
2024-06-21 00:00:00-04:00,500.9850156207208,500.9850156207208,489.97917012403093,492.3574523925781,22359200,0.0,0.0
2024-06-24 00:00:00-04:00,496.75587378729097,505.3137429424904,491.86991004565067,496.46728515625,13525300,0.0,0.0
2024-06-25 00:00:00-04:00,494.6163313992583,508.2094529447459,493.07393265728075,508.1000061035156,12063200,0.0,0.0
2024-06-26 00:00:00-04:00,504.1693431011828,511.294290079205,502.20898736583194,510.607666015625,8882300,0.0,0.0
2024-06-27 00:00:00-04:00,511.73217509345994,520.319926517376,511.38391302671926,517.0161743164062,10121200,0.0,0.0
2024-06-28 00:00:00-04:00,514.6179667414566,519.3247883921233,501.37310690877666,501.7512512207031,15855100,0.0,0.0
2024-07-01 00:00:00-04:00,502.4776513058608,504.0996449110336,490.7553303316806,502.2089538574219,10328200,0.0,0.0
2024-07-02 00:00:00-04:00,498.30820385105653,508.00050544177236,497.0046202626273,507.0054016113281,7739500,0.0,0.0
2024-07-03 00:00:00-04:00,503.89071570148445,508.776679094368,503.542423291387,507.463134765625,6005600,0.0,0.0
2024-07-05 00:00:00-04:00,509.09512300088096,538.2218010293692,509.09512300088096,537.2664794921875,21354100,0.0,0.0
2024-07-08 00:00:00-04:00,539.6945030030015,540.1522726002711,524.0714224714271,526.7283325195312,14917500,0.0,0.0
2024-07-09 00:00:00-04:00,531.1367301221164,534.8484483976972,525.6039546228031,527.4050903320312,8753200,0.0,0.0
2024-07-10 00:00:00-04:00,528.1910926015574,536.2415085868906,525.7729978002864,532.072021484375,10983300,0.0,0.0
2024-07-11 00:00:00-04:00,528.2906998418636,532.8383317448535,505.8809416050376,510.18975830078125,16458300,0.0,0.0
2024-07-12 00:00:00-04:00,495.32290900460265,505.6023185565317,491.81019357981927,496.4274597167969,19750500,0.0,0.0
2024-07-15 00:00:00-04:00,496.1885898608711,504.19916293564853,490.954334395492,493.7306823730469,12539200,0.0,0.0
2024-07-16 00:00:00-04:00,499.0445326780581,501.4825490228506,483.4114612043278,487.3918762207031,14075800,0.0,0.0
2024-07-17 00:00:00-04:00,476.8239032636759,476.8239032636759,456.87205376676457,459.7279968261719,28076600,0.0,0.0
2024-07-18 00:00:00-04:00,472.6743277747539,476.8935583722376,462.2655500283145,473.5201721191406,19267200,0.0,0.0
2024-07-19 00:00:00-04:00,473.7290992026768,484.3269482993647,473.3808068088941,474.4555358886719,15149400,0.0,0.0
2024-07-22 00:00:00-04:00,484.197587927538,489.65076761971676,481.53071706337016,485.0135803222656,12023100,0.0,0.0
2024-07-23 00:00:00-04:00,487.4416350090635,492.7952982379557,485.3320198411337,486.2972717285156,9455500,0.0,0.0
2024-07-24 00:00:00-04:00,469.9974905005345,473.9679450896209,458.3249115680211,459.01153564453125,17649700,0.0,0.0
2024-07-25 00:00:00-04:00,460.99181179623156,461.28037004297926,440.4827059887369,451.1900329589844,18240500,0.0,0.0
2024-07-26 00:00:00-04:00,461.9271746914679,467.4698795206978,457.1705799627187,463.4198303222656,14222400,0.0,0.0
2024-07-29 00:00:00-04:00,467.57940602342404,471.63941640526457,462.7431854783001,463.4298095703125,11339600,0.0,0.0
2024-07-30 00:00:00-04:00,464.7134620870864,470.4154176400919,454.46390537033,460.922119140625,11390400,0.0,0.0
2024-07-31 00:00:00-04:00,468.71381415352545,474.1669942964398,464.46473155899946,472.5051574707031,24285800,0.0,0.0
2024-08-01 00:00:00-04:00,518.4490717442071,524.5888450886373,489.69057844469546,495.3029479980469,43083100,0.0,0.0
2024-08-02 00:00:00-04:00,486.6057747203378,498.6962802271807,473.81868438258266,485.75,24044700,0.0,0.0
2024-08-05 00:00:00-04:00,449.1401205576873,481.11281153240685,448.5927952293006,473.4007568359375,21396200,0.0,0.0
2024-08-06 00:00:00-04:00,476.6547245669501,500.0993678802894,476.3064321601276,491.67083740234375,20955000,0.0,0.0
2024-08-07 00:00:00-04:00,500.6665383730933,507.65215553919904,484.4761814495962,486.526123046875,20105300,0.0,0.0
2024-08-08 00:00:00-04:00,495.0641514061811,507.4631365242445,492.2977639959644,507.134765625,16156800,0.0,0.0
2024-08-09 00:00:00-04:00,505.2241519485124,515.8021407821636,503.22401392066257,515.2349243164062,13696600,0.0,0.0
2024-08-12 00:00:00-04:00,514.3293458773064,515.4837003209536,506.60736088372124,513.423828125,9767400,0.0,0.0
2024-08-13 00:00:00-04:00,517.46388442956,528.8976162175638,515.6130061254378,525.9520874023438,13743800,0.0,0.0
2024-08-14 00:00:00-04:00,525.4744698614029,531.3853884091141,520.5686157923502,524.1808471679688,11444200,0.0,0.0
2024-08-15 00:00:00-04:00,529.1861832222701,537.1271521759767,524.1211393205881,534.6990966796875,13482100,0.0,0.0
2024-08-16 00:00:00-04:00,529.2957529559742,531.0470846831789,522.0911501880614,524.837646484375,14776700,0.0,0.0
2024-08-19 00:00:00-04:00,524.2903643248923,529.0568899352673,520.2005020489785,526.6885986328125,9879700,0.0,0.0
2024-08-20 00:00:00-04:00,525.7631254837314,528.4897612100921,523.3052479844695,524.1510620117188,7944400,0.0,0.0
2024-08-21 00:00:00-04:00,524.5690033025425,536.759025104398,524.3500488791344,532.5397338867188,13423300,0.0,0.0
2024-08-22 00:00:00-04:00,534.3707451204748,541.5653262197158,526.0019488156585,529.3255615234375,15708300,0.0,0.0
2024-08-23 00:00:00-04:00,534.2911036177962,537.2266719109294,522.4891873843347,525.414794921875,11323900,0.0,0.0
2024-08-26 00:00:00-04:00,525.0167345596826,525.4148003696403,512.4287080759492,518.5684814453125,9584000,0.0,0.0
2024-08-27 00:00:00-04:00,516.4389420142859,521.444343197647,512.7869281357935,516.558349609375,6282700,0.0,0.0
2024-08-28 00:00:00-04:00,515.135413196109,518.5387122265323,509.94100004912804,514.2498168945312,9106100,0.0,0.0
2024-08-29 00:00:00-04:00,516.5086314086758,524.6187519270367,513.1551363566217,515.6826782226562,8317400,0.0,0.0
2024-08-30 00:00:00-04:00,518.797350646977,520.9766304354436,512.677498614824,518.757568359375,9157500,0.0,0.0
2024-09-03 00:00:00-04:00,517.095787334066,522.9171206537142,506.12972329874776,509.2543640136719,12459100,0.0,0.0
2024-09-04 00:00:00-04:00,503.5921671144299,514.0606781053099,501.6019595944186,510.2294921875,8335200,0.0,0.0
2024-09-05 00:00:00-04:00,509.214588289198,519.0760719574297,508.647371756267,514.3294067382812,8640900,0.0,0.0
2024-09-06 00:00:00-04:00,519.3247650985389,522.011557449387,495.8104579393683,497.820556640625,14744500,0.0,0.0
2024-09-09 00:00:00-04:00,503.6817688622659,508.826438765725,499.6217281440494,502.3184814453125,11047800,0.0,0.0
2024-09-10 00:00:00-04:00,505.67197656424986,511.66249081468396,497.5817773967797,502.3184814453125,9899000,0.0,0.0
2024-09-11 00:00:00-04:00,504.52759727884006,510.6076670397068,493.1734590533484,509.323974609375,10782500,0.0,0.0
2024-09-12 00:00:00-04:00,514.518364626398,524.1311005430615,512.6973078184791,523.0264892578125,11970500,0.0,0.0
2024-09-13 00:00:00-04:00,517.7923785867389,524.9969209454283,514.5781517601987,522.0513916015625,10321400,0.0,0.0
2024-09-16 00:00:00-04:00,522.469676680895,531.9919419852342,515.3579036757625,531.1752319335938,9527600,0.5,0.0
2024-09-17 00:00:00-04:00,535.4781635235854,539.9604028191319,528.4759413037808,534.2032470703125,11690800,0.0,0.0
2024-09-18 00:00:00-04:00,534.9503115622812,542.0521759030291,531.7928398690025,535.8268432617188,10323500,0.0,0.0
2024-09-19 00:00:00-04:00,547.8291908534814,559.8515587553402,544.3629456091518,556.8932495117188,15647000,0.0,0.0
2024-09-20 00:00:00-04:00,557.7897520081747,562.2719910868118,554.1043432735547,559.1343994140625,22066800,0.0,0.0
2024-09-23 00:00:00-04:00,567.2522491176607,571.7145476196829,560.1902057812791,562.1823120117188,12830700,0.0,0.0
2024-09-24 00:00:00-04:00,564.4434434938287,565.509227757349,552.00274823687,561.106689453125,12993000,0.0,0.0
2024-09-25 00:00:00-04:00,561.8237594778809,574.6031382414297,561.495044920447,566.0669555664062,16543400,0.0,0.0
2024-09-26 00:00:00-04:00,573.4576905129869,575.1211431321373,560.1304938071579,565.598876953125,14400800,0.0,0.0
2024-09-27 00:00:00-04:00,567.8499035731115,568.587034006437,562.2820002439122,565.1207275390625,9398400,0.0,0.0
2024-09-30 00:00:00-04:00,565.4593818880203,572.4118133775064,562.5708034533277,570.1806640625,12792300,0.0,0.0
2024-10-01 00:00:00-04:00,575.6987520585425,580.7387783195545,567.8498487564399,574.1947021484375,15259300,0.0,0.0
2024-10-02 00:00:00-04:00,572.5910298520646,573.7265448961253,567.0928584702349,570.5491333007812,6524700,0.0,0.0
2024-10-03 00:00:00-04:00,567.8997238653835,581.0575469776221,566.485284630292,580.4699096679688,11581000,0.0,0.0
2024-10-04 00:00:00-04:00,581.4260603106362,594.4942722022978,579.1351503249019,593.587890625,14169500,0.0,0.0
2024-10-07 00:00:00-04:00,595.8588807132597,600.5702534093805,581.7348544719052,582.4719848632812,12014200,0.0,0.0
2024-10-08 00:00:00-04:00,587.3626054402398,591.2173264049184,583.6572559768421,590.5499877929688,7857400,0.0,0.0
2024-10-09 00:00:00-04:00,591.6456279911163,592.0440735871042,579.3144845647184,588.1793823242188,9529700,0.0,0.0
2024-10-10 00:00:00-04:00,585.2509246510792,587.900399135785,580.2208686773732,581.5256958007812,7740400,0.0,0.0
2024-10-11 00:00:00-04:00,582.5217946450296,588.8766187572965,580.4101667801536,587.62158203125,8587100,0.0,0.0
2024-10-14 00:00:00-04:00,591.8747117346282,597.7315094974075,587.6315761095043,588.0897216796875,8252000,0.0,0.0
2024-10-15 00:00:00-04:00,587.8307163787997,588.2789524674469,577.8503048821323,583.9561157226562,9564200,0.0,0.0
2024-10-16 00:00:00-04:00,579.1053401086986,579.7826489722071,571.7644330744417,574.5134887695312,11268400,0.0,0.0
2024-10-17 00:00:00-04:00,581.0277804863796,582.6612616721741,572.9298624056845,574.6530151367188,8701200,0.0,0.0
2024-10-18 00:00:00-04:00,578.8064328711839,581.6651004084903,572.9795465460454,574.1947021484375,7694300,0.0,0.0
2024-10-21 00:00:00-04:00,573.7565147335716,574.9617001148115,566.8637832891501,572.889892578125,8171900,0.0,0.0
2024-10-22 00:00:00-04:00,572.0233890911012,581.226972027945,569.8619705986506,579.7129516601562,8544500,0.0,0.0
2024-10-23 00:00:00-04:00,577.680923843806,582.6911004356343,560.279904265033,561.4652099609375,14248400,0.0,0.0
2024-10-24 00:00:00-04:00,564.8916036624881,566.6346966004356,559.3037603206038,565.5390625,7184700,0.0,0.0
2024-10-25 00:00:00-04:00,571.6647355552979,578.9956716161158,569.463436367779,570.9874267578125,11337900,0.0,0.0
2024-10-28 00:00:00-04:00,579.7029839727812,581.4460771376479,571.8540796011549,575.8781127929688,10925100,0.0,0.0
2024-10-29 00:00:00-04:00,577.860233390468,591.3268300347977,573.128981140023,590.9384155273438,13019100,0.0,0.0
2024-10-30 00:00:00-04:00,598.6080558684588,598.8272191939645,587.0538626186211,589.4642944335938,26864900,0.0,0.0
2024-10-31 00:00:00-04:00,582.6910719821886,587.571756560939,560.7878737214265,565.33984375,26838400,0.0,0.0
2024-11-01 00:00:00-04:00,565.3696838064145,571.405763142559,560.339627825337,564.9214477539062,15303200,0.0,0.0
2024-11-04 00:00:00-05:00,561.8735869795249,566.4454979265795,555.6881355028934,558.4671020507812,12064600,0.0,0.0
2024-11-05 00:00:00-05:00,565.0608971597502,571.2164978665354,564.433378859103,570.170654296875,9775400,0.0,0.0
2024-11-06 00:00:00-05:00,560.5288333903976,570.7383767795608,552.9787345250944,569.7921142578125,18305400,0.0,0.0
2024-11-07 00:00:00-05:00,574.6131397370345,592.4524256318628,572.9397776720764,589.3646850585938,14653700,0.0,0.0
2024-11-08 00:00:00-05:00,589.2051840334042,590.759024319344,582.2129331438006,587.013916015625,9415700,0.0,0.0
2024-11-11 00:00:00-05:00,584.04575941466,584.6832480747347,574.2346593822191,580.8683471679688,10209100,0.0,0.0
2024-11-12 00:00:00-05:00,586.2171295500698,597.2932362914636,578.0893621721831,582.5118408203125,16287700,0.0,0.0
2024-11-13 00:00:00-05:00,580.3104995084991,583.3285696737983,572.899861789148,577.7108154296875,10757600,0.0,0.0
2024-11-14 00:00:00-05:00,574.7226772857438,578.4678469202681,570.7484348770021,574.8820190429688,11053700,0.0,0.0
2024-11-15 00:00:00-05:00,568.9654316430945,570.3101398260193,549.323293380173,551.8931274414062,17712900,0.0,0.0
2024-11-18 00:00:00-05:00,554.8414482862169,557.690206619492,547.9189272359731,552.2119140625,14327300,0.0,0.0
2024-11-19 00:00:00-05:00,549.6818763732618,559.2141123072212,548.4268396780825,558.87548828125,9522400,0.0,0.0
2024-11-20 00:00:00-05:00,560.7080988546143,564.1145830366952,552.0125757605198,563.2879028320312,9797300,0.0,0.0
2024-11-21 00:00:00-05:00,567.27222943096,567.7503155056431,546.8829891189956,560.8676147460938,11154700,0.0,0.0
2024-11-22 00:00:00-05:00,561.3257340956305,561.6046581556811,552.4011368821567,556.9331665039062,9164000,0.0,0.0
2024-11-25 00:00:00-05:00,559.8814479460827,570.3300964942197,554.1940234019514,562.8795776367188,13599800,0.0,0.0
2024-11-26 00:00:00-05:00,563.7660269968359,575.2206370859942,562.9691967147016,571.2762451171875,10356600,0.0,0.0
2024-11-27 00:00:00-05:00,572.6210363268373,572.7106470696727,561.8735834357757,566.9534912109375,7200200,0.0,0.0
2024-11-29 00:00:00-05:00,566.7542128784901,576.1768970734391,564.6625256899628,572.05322265625,7130500,0.0,0.0
2024-12-02 00:00:00-05:00,575.2206623708795,592.1535649861262,573.2982871928123,590.4901733398438,12522400,0.0,0.0
2024-12-03 00:00:00-05:00,592.6515529773995,611.7757833163611,588.9163541140966,611.2279663085938,14907200,0.0,0.0
2024-12-04 00:00:00-05:00,610.5407730504924,615.3417566258435,602.7117489296108,611.3575439453125,14697000,0.0,0.0
2024-12-05 00:00:00-05:00,614.6445303223205,617.4534076628545,604.654087469592,606.5266723632812,8081200,0.0,0.0
2024-12-06 00:00:00-05:00,607.6920745569537,627.3043658378344,606.1283244249738,621.3081665039062,16935500,0.0,0.0
2024-12-09 00:00:00-05:00,621.4574408246348,623.9276938833166,603.7774980807178,611.1483154296875,11426000,0.0,0.0
2024-12-10 00:00:00-05:00,615.1225471765403,623.1208827140154,610.3215639612993,616.8756103515625,10938900,0.0,0.0
2024-12-11 00:00:00-05:00,620.9096094972598,635.8803166127035,619.0769058574836,630.182861328125,10837200,0.0,0.0
2024-12-12 00:00:00-05:00,629.007573636922,634.1471812183523,624.7345274454173,628.3003540039062,7474700,0.0,0.0
2024-12-13 00:00:00-05:00,624.7444306032417,628.5892419845969,614.455245285517,617.9015502929688,8453300,0.0,0.0
2024-12-16 00:00:00-05:00,627.999656702773,629.1660226489364,616.6355287775485,622.2777099609375,10885600,0.5,0.0
2024-12-17 00:00:00-05:00,624.2016843799404,630.3822075101276,614.6019503899752,617.4928588867188,12897800,0.0,0.0
2024-12-18 00:00:00-05:00,619.0479587782994,625.387952256149,594.4455447869857,595.3128051757812,17075500,0.0,0.0
2024-12-19 00:00:00-05:00,608.4712976770209,609.5977504710141,593.1296604292414,593.6978759765625,14958100,0.0,0.0
2024-12-20 00:00:00-05:00,588.723602198965,601.2141840625833,578.1768420780382,583.4103393554688,48989400,0.0,0.0
2024-12-23 00:00:00-05:00,587.746636194458,599.2005698155671,584.4071908696653,597.9644165039062,10205800,0.0,0.0
2024-12-24 00:00:00-05:00,600.8254422286517,606.0788965180841,597.3963135833213,605.8396606445312,4726100,0.0,0.0
2024-12-26 00:00:00-05:00,603.576678438532,604.3941081026211,597.0572585697707,601.453369140625,6081400,0.0,0.0
2024-12-27 00:00:00-05:00,597.5257935657311,599.9581261267912,587.9460161502445,597.924560546875,8084200,0.0,0.0
2024-12-30 00:00:00-05:00,586.8993065979166,595.0635643540043,583.7392883016993,589.3814697265625,7025900,0.0,0.0
2024-12-31 00:00:00-05:00,590.4083164544484,592.102924110321,582.0147395278991,583.6695556640625,6019500,0.0,0.0
2025-01-02 00:00:00-05:00,587.8662291946306,603.0084829766075,585.9722382113614,597.3563232421875,12682300,0.0,0.0
2025-01-03 00:00:00-05:00,602.8589663338769,607.5840565630332,594.5351777814667,602.7293701171875,11436800,0.0,0.0
2025-01-06 00:00:00-05:00,609.9068039022728,629.0065500033512,603.7163023778119,628.2190551757812,14560800,0.0,0.0
2025-01-07 00:00:00-05:00,629.7143414477341,630.1130475912898,606.3180848477177,615.94775390625,12071500,0.0,0.0
2025-01-08 00:00:00-05:00,611.4718611566152,614.5022833089956,600.895166417742,608.8002319335938,10085800,0.0,0.0
2025-01-10 00:00:00-05:00,608.112442272843,627.9298948978874,595.462329972656,613.924072265625,19256600,0.0,0.0
2025-01-13 00:00:00-05:00,605.1916106669787,607.0557276203978,596.5688376806378,606.4177856445312,10785000,0.0,0.0
2025-01-14 00:00:00-05:00,603.1680144738151,603.586677198732,586.6999244030517,592.3820190429688,13598000,0.0,0.0
2025-01-15 00:00:00-05:00,608.2918626953108,620.5033555415417,604.5935029582943,615.1801147460938,15524300,0.0,0.0
2025-01-16 00:00:00-05:00,609.5777403991937,614.3128087015587,607.7933891951506,609.3783569335938,8355300,0.0,0.0
2025-01-17 00:00:00-05:00,622.0883213436317,623.0054123386464,601.7723798733631,610.8438110351562,17280600,0.0,0.0
2025-01-21 00:00:00-05:00,615.8878442456257,619.5462904208392,607.0955629596975,614.5221557617188,11674000,0.0,0.0
2025-01-22 00:00:00-05:00,621.3406555902126,631.7079877162228,617.4828257324606,621.5400390625,12274000,0.0,0.0
2025-01-23 00:00:00-05:00,625.3878883324852,634.5988327915112,619.197448317166,634.4493408203125,9910200,0.0,0.0
2025-01-24 00:00:00-05:00,634.3995455880619,649.9504837452617,632.2064489650473,645.4546508789062,19065300,0.0,0.0
2025-01-27 00:00:00-05:00,624.6402872001196,661.7831731182577,623.1350240288891,657.8057250976562,28399200,0.0,0.0
2025-01-28 00:00:00-05:00,663.9065549274304,680.4344558685057,657.3970515429507,672.2103881835938,20950100,0.0,0.0
2025-01-29 00:00:00-05:00,672.878157860452,678.9091276992832,663.577469397903,674.3634643554688,21377800,0.0,0.0
2025-01-30 00:00:00-05:00,694.6295308769346,708.5555865209728,673.9746332350235,684.8403930664062,29322900,0.0,0.0
2025-01-31 00:00:00-05:00,688.8278971175284,703.082934049854,683.4249514874042,687.0136108398438,19303900,0.0,0.0
2025-02-03 00:00:00-05:00,673.7852712039112,701.786997935187,673.1273726643963,695.267578125,21415700,0.0,0.0
2025-02-04 00:00:00-05:00,700.291750368734,705.4853950757674,689.435967564897,701.9764404296875,13826300,0.0,0.0
2025-02-05 00:00:00-05:00,701.338438880343,715.8826032404849,696.8127318836921,702.654296875,17778200,0.0,0.0
2025-02-06 00:00:00-05:00,703.6611131134636,716.6402049884904,701.2885896343017,709.7518920898438,13080700,0.0,0.0
2025-02-07 00:00:00-05:00,714.546788192433,722.7310026615398,709.5126746052003,712.2739868164062,16427100,0.0,0.0
2025-02-10 00:00:00-05:00,716.3013465299549,718.9330628152472,709.0940920727812,715.14501953125,12904300,0.0,0.0
2025-02-11 00:00:00-05:00,711.077742352479,721.3852053088176,707.8080235680292,717.537353515625,12998000,0.0,0.0
2025-02-12 00:00:00-05:00,713.0515218383842,724.8144176821432,710.3599968194253,723.099853515625,12016500,0.0,0.0
2025-02-13 00:00:00-05:00,719.2520483652149,726.7085168321266,715.7829457591546,726.2698974609375,12569100,0.0,0.0
2025-02-14 00:00:00-05:00,723.8574410856692,738.5809711848887,723.3390562017464,734.3543090820312,16901200,0.0,0.0
2025-02-18 00:00:00-05:00,733.6864014553627,734.6832579790791,704.2193250480339,714.1181030273438,21938700,0.0,0.0
2025-02-19 00:00:00-05:00,701.886719169158,704.7776276936228,693.2041369812721,701.5578002929688,17535500,0.0,0.0
2025-02-20 00:00:00-05:00,695.0882163867516,703.4119448646127,691.4596436709155,692.6558837890625,12587400,0.0,0.0
2025-02-21 00:00:00-05:00,694.3904388515214,701.6575020997228,680.2151053119804,681.4013671875,15660400,0.0,0.0
2025-02-24 00:00:00-05:00,684.122756243814,685.1096345134455,660.3676471383606,666.02978515625,15677000,0.0,0.0
2025-02-25 00:00:00-05:00,663.8765120828333,665.9001600374287,639.8423158192022,655.4331665039062,20579700,0.0,0.0
2025-02-26 00:00:00-05:00,657.576512679624,680.8630693918321,655.9316748718801,671.5823364257812,14488700,0.0,0.0
2025-02-27 00:00:00-05:00,680.3046927948541,686.485214920113,655.5028995854176,656.1707763671875,12500000,0.0,0.0
2025-02-28 00:00:00-05:00,655.9715119869538,667.5251070483702,640.5800432544102,666.099609375,17534200,0.0,0.0
2025-03-03 00:00:00-05:00,671.5623491469186,679.1085609343871,648.7941784019307,652.9909057617188,10843800,0.0,0.0
2025-03-04 00:00:00-05:00,643.4809097831836,647.7075720071792,621.6896392388619,637.9882202148438,21495200,0.0,0.0
2025-03-05 00:00:00-05:00,638.9850308732081,657.4268765380355,635.6555033172657,654.4063720703125,13770000,0.0,0.0
2025-03-06 00:00:00-05:00,645.9630966353535,648.5150471759833,622.1481771276858,625.9561767578125,13446500,0.0,0.0
2025-03-07 00:00:00-05:00,623.4041708110899,632.7945424007281,598.7219930959255,623.6932373046875,21375700,0.0,0.0
2025-03-10 00:00:00-04:00,606.1585603987916,608.1921258261364,585.0251896930085,596.1102294921875,21999900,0.0,0.0
2025-03-11 00:00:00-04:00,593.1795048947525,612.9970188777876,591.4649407555324,603.8060302734375,17401500,0.0,0.0
2025-03-12 00:00:00-04:00,627.9199500067502,631.3391605894193,607.4344997247063,617.6124267578125,15747000,0.0,0.0
2025-03-13 00:00:00-04:00,618.300295022882,618.549509168397,584.666363679096,588.7833862304688,16480300,0.0,0.0
2025-03-14 00:00:00-04:00,601.43972556622,607.4860482974414,593.4378646925935,606.2288818359375,12364500,0.525,0.0
2025-03-17 00:00:00-04:00,606.0892549627374,611.7164817099355,596.6505800508986,603.5350341796875,15473900,0.0,0.0
2025-03-18 00:00:00-04:00,598.6959836433429,598.8955445257114,573.3632611970426,581.0458984375,20297700,0.0,0.0
2025-03-19 00:00:00-04:00,582.9616006660708,590.9834364727485,573.473050249603,582.7420654296875,20537500,0.0,0.0
2025-03-20 00:00:00-04:00,581.4449335433823,608.8230139342973,578.2022676048324,584.6776123046875,24336500,0.0,0.0
2025-03-21 00:00:00-04:00,582.1034155863823,596.1915469952162,579.6390187113977,594.9044799804688,25015900,0.0,0.0
2025-03-24 00:00:00-04:00,613.5822418688982,621.1351668672481,610.818534005287,617.4534912109375,15741300,0.0,0.0
2025-03-25 00:00:00-04:00,625.3457252697278,632.4496541118687,619.7782994932003,624.896728515625,15312500,0.0,0.0
2025-03-26 00:00:00-04:00,623.479902445872,625.3356905979604,605.2411234358802,609.6012573242188,12609800,0.0,0.0
2025-03-27 00:00:00-04:00,600.6416285927081,612.8639873140713,598.7458914524616,601.2203369140625,10436500,0.0,0.0
2025-03-28 00:00:00-04:00,598.9554211422102,600.3921742735024,572.6249545466391,575.4385986328125,17602800,0.0,0.0
2025-03-31 00:00:00-04:00,562.2284810192266,577.3941949049992,552.0514847999954,575.0594482421875,21124700,0.0,0.0
2025-04-01 00:00:00-04:00,569.5518496754252,588.5787620697387,568.713718453365,584.6776123046875,12836600,0.0,0.0
2025-04-02 00:00:00-04:00,573.612639602056,591.3225852084037,572.0661494891557,582.6123046875,13470800,0.0,0.0
2025-04-03 00:00:00-04:00,544.9873786131755,551.3130986556911,529.1033205063213,530.4203491210938,34777500,0.0,0.0
2025-04-04 00:00:00-04:00,505.4767837476822,516.8311091249631,493.0848271014097,503.591064453125,38589800,0.0,0.0
2025-04-07 00:00:00-04:00,484.0053216518451,538.1528441381656,480.8125306436679,515.0850219726562,36606100,0.0,0.0
2025-04-08 00:00:00-04:00,542.0241297513288,546.1946900687835,501.72525715038495,509.29815673828125,28034200,0.0,0.0
2025-04-09 00:00:00-04:00,508.1207792653783,586.563392325636,500.9769327422793,584.4481811523438,39216600,0.0,0.0
2025-04-10 00:00:00-04:00,574.1913720884271,579.9882591353082,534.0920601322453,545.0572509765625,28173500,0.0,0.0
2025-04-11 00:00:00-04:00,534.3015744722139,546.1647580379857,527.3972072394978,542.3433837890625,17642300,0.0,0.0
2025-04-14 00:00:00-04:00,554.9149903570471,556.5114165099282,527.0879701726936,530.2807006835938,14130900,0.0,0.0
2025-04-15 00:00:00-04:00,530.9092700648307,536.7261316213554,516.3322523952014,520.3432006835938,15558700,0.0,0.0
2025-04-16 00:00:00-04:00,507.36253528750194,512.2115538752881,494.5115946838527,501.176513671875,18735100,0.0,0.0
2025-04-17 00:00:00-04:00,504.109870459736,506.1552323217004,496.8862177349848,500.348388671875,14593500,0.0,0.0
2025-04-21 00:00:00-04:00,490.22127698998224,492.38639367876976,478.71729620364266,483.56634521484375,16166000,0.0,0.0
2025-04-22 00:00:00-04:00,490.7600964557397,505.73623631689287,485.2625199601335,499.151123046875,17399400,0.0,0.0
2025-04-23 00:00:00-04:00,527.3374410103529,534.1320723212986,515.3545309290855,519.0960693359375,18173900,0.0,0.0
2025-04-24 00:00:00-04:00,517.5595150131655,532.6953291798529,516.3323098797614,531.947021484375,13910000,0.0,0.0
2025-04-25 00:00:00-04:00,545.566124111354,548.6192167322417,535.0399425493104,546.0350952148438,17098900,0.0,0.0
2025-04-28 00:00:00-04:00,554.3862228326028,557.2297674992926,539.3701950695558,548.49951171875,15179000,0.0,0.0
2025-04-29 00:00:00-04:00,544.7679463052672,555.3141023170735,542.8921836696377,553.1889038085938,11835000,0.0,0.0
2025-04-30 00:00:00-04:00,537.1851129255415,547.8609194224242,528.305171612182,547.7611694335938,29244000,0.0,0.0
2025-05-01 00:00:00-04:00,590.7439814787114,591.6120134415539,569.2126599544815,570.9188232421875,31159000,0.0,0.0
2025-05-02 00:00:00-04:00,582.1434519633877,602.976341384666,577.025022870384,595.6728515625,24739300,0.0,0.0
2025-05-05 00:00:00-04:00,589.8858412822701,601.8488361583287,586.7230116613694,597.917724609375,13887700,0.0,0.0
2025-05-06 00:00:00-04:00,591.1929324469492,594.685034384837,585.256346973055,585.9846801757812,10600700,0.0,0.0
2025-05-07 00:00:00-04:00,589.0277995025451,601.7191276587725,585.3461237925522,595.4632568359375,13139100,0.0,0.0
2025-05-08 00:00:00-04:00,604.9218677784463,609.9205723172726,595.2737054544873,596.6605834960938,14622800,0.0,0.0
2025-05-09 00:00:00-04:00,602.3576547482705,605.6003210056944,590.3748069015998,591.1530151367188,10427300,0.0,0.0
2025-05-12 00:00:00-04:00,629.4963146177121,638.944977269137,619.628677643235,637.9871215820312,21965100,0.0,0.0
2025-05-13 00:00:00-04:00,644.083302386897,659.4286019389394,641.3794565378789,654.5496826171875,18570800,0.0,0.0
2025-05-14 00:00:00-04:00,659.7179933381154,661.1746598556101,652.8335389149222,657.8721313476562,12348200,0.0,0.0
2025-05-15 00:00:00-04:00,652.8036193165813,655.8267503294444,637.1390348372435,642.4270629882812,14341800,0.0,0.0
2025-05-16 00:00:00-04:00,636.5203854269974,638.9947695097792,624.7370386043494,638.89501953125,18519000,0.0,0.0
2025-05-19 00:00:00-04:00,626.832294867769,641.5490101074022,626.3832981555494,638.9848022460938,9592400,0.0,0.0
2025-05-20 00:00:00-04:00,634.5748472134089,637.9072763695222,630.8333091235804,635.662353515625,6743500,0.0,0.0
2025-05-21 00:00:00-04:00,630.3642681060018,645.150832304797,628.7479287022497,634.06591796875,11464600,0.0,0.0
2025-05-22 00:00:00-04:00,632.619272775214,641.7985254271919,629.2868434888497,635.1336059570312,8228400,0.0,0.0
2025-05-23 00:00:00-04:00,622.5919269408028,631.0228714642786,621.2449976116812,625.64501953125,8454100,0.0,0.0
2025-05-27 00:00:00-04:00,633.9761034753569,641.6288391569669,631.322132840975,640.8705444335938,9508400,0.0,0.0
2025-05-28 00:00:00-04:00,641.1499165908115,649.4112615873161,641.1000415977985,642.1277465820312,9042900,0.0,0.0
2025-05-29 00:00:00-04:00,650.1795649115138,651.8457794764735,638.0569572367845,643.5944213867188,8858800,0.0,0.0
2025-05-30 00:00:00-04:00,641.0501397655987,647.9445199213626,631.3521030687026,646.0288696289062,16241000,0.0,0.0
2025-06-02 00:00:00-04:00,642.9359196596392,671.7407683371362,642.8062081386795,669.3861083984375,15766300,0.0,0.0
2025-06-03 00:00:00-04:00,669.9348713872049,674.0555568287034,663.5293753010757,665.34521484375,11585000,0.0,0.0
2025-06-04 00:00:00-04:00,667.8096780088563,687.4452625248051,667.0613703936261,686.3976440429688,14031900,0.0,0.0
2025-06-05 00:00:00-04:00,690.0991647687987,692.8130584501095,680.7104262850396,683.0750732421875,13083100,0.0,0.0
2025-06-06 00:00:00-04:00,694.5989952947568,701.2240259866394,690.3087109186762,696.1355590820312,11728000,0.0,0.0
2025-06-09 00:00:00-04:00,696.883869686411,703.5986632099265,692.3740500791279,692.4937744140625,12773200,0.0,0.0
2025-06-10 00:00:00-04:00,699.7673231326536,701.6430856337115,689.9994369756769,700.8150024414062,10850100,0.0,0.0
2025-06-11 00:00:00-04:00,702.1220199077359,707.2703489833287,690.4284357601101,692.5736083984375,9582500,0.0,0.0
2025-06-12 00:00:00-04:00,691.7355479828731,693.8108714889893,685.4497761885773,691.79541015625,7322700,0.0,0.0
2025-06-13 00:00:00-04:00,686.3976556130428,693.00271273635,679.4733132608307,681.3291015625,9274400,0.0,0.0
2025-06-16 00:00:00-04:00,698.2888218186604,706.097186349852,692.4774795938313,701.0746459960938,13720300,0.525,0.0
2025-06-17 00:00:00-04:00,700.9548121157454,704.9188720421186,695.0236535754563,696.19189453125,10066100,0.0,0.0
2025-06-18 00:00:00-04:00,697.1404546983404,700.5454115912661,693.8653700649246,694.7340698242188,10068300,0.0,0.0
2025-06-20 00:00:00-04:00,699.7067372671455,700.7751515856344,677.6595924698036,681.3341064453125,22538600,0.0,0.0
2025-06-23 00:00:00-04:00,682.6721183845542,698.009235646563,677.7394706648903,697.4900512695312,11080100,0.0,0.0
2025-06-24 00:00:00-04:00,703.840534417847,712.1281647182683,701.0646441862544,711.1396484375,13823200,0.0,0.0
2025-06-25 00:00:00-04:00,712.2579843149763,715.5131404309827,704.329803307428,707.6248779296875,9320400,0.0,0.0
2025-06-26 00:00:00-04:00,713.296455236712,727.1358060173088,709.9913855606367,725.009033203125,13964800,0.0,0.0
2025-06-27 00:00:00-04:00,725.4383202717177,734.335027558332,724.7792688020234,732.5377197265625,18775700,0.0,0.0
2025-06-30 00:00:00-04:00,743.4414316060685,746.7864803769392,733.1567794055785,736.9910888671875,15402100,0.0,0.0
2025-07-01 00:00:00-04:00,735.7829112020786,736.6516110389775,714.3049263192432,718.149169921875,13431200,0.0,0.0
2025-07-02 00:00:00-04:00,714.2650188208597,719.227590127805,711.7387562844411,712.5076293945312,9336700,0.0,0.0
2025-07-03 00:00:00-04:00,725.5281745483136,727.9446154194361,713.3563211505465,717.9395141601562,8601700,0.0,0.0
2025-07-07 00:00:00-04:00,716.5315731843128,725.9176023238477,712.4476967305745,717.2804565429688,9457100,0.0,0.0
2025-07-08 00:00:00-04:00,720.4957303517299,721.8337012243448,713.7457849218606,719.5970458984375,7770700,0.0,0.0
2025-07-09 00:00:00-04:00,721.6439452565418,736.4319538163115,721.6439452565418,731.6890258789062,11418000,0.0,0.0
2025-07-10 00:00:00-04:00,730.4608071076664,734.704479422628,718.5285868802704,726.1572265625,9913600,0.0,0.0
2025-07-11 00:00:00-04:00,721.4242720797871,724.0802847988808,708.6433421473682,716.4417114257812,10873900,0.0,0.0
2025-07-14 00:00:00-04:00,716.5316151789124,726.9161560719408,715.4831906042045,719.8466796875,8939400,0.0,0.0
2025-07-15 00:00:00-04:00,722.82223154618,723.3913292594382,708.7631777682402,709.3323364257812,11529500,0.0,0.0
2025-07-16 00:00:00-04:00,712.3079132030501,712.9069955313189,698.2289299901618,701.8634643554688,13067600,0.0,0.0
2025-07-17 00:00:00-04:00,703.3412662167694,704.8490277671435,696.0720759709156,700.3656616210938,11803300,0.0,0.0
2025-07-18 00:00:00-04:00,701.1445302429636,703.6607977835126,690.6202449112741,703.2314453125,12779800,0.0,0.0
2025-07-21 00:00:00-04:00,705.7477111980942,715.9325377312456,704.7092814794039,711.9085083007812,9404400,0.0,0.0
2025-07-22 00:00:00-04:00,715.1237435600664,715.5331063393245,700.3657186718685,703.7606811523438,8921100,0.0,0.0
2025-07-23 00:00:00-04:00,705.3183514682154,713.5660637312985,703.8804929024444,712.5176391601562,8771600,0.0,0.0
2025-07-24 00:00:00-04:00,715.9823677348465,722.5425929354744,712.9369210871259,713.7357177734375,10920800,0.0,0.0
2025-07-25 00:00:00-04:00,715.8526352732038,719.5771235060619,710.8401504714777,711.6189575195312,8271700,0.0,0.0
2025-07-28 00:00:00-04:00,714.1352096135126,723.6609843506268,711.6189419324959,716.5615844726562,8715700,0.0,0.0
2025-07-29 00:00:00-04:00,718.9280482700893,723.3913639831756,698.8679318855118,698.9578247070312,13267000,0.0,0.0
2025-07-30 00:00:00-04:00,707.0358168226334,707.4451795959043,690.1709481616012,694.1749877929688,27077300,0.0,0.0
2025-07-31 00:00:00-04:00,774.0458414913344,783.5816106103192,764.3702661872821,772.2884521484375,38831100,0.0,0.0
2025-08-01 00:00:00-04:00,759.5973820600149,764.8595554226001,744.2003568990668,748.8933715820312,19028700,0.0,0.0
2025-08-04 00:00:00-04:00,758.8684286204626,775.6933161141383,757.280769171418,775.2140502929688,15801700,0.0,0.0
2025-08-05 00:00:00-04:00,775.2940146810766,781.9640620224704,761.8640271769766,762.3233642578125,11640300,0.0,0.0
2025-08-06 00:00:00-04:00,768.853609707056,772.488205034118,759.327834976083,770.8406372070312,9733900,0.0,0.0
2025-08-07 00:00:00-04:00,772.3383525306105,773.8461140652291,758.4191051508143,760.6957397460938,9019700,0.0,0.0
2025-08-08 00:00:00-04:00,761.6144268371896,768.7538063796192,757.4506521481833,768.1546630859375,7320800,0.0,0.0
2025-08-11 00:00:00-04:00,768.9334288760205,772.3084011990011,763.5314498091643,764.7296752929688,7612000,0.0,0.0
2025-08-12 00:00:00-04:00,771.849102319645,792.4883102810505,771.2799436630941,788.8237915039062,14563100,0.0,0.0
2025-08-13 00:00:00-04:00,789.9721665216805,794.2757473900336,777.0713578354987,778.9186401367188,8811800,0.0,0.0
2025-08-14 00:00:00-04:00,776.7218428333804,786.6370510429252,771.3598429397638,780.9655151367188,8116200,0.0,0.0
2025-08-15 00:00:00-04:00,782.9825648931883,795.0645257736991,779.6575056048304,784.0609130859375,13375400,0.0,0.0
2025-08-18 00:00:00-04:00,773.9360156125421,774.6549143701418,755.4335751910228,766.2274780273438,16513700,0.0,0.0
2025-08-19 00:00:00-04:00,765.977874147037,766.0277875160474,748.2443062415024,750.3611450195312,12286700,0.0,0.0
2025-08-20 00:00:00-04:00,746.4570103778062,749.083099657565,729.911672806752,746.6067504882812,11898200,0.0,0.0
2025-08-21 00:00:00-04:00,743.6012666698691,744.3900685450179,732.0185006665147,737.9995727539062,8876300,0.0,0.0
2025-08-22 00:00:00-04:00,738.1293678852983,755.7731035460037,733.2966081137474,753.6661987304688,10612700,0.0,0.0
2025-08-25 00:00:00-04:00,753.6961621486424,757.7501148109367,749.0131426125197,752.1784057617188,6861200,0.0,0.0
2025-08-26 00:00:00-04:00,749.6821592803592,753.7461069744401,746.8264320177999,752.9772338867188,7601800,0.0,0.0
2025-08-27 00:00:00-04:00,751.1799307743298,753.0272129802489,741.7340542390842,746.2672729492188,8315400,0.0,0.0
2025-08-28 00:00:00-04:00,742.8922995313089,751.9288132977724,739.6970516455432,749.99169921875,7468000,0.0,0.0
2025-08-29 00:00:00-04:00,744.1703787664815,746.0275947781304,734.2551099537487,737.6001586914062,9070500,0.0,0.0
2025-09-02 00:00:00-04:00,724.9589996576248,734.9041924629622,720.655419120511,734.0155029296875,9350900,0.0,0.0
2025-09-03 00:00:00-04:00,734.9042121918441,739.1478846127889,732.8971950134412,735.95263671875,7699300,0.0,0.0
2025-09-04 00:00:00-04:00,747.4555024338443,760.0267237435045,744.7095967582477,747.535400390625,11439100,0.0,0.0
2025-09-05 00:00:00-04:00,751.499502790698,756.8215846100361,743.9208368275713,751.3297729492188,9663400,0.0,0.0
2025-09-08 00:00:00-04:00,754.8744351124396,765.3687971294402,750.9003802075373,751.179931640625,13087800,0.0,0.0
2025-09-09 00:00:00-04:00,756.3621991005824,765.1590798691678,752.3082462809408,764.5599975585938,10999000,0.0,0.0
2025-09-10 00:00:00-04:00,763.990858904295,764.5600175863916,749.8818911499914,750.8604125976562,12478300,0.0,0.0
2025-09-11 00:00:00-04:00,753.5264602522736,755.9727638030715,747.2557810059183,749.7820434570312,7923300,0.0,0.0
2025-09-12 00:00:00-04:00,747.6152548910696,756.4421205211297,742.6526835890741,754.465087890625,8248600,0.0,0.0
2025-09-15 00:00:00-04:00,756.3421855933647,772.9175066813722,750.8703641812288,763.5614624023438,10533800,0.0,0.0
2025-09-16 00:00:00-04:00,765.8580156945753,780.1966205012909,763.960820221922,777.8401489257812,11782500,0.0,0.0
2025-09-17 00:00:00-04:00,778.828725718326,782.1238004242355,765.1691000860621,774.5650634765625,9400900,0.0,0.0
2025-09-18 00:00:00-04:00,779.5875734416616,787.6056471582369,772.2085614820411,779.0883178710938,10955000,0.0,0.0
2025-09-19 00:00:00-04:00,785.2490765825911,789.6225600448605,768.0447499547826,777.2210693359375,23696800,0.0,0.0
2025-09-22 00:00:00-04:00,781.2128396094075,785.0896826443245,763.8469978355404,764.5364379882812,11706900,0.525,0.0
2025-09-23 00:00:00-04:00,768.6231126086477,769.9719880546131,750.4579354131178,754.784423828125,10872600,0.0,0.0
2025-09-24 00:00:00-04:00,756.8827020619125,760.4897455830934,751.9167814613187,760.0401000976562,8828200,0.0,0.0
2025-09-25 00:00:00-04:00,752.8360219788784,756.1533238123261,743.9432502397539,748.2996826171875,10591100,0.0,0.0
2025-09-26 00:00:00-04:00,749.3888277967437,751.3172477286904,736.7491118404043,743.1439208984375,9696300,0.0,0.0
2025-09-29 00:00:00-04:00,748.1098002440084,750.1681799899285,738.5476529969768,742.794189453125,9246800,0.0,0.0
2025-09-30 00:00:00-04:00,741.6451369970716,742.3645209926972,725.7081225297242,733.7815551757812,16226800,0.0,0.0
2025-10-01 00:00:00-04:00,720.9020135039985,721.2617054862658,709.6212362201944,716.7554321289062,20419600,0.0,0.0
2025-10-02 00:00:00-04:00,721.9911913779041,727.176964520395,717.5548070653372,726.45751953125,11415300,0.0,0.0
2025-10-03 00:00:00-04:00,729.0354240673363,730.4043027655052,709.6012618171895,709.98095703125,16154300,0.0,0.0
2025-10-06 00:00:00-04:00,704.6153434967972,716.2958197616522,689.9473135389625,715.0767822265625,21654700,0.0,0.0
2025-10-07 00:00:00-04:00,717.135073707775,717.9144673294414,705.1748577839295,712.4989013671875,12062900,0.0,0.0
2025-10-08 00:00:00-04:00,712.8686286502683,719.063588526951,707.233209995552,717.2550659179688,10790600,0.0,0.0
2025-10-09 00:00:00-04:00,717.694662739213,732.9122314453125,711.8593952481671,732.9122314453125,12717200,0.0,0.0
2025-10-10 00:00:00-04:00,730.3243364156914,734.6708280741015,703.9358854737135,704.7252197265625,16980100,0.0,0.0
2025-10-13 00:00:00-04:00,712.4289500007787,719.353295154282,707.0633311027989,715.1167602539062,9251800,0.0,0.0
2025-10-14 00:00:00-04:00,707.2032236513401,714.966850016347,698.7600977854659,708.072509765625,8829800,0.0,0.0
2025-10-15 00:00:00-04:00,716.4756800447307,723.3101331023296,708.9318445822669,716.9652709960938,10246800,0.0,0.0
2025-10-16 00:00:00-04:00,716.9652609619593,724.898793146875,703.3064176322127,711.48974609375,9017000,0.0,0.0
2025-10-17 00:00:00-04:00,706.5038073054051,717.9544293541486,705.5445676686097,716.3357543945312,12232400,0.0,0.0
2025-10-20 00:00:00-04:00,720.602270855396,733.1720358988009,719.5930841941394,731.5733032226562,8900200,0.0,0.0
2025-10-21 00:00:00-04:00,735.4202444049121,737.898203963144,728.156149137632,732.6724853515625,7647300,0.0,0.0
2025-10-22 00:00:00-04:00,733.2320185457676,739.9964601984101,723.4400167690366,732.8123168945312,8734500,0.0,0.0
2025-10-23 00:00:00-04:00,734.1012972282697,741.8049752352916,732.5025644943078,733.40185546875,9856000,0.0,0.0
2025-10-24 00:00:00-04:00,736.1895728454068,740.6060149267306,730.5542151922721,737.75830078125,9151300,0.0,0.0
2025-10-27 00:00:00-04:00,749.1189913399045,755.1341048828856,747.4004223192904,750.2081298828125,11321100,0.0,0.0
2025-10-28 00:00:00-04:00,752.0166693998259,757.7819868095911,744.9124781386814,750.82763671875,12193800,0.0,0.0
2025-10-29 00:00:00-04:00,754.1349412128479,758.5413205942342,741.9049255575367,751.0574340820312,26818600,0.0,0.0
2025-10-30 00:00:00-04:00,668.6047496805471,680.405123547836,649.6401745693712,665.9268798828125,88440100,0.0,0.0
2025-10-31 00:00:00-04:00,673.9603724515775,674.3400676801817,645.0439523217459,647.8216552734375,56953200,0.0,0.0
2025-11-03 00:00:00-05:00,655.4654426520216,658.792746197499,635.6615861365713,637.1903686523438,33003600,0.0,0.0
2025-11-04 00:00:00-05:00,627.528160823027,641.2170082918374,625.4998468710925,626.8087768554688,27356600,0.0,0.0
2025-11-05 00:00:00-05:00,631.7947143740674,641.7066132741587,626.0293969573662,635.4317626953125,20219900,0.0,0.0
2025-11-06 00:00:00-05:00,635.3318005623231,635.4817027165644,617.4963715076051,618.4356079101562,23628800,0.0,0.0
2025-11-07 00:00:00-05:00,615.9875913853423,621.6230097922952,600.7100736857968,621.203369140625,29946800,0.0,0.0
2025-11-10 00:00:00-05:00,630.5757412925083,634.4825281361091,617.606277436272,631.2451782226562,19245000,0.0,0.0
2025-11-11 00:00:00-05:00,627.4882640088713,629.0469903781388,618.8852946435945,626.5690307617188,13302200,0.0,0.0
2025-11-12 00:00:00-05:00,627.6181473129036,628.4774318700306,607.2747531328254,608.5137329101562,24493300,0.0,0.0
2025-11-13 00:00:00-05:00,612.5704066192014,617.1466913787408,602.5086055074847,609.3930053710938,20973800,0.0,0.0
2025-11-14 00:00:00-05:00,601.2995852054279,613.1799107961393,594.7149894844074,608.96337890625,20724100,0.0,0.0
2025-11-17 00:00:00-05:00,608.54364845602,611.1915132655756,594.914810553651,601.5194091796875,16501300,0.0,0.0
2025-11-18 00:00:00-05:00,591.1178778321469,603.1680476389258,583.3043040560937,597.2029418945312,25500600,0.0,0.0
2025-11-19 00:00:00-05:00,593.236120814011,594.8448550993957,580.7763124672824,589.8389282226562,24744700,0.0,0.0
2025-11-20 00:00:00-05:00,603.0082035639184,606.225550290049,582.8745995478572,588.669921875,20603000,0.0,0.0
2025-11-21 00:00:00-05:00,588.0204327318114,597.6325885375659,581.38582901572,593.7657470703125,21052600,0.0,0.0
2025-11-24 00:00:00-05:00,598.2320754408486,616.1974650582393,597.1429978306941,612.5504150390625,23554900,0.0,0.0
2025-11-25 00:00:00-05:00,623.4914651316196,636.5308177101258,617.7960982049689,635.7014770507812,25213000,0.0,0.0
2025-11-26 00:00:00-05:00,637.1703200291516,637.8397569399452,631.1152610365342,633.0936279296875,15209500,0.0,0.0
2025-11-28 00:00:00-05:00,635.5616748244524,647.5218911860414,634.9821303911365,647.4219970703125,11033200,0.0,0.0
2025-12-01 00:00:00-05:00,639.028785702615,644.7941029489796,637.2402664201815,640.3477172851562,13029900,0.0,0.0
2025-12-02 00:00:00-05:00,641.8165621493692,647.3420238521164,637.5500224020741,646.5726318359375,11640900,0.0,0.0
2025-12-03 00:00:00-05:00,643.8848130159247,648.3211970895987,637.0304181904862,639.0787353515625,11134300,0.0,0.0
2025-12-04 00:00:00-05:00,675.4491463216154,675.5490404402168,659.512131337801,660.990966796875,29874600,0.0,0.0
2025-12-05 00:00:00-05:00,663.4589092143041,674.1402004180294,661.8502358329807,672.8712158203125,21207900,0.0,0.0
2025-12-08 00:00:00-05:00,668.7945609027437,676.1585499822719,664.528021142878,666.256591796875,13161000,0.0,0.0
2025-12-09 00:00:00-05:00,663.2291308887899,663.9385132978894,652.807637338328,656.4246826171875,12997100,0.0,0.0
2025-12-10 00:00:00-05:00,649.4203737252112,653.9766553823684,642.8757234590145,649.6002197265625,16910900,0.0,0.0
2025-12-11 00:00:00-05:00,642.7657334383907,654.7460135009795,640.2777724038347,652.1781005859375,13056700,0.0,0.0
2025-12-12 00:00:00-05:00,649.2704855848336,710.4206277669183,638.0896015354143,643.7050170898438,14016900,0.0,0.0
2025-12-15 00:00:00-05:00,645.7000122070312,653.0,638.7000122070312,647.510009765625,15549100,0.525,0.0
2025-12-16 00:00:00-05:00,643.5,662.5399780273438,643.2000122070312,657.1500244140625,14309100,0.0,0.0
2025-12-17 00:00:00-05:00,655.6099853515625,661.22998046875,649.2000122070312,649.5,15598500,0.0,0.0
2025-12-18 00:00:00-05:00,657.030029296875,670.5599975585938,656.4600219726562,664.4500122070312,20260300,0.0,0.0
2025-12-19 00:00:00-05:00,666.4199829101562,671.0,658.1799926757812,658.77001953125,49977100,0.0,0.0
2025-12-22 00:00:00-05:00,661.6500244140625,673.5800170898438,656.6500244140625,661.5,15659400,0.0,0.0
2025-12-23 00:00:00-05:00,660.0499877929688,666.0,658.25,664.9400024414062,8486800,0.0,0.0
2025-12-24 00:00:00-05:00,662.530029296875,668.1799926757812,662.2000122070312,667.5499877929688,5627500,0.0,0.0
2025-12-26 00:00:00-05:00,668.0599975585938,668.9500122070312,661.3200073242188,663.2899780273438,7133800,0.0,0.0
2025-12-29 00:00:00-05:00,658.010009765625,660.25,654.3900146484375,658.6900024414062,8506500,0.0,0.0
2025-12-30 00:00:00-05:00,658.6900024414062,672.219970703125,657.8400268554688,665.9500122070312,9187500,0.0,0.0
2025-12-31 00:00:00-05:00,664.75,665.0,659.4400024414062,660.0900268554688,7940400,0.0,0.0
2026-01-02 00:00:00-05:00,662.72998046875,664.3900146484375,643.5,650.4099731445312,13726500,0.0,0.0
2026-01-05 00:00:00-05:00,651.010009765625,664.5399780273438,647.75,658.7899780273438,12213700,0.0,0.0
2026-01-06 00:00:00-05:00,659.5700073242188,665.52001953125,651.9000244140625,660.6199951171875,11074400,0.0,0.0
2026-01-07 00:00:00-05:00,655.6400146484375,659.1500244140625,644.8099975585938,648.6900024414062,12846300,0.0,0.0
2026-01-08 00:00:00-05:00,645.8800048828125,647.0999755859375,635.719970703125,646.0599975585938,11921700,0.0,0.0
2026-01-09 00:00:00-05:00,645.4400024414062,654.9500122070312,642.8499755859375,653.0599975585938,11634900,0.0,0.0
2026-01-12 00:00:00-05:00,652.530029296875,653.969970703125,641.22998046875,641.969970703125,14797200,0.0,0.0
2026-01-13 00:00:00-05:00,642.27001953125,642.27001953125,624.0999755859375,631.0900268554688,18030400,0.0,0.0
2026-01-14 00:00:00-05:00,626.5,628.4500122070312,614.8200073242188,615.52001953125,15527900,0.0,0.0
2026-01-15 00:00:00-05:00,618.47998046875,624.1699829101562,614.22998046875,620.7999877929688,13076100,0.0,0.0
2026-01-16 00:00:00-05:00,624.1799926757812,629.0800170898438,620.0800170898438,620.25,17012500,0.0,0.0
2026-01-20 00:00:00-05:00,607.8800048828125,611.4000244140625,600.0,604.1199951171875,15169600,0.0,0.0
2026-01-21 00:00:00-05:00,606.739990234375,618.27001953125,600.0800170898438,612.9600219726562,14494700,0.0,0.0
2026-01-22 00:00:00-05:00,629.3499755859375,660.5700073242188,626.5499877929688,647.6300048828125,21394700,0.0,0.0
2026-01-23 00:00:00-05:00,644.77001953125,666.489990234375,644.4500122070312,658.760009765625,22797700,0.0,0.0
2026-01-26 00:00:00-05:00,665.1300048828125,675.280029296875,661.2899780273438,672.3599853515625,16327400,0.0,0.0
2026-01-27 00:00:00-05:00,674.5900268554688,676.8200073242188,664.6599731445312,672.969970703125,13297400,0.0,0.0
2026-01-28 00:00:00-05:00,674.5,677.6799926757812,666.0999755859375,668.72998046875,25709600,0.0,0.0
2026-01-29 00:00:00-05:00,737.4299926757812,744.0,712.5499877929688,738.3099975585938,59852900,0.0,0.0
2026-01-30 00:00:00-05:00,727.5,732.1699829101562,713.5900268554688,716.5,23744600,0.0,0.0
2026-02-02 00:00:00-05:00,714.5999755859375,721.2999877929688,703.52001953125,706.4099731445312,14365200,0.0,0.0
2026-02-03 00:00:00-05:00,707.3699951171875,717.0,686.4099731445312,691.7000122070312,13760700,0.0,0.0
2026-02-04 00:00:00-05:00,687.72998046875,688.8300170898438,667.4600219726562,668.989990234375,16882800,0.0,0.0
2026-02-05 00:00:00-05:00,663.5800170898438,681.5,653.5,670.2100219726562,17131800,0.0,0.0
2026-02-06 00:00:00-05:00,665.489990234375,671.989990234375,646.5,661.4600219726562,18159300,0.0,0.0
2026-02-09 00:00:00-05:00,663.1799926757812,683.3099975585938,658.780029296875,677.219970703125,14837500,0.0,0.0
2026-02-10 00:00:00-05:00,677.5999755859375,680.6500244140625,669.7899780273438,670.719970703125,10455800,0.0,0.0
2026-02-11 00:00:00-05:00,674.0,679.27001953125,657.0999755859375,668.6900024414062,14300400,0.0,0.0
2026-02-12 00:00:00-05:00,669.0999755859375,676.0,645.280029296875,652.9949951171875,9101031,0.0,0.0
