Date,Open,High,Low,Close,Volume,Dividends,Stock Splits
2021-02-12 00:00:00-05:00,234.0605123364703,235.37509168356013,232.909067623064,235.07763671875,16561100,0.0,0.0
2021-02-16 00:00:00-05:00,235.11601808481555,236.17151764085375,233.0913886756254,233.83982849121094,26728500,0.0,0.0
2021-02-17 00:00:00-05:00,232.0894541766409,234.96507650561446,231.72398457959287,234.85928344726562,21653500,0.56,0.0
2021-02-18 00:00:00-05:00,232.55109320398296,234.5996101987233,231.64704608816618,234.4649658203125,16925600,0.0,0.0
2021-02-19 00:00:00-05:00,234.42650126233121,234.53229432170122,230.993047615162,231.75283813476562,25262600,0.0,0.0
2021-02-22 00:00:00-05:00,228.33861214281137,228.82909920704134,223.51062453702826,225.5399169921875,36446900,0.0,0.0
2021-02-23 00:00:00-05:00,221.51984987762208,225.84772430355326,219.98104421168009,224.34739685058594,30228700,0.0,0.0
2021-02-24 00:00:00-05:00,221.21201778644493,226.20350050371414,220.24065598414828,225.578369140625,26339700,0.0,0.0
2021-02-25 00:00:00-05:00,223.20286682298797,225.61685322946673,219.16352111418414,220.23106384277344,39542200,0.0,0.0
2021-02-26 00:00:00-05:00,222.67394655856364,226.36706254282802,220.7600590313648,223.49143981933594,37819200,0.0,0.0
2021-03-01 00:00:00-05:00,226.87675570412392,228.3867098260675,224.2319439435093,227.87698364257812,25324000,0.0,0.0
2021-03-02 00:00:00-05:00,227.94428610482706,228.22320172977388,224.5204595960881,224.9243927001953,22812500,0.0,0.0
2021-03-03 00:00:00-05:00,223.2798287097905,224.6455116135166,218.56724606158295,218.85577392578125,34029500,0.0,0.0
2021-03-04 00:00:00-05:00,218.06715252474712,223.5972138136232,215.68200248101138,218.05752563476562,44727800,0.0,0.0
2021-03-05 00:00:00-05:00,220.7408002725728,224.3473617295842,217.7978484716733,222.74124145507812,41872800,0.0,0.0
2021-03-08 00:00:00-05:00,222.5200514391749,224.443551081611,218.44224158929848,218.69229125976562,35267400,0.0,0.0
2021-03-09 00:00:00-05:00,223.97227598423436,226.37665024660328,222.808552384188,224.8378448486328,33080500,0.0,0.0
2021-03-10 00:00:00-05:00,227.9346923560373,227.9346923560373,223.16440710536557,223.52987670898438,29746800,0.0,0.0
2021-03-11 00:00:00-05:00,225.9727579423364,230.0217167133336,225.3476117161372,228.05975341796875,29907600,0.0,0.0
2021-03-12 00:00:00-05:00,225.05906350687266,226.79984295722946,224.3088998432436,226.73251342773438,22653700,0.0,0.0
2021-03-15 00:00:00-04:00,225.97270142657817,226.19389973430492,222.94318126146158,225.82843017578125,26034900,0.0,0.0
2021-03-16 00:00:00-04:00,227.24222868505888,230.87764154891525,226.91523729363269,228.61753845214844,28092200,0.0,0.0
2021-03-17 00:00:00-04:00,227.11718787736953,229.42539598371647,224.30888048851298,227.97314453125,29562100,0.0,0.0
2021-03-18 00:00:00-04:00,223.66452881126907,225.23218566499116,221.51983088863727,221.89491271972656,34833000,0.0,0.0
2021-03-19 00:00:00-04:00,222.18344837964992,223.57798268898384,220.57732793509152,221.53907775878906,46430700,0.0,0.0
2021-03-22 00:00:00-04:00,221.46212328057254,227.83851426603098,221.3370911146356,226.9633331298828,30127000,0.0,0.0
2021-03-23 00:00:00-04:00,228.4059692318967,231.82979623103833,228.0020360699332,228.49252319335938,31638400,0.0,0.0
2021-03-24 00:00:00-04:00,228.75221011891443,228.89646672788933,226.31898414661643,226.45362854003906,25620100,0.0,0.0
2021-03-25 00:00:00-04:00,226.29972771990109,227.8769967829049,222.71240512495487,223.45294189453125,34061900,0.0,0.0
2021-03-26 00:00:00-04:00,222.6931811050737,227.65581386207742,222.6931811050737,227.43460083007812,25479900,0.0,0.0
2021-03-29 00:00:00-04:00,227.54035768263333,227.74233157641052,223.01052482004673,226.24200439453125,25227500,0.0,0.0
2021-03-30 00:00:00-04:00,224.59742201837378,224.90518898802316,222.2603771275382,222.981689453125,24792000,0.0,0.0
2021-03-31 00:00:00-04:00,224.00111959464277,229.95435241146978,223.50100565623833,226.75172424316406,43623500,0.0,0.0
2021-04-01 00:00:00-04:00,229.3484690587783,233.5513108619018,228.9445359159846,233.08006286621094,30338000,0.0,0.0
2021-04-05 00:00:00-04:00,233.4743464742084,240.39895589372134,233.41664384156837,239.54299926757812,36910600,0.0,0.0
2021-04-06 00:00:00-04:00,238.13886553157835,239.86039119458903,237.43679229555985,238.37930297851562,22931900,0.0,0.0
2021-04-07 00:00:00-04:00,238.3311941792023,241.3318485895909,237.73491405281382,240.34124755859375,22719800,0.0,0.0
2021-04-08 00:00:00-04:00,243.10148983669302,244.41908230584644,242.3609384158286,243.56312561035156,23625200,0.0,0.0
2021-04-09 00:00:00-04:00,243.1976803199744,246.19834983657762,242.7841349277814,246.06370544433594,24326800,0.0,0.0
2021-04-12 00:00:00-04:00,244.9673172688886,247.8141033576994,244.88074862698014,246.1214141845703,27148700,0.0,0.0
2021-04-13 00:00:00-04:00,247.4196974584829,249.27586703716682,247.00612284772998,248.60263061523438,23837500,0.0,0.0
2021-04-14 00:00:00-04:00,247.6313042551945,248.92964277000883,245.4000380789304,245.81358337402344,23070900,0.0,0.0
2021-04-15 00:00:00-04:00,248.06414230696154,249.98764208869324,247.87180993895484,249.5740966796875,25627500,0.0,0.0
2021-04-16 00:00:00-04:00,249.54522040689776,251.01669641879005,247.74675298683772,250.76663208007812,24878600,0.0,0.0
2021-04-19 00:00:00-04:00,250.23765794238443,251.47832327916888,247.95831583894045,248.84310913085938,23209300,0.0,0.0
2021-04-20 00:00:00-04:00,247.95832800540822,250.24729711029528,247.01580268272733,248.38150024414062,19722900,0.0,0.0
2021-04-21 00:00:00-04:00,249.03540182346723,250.70883645350105,247.41004292522794,250.61265563964844,24030400,0.0,0.0
2021-04-22 00:00:00-04:00,250.25690440342183,251.76685861637338,245.86171549830988,247.3332061767578,25606200,0.0,0.0
2021-04-23 00:00:00-04:00,248.01606862134477,251.50722545035353,247.42938592087856,251.16098022460938,21462600,0.0,0.0
2021-04-26 00:00:00-04:00,251.65149256989199,252.401656348328,250.21849455281932,251.54568481445312,19763300,0.0,0.0
2021-04-27 00:00:00-04:00,251.5745037037294,253.12293616808492,250.17035719184975,251.94960021972656,31014200,0.0,0.0
2021-04-28 00:00:00-04:00,246.2848623553483,246.72728837126857,243.2745956256258,244.82301330566406,46903100,0.0,0.0
2021-04-29 00:00:00-04:00,245.68859868614197,246.3041179418775,239.47568881641504,242.85142517089844,40589000,0.0,0.0
2021-04-30 00:00:00-04:00,240.18738532021044,243.39962592937061,240.05274094363295,242.53404235839844,30945100,0.0,0.0
2021-05-03 00:00:00-04:00,243.707345266331,244.62101913579752,241.5145573298802,242.22625732421875,19626600,0.0,0.0
2021-05-04 00:00:00-04:00,241.37033780215654,241.6011630269946,236.35961510876282,238.3119659423828,32756100,0.0,0.0
2021-05-05 00:00:00-04:00,239.5333781544318,239.956550370843,236.41731851565086,237.04244995117188,21901300,0.0,0.0
2021-05-06 00:00:00-04:00,237.0231967181629,240.30276652470482,235.3305226285614,240.177734375,26491100,0.0,0.0
2021-05-07 00:00:00-04:00,242.50517474133576,244.57294534817981,241.56266416863994,242.80332946777344,27032900,0.0,0.0
2021-05-10 00:00:00-04:00,241.2741549439333,242.1012603154502,237.66759338356374,237.7252960205078,29299900,0.0,0.0
2021-05-11 00:00:00-04:00,235.1958977580137,237.16748762572186,233.29163741499903,236.81163024902344,33641600,0.0,0.0
2021-05-12 00:00:00-04:00,232.90692968884187,235.03240304314005,228.96376461216937,229.85818481445312,36684400,0.0,0.0
2021-05-13 00:00:00-04:00,232.5510912295652,236.20574319486232,232.18562163049452,233.73403930664062,29624300,0.0,0.0
2021-05-14 00:00:00-04:00,236.18649870944293,239.64878890678136,236.0999447564151,238.65818786621094,23901100,0.0,0.0
2021-05-17 00:00:00-04:00,237.11941076417176,237.15787429824175,234.20531011006548,235.8018035888672,24970200,0.0,0.0
2021-05-18 00:00:00-04:00,236.85010365399245,236.9847480255134,233.60899717322914,233.78211975097656,20168000,0.0,0.0
2021-05-19 00:00:00-04:00,230.68777888477277,234.46654149415752,230.00336806420503,234.36050415039062,25739800,0.56,0.0
2021-05-20 00:00:00-04:00,235.17021628589384,239.01644862141393,235.07381336596254,237.5994110107422,21800700,0.0,0.0
2021-05-21 00:00:00-04:00,238.6501619597259,239.38277417759997,235.922123928677,236.3366241455078,21863100,0.0,0.0
2021-05-24 00:00:00-04:00,238.86224498919998,242.11083559355552,238.592334424491,241.74452209472656,21411500,0.0,0.0
2021-05-25 00:00:00-04:00,242.69882096650312,243.64350779809467,241.7830520689078,242.65061950683594,17704300,0.0,0.0
2021-05-26 00:00:00-04:00,242.37108923531312,243.82669406493432,241.71559637327553,242.42893981933594,17771600,0.0,0.0
2021-05-27 00:00:00-04:00,242.12051597553162,242.41934453541157,240.26969401938211,240.32752990722656,24426200,0.0,0.0
2021-05-28 00:00:00-04:00,241.9566218428521,242.9977118612827,240.56850181827792,240.68417358398438,18270200,0.0,0.0
2021-06-01 00:00:00-04:00,242.17830641523153,242.23614229222227,238.06216293981552,238.48629760742188,23213300,0.0,0.0
2021-06-02 00:00:00-04:00,239.19000511781942,240.2889309005884,236.98250443349707,238.38990783691406,19406700,0.0,0.0
2021-06-03 00:00:00-04:00,236.38484216295458,237.4644843931223,234.24482652171346,236.85719299316406,25307700,0.0,0.0
2021-06-04 00:00:00-04:00,238.83332101073105,242.5831655924148,238.59232839054823,241.754150390625,25281100,0.0,0.0
2021-06-07 00:00:00-04:00,240.97335057747247,244.935270070548,240.80947735136266,244.6653594970703,23079200,0.0,0.0
2021-06-08 00:00:00-04:00,245.96675800268207,246.78613895017997,243.41222691926356,243.47007751464844,22455000,0.0,0.0
2021-06-09 00:00:00-04:00,244.66533700434073,246.32336735128976,244.08696356106984,244.45326232910156,17937600,0.0,0.0
2021-06-10 00:00:00-04:00,245.12804601734126,248.1838306630145,244.53038902874928,247.9717559814453,24563600,0.0,0.0
2021-06-11 00:00:00-04:00,248.69473166667757,249.17671690075727,247.3644477137305,248.59835815429688,18999700,0.0,0.0
2021-06-14 00:00:00-04:00,248.60803028821368,250.58418781555505,247.54765666598786,250.52635192871094,19150500,0.0,0.0
2021-06-15 00:00:00-04:00,250.41060880971204,250.62268349864868,248.39591397383663,249.05140686035156,18038900,0.0,0.0
2021-06-16 00:00:00-04:00,250.0539758314548,251.19145411585617,245.25340620695536,248.1067657470703,27220000,0.0,0.0
2021-06-17 00:00:00-04:00,246.84391372215748,252.3192586743206,246.7860778501168,251.4998779296875,27565500,0.0,0.0
2021-06-18 00:00:00-04:00,250.27567635888798,252.84946123019992,249.42737757560815,250.08287048339844,37202200,0.0,0.0
2021-06-21 00:00:00-04:00,250.45884751555622,254.02552107281122,248.62730926528494,253.1676025390625,26696100,0.0,0.0
2021-06-22 00:00:00-04:00,253.25434630223117,256.2137429771152,252.94586866318434,255.94383239746094,24694100,0.0,0.0
2021-06-23 00:00:00-04:00,256.4065998694012,257.2163318623665,254.90280767988634,255.71253967285156,19518700,0.0,0.0
2021-06-24 00:00:00-04:00,256.570395632236,258.1995081549481,255.9052536238839,257.081298828125,21446900,0.0,0.0
2021-06-25 00:00:00-04:00,256.6378916177677,257.62113099402075,255.22085372425926,255.47146606445312,25611100,0.0,0.0
2021-06-28 00:00:00-04:00,256.599363310455,259.2117156736993,256.3294526908362,259.0382080078125,19590000,0.0,0.0
2021-06-29 00:00:00-04:00,259.1827378969011,261.86257465092103,258.3248194682553,261.62158203125,19937800,0.0,0.0
2021-06-30 00:00:00-04:00,260.93710085830685,261.5829444307477,259.88637685006825,261.1395263671875,21656500,0.0,0.0
2021-07-01 00:00:00-04:00,259.89610109622566,262.04576613920506,259.8864813944336,261.8144226074219,16725300,0.0,0.0
2021-07-02 00:00:00-04:00,262.990458422631,267.9838189235368,262.6819807793661,267.64642333984375,26458000,0.0,0.0
2021-07-06 00:00:00-04:00,268.0126701752568,269.30438688971185,264.4170502471266,267.656005859375,31565600,0.0,0.0
2021-07-07 00:00:00-04:00,269.33336558443307,270.5768958300537,267.16443184855945,269.8442687988281,23260000,0.0,0.0
2021-07-08 00:00:00-04:00,266.92339917919395,268.6874814939076,264.96654043436456,267.4246826171875,24618600,0.0,0.0
2021-07-09 00:00:00-04:00,265.7859183850825,268.03195646064023,265.40033611083743,267.9259338378906,23916700,0.0,0.0
2021-07-12 00:00:00-04:00,269.10207174859426,269.6900797715503,266.61501079818646,267.328369140625,18931700,0.0,0.0
2021-07-13 00:00:00-04:00,267.5211162985636,272.6590961854653,267.3958248289247,270.8564758300781,26120100,0.0,0.0
2021-07-14 00:00:00-04:00,272.1770600273276,273.43985895218515,270.4418955818897,272.331298828125,23113700,0.0,0.0
2021-07-15 00:00:00-04:00,271.83965452142417,272.33128884231087,269.74782579623917,270.90460205078125,22604200,0.0,0.0
2021-07-16 00:00:00-04:00,271.90721396983787,273.86407325337854,269.39123522354254,270.634765625,26186800,0.0,0.0
2021-07-19 00:00:00-04:00,268.88031761183106,270.2684376561935,264.56174806763556,267.0295104980469,32935600,0.0,0.0
2021-07-20 00:00:00-04:00,268.01272587997516,270.84680159797193,266.3065086285469,269.2562561035156,26259700,0.0,0.0
2021-07-21 00:00:00-04:00,268.8513652655665,271.37696325645936,267.29938688873733,271.26129150390625,24364300,0.0,0.0
2021-07-22 00:00:00-04:00,273.6134466091008,276.1005075496673,273.20859537936786,275.8305969238281,23384100,0.0,0.0
2021-07-23 00:00:00-04:00,277.01618768311425,279.5417855932777,276.1775380858662,279.23333740234375,22768100,0.0,0.0
2021-07-26 00:00:00-04:00,278.58749439112125,279.2526364370559,276.3125379693512,278.63568115234375,23176100,0.0,0.0
2021-07-27 00:00:00-04:00,279.00204668932804,279.14663641799837,272.7555350663486,276.2161865234375,33604100,0.0,0.0
2021-07-28 00:00:00-04:00,278.57784165912227,279.69605103462703,273.60375005831014,275.90765380859375,33566900,0.0,0.0
2021-07-29 00:00:00-04:00,275.92694001289874,278.2211947883845,275.7727011840036,276.1775817871094,18168300,0.0,0.0
2021-07-30 00:00:00-04:00,274.8955087129223,276.33181549192943,273.6808963441765,274.6448669433594,20944800,0.0,0.0
2021-08-02 00:00:00-04:00,276.04259896913004,276.4378304339473,273.51700077653703,274.55810546875,16267400,0.0,0.0
2021-08-03 00:00:00-04:00,275.13647530693925,276.8812595727831,273.7676242417904,276.77520751953125,17879000,0.0,0.0
2021-08-04 00:00:00-04:00,275.90763514474173,277.2282700106873,274.3941944133545,276.18719482421875,16191300,0.0,0.0
2021-08-05 00:00:00-04:00,276.5438781436811,279.194797175859,275.79198228582163,279.0887451171875,13900200,0.0,0.0
2021-08-06 00:00:00-04:00,278.11515991153345,279.06948136668063,277.2572119794153,279.0309143066406,16589300,0.0,0.0
2021-08-09 00:00:00-04:00,279.31047101835446,281.04560626695286,277.44036577008546,277.9416198730469,16117600,0.0,0.0
2021-08-10 00:00:00-04:00,278.3946460159266,278.8284444729027,274.9243760322883,276.11968994140625,18616600,0.0,0.0
2021-08-11 00:00:00-04:00,276.86203206954394,278.2598014303188,275.5606656677972,276.6114196777344,13955900,0.0,0.0
2021-08-12 00:00:00-04:00,276.3029273918286,279.5225860106618,276.0233676508192,279.36834716796875,14561300,0.0,0.0
2021-08-13 00:00:00-04:00,279.05019120849465,282.3469538476738,278.87665416060753,282.29876708984375,18249000,0.0,0.0
2021-08-16 00:00:00-04:00,282.62654619739277,284.19782300246135,279.5707464122041,283.9857482910156,22507600,0.0,0.0
2021-08-17 00:00:00-04:00,281.8553342308899,282.85784231873345,280.5925058757382,282.52044677734375,20075300,0.0,0.0
2021-08-18 00:00:00-04:00,282.0568729168721,284.7418398373569,280.3473599755678,280.7916564941406,21813000,0.56,0.0
2021-08-19 00:00:00-04:00,278.82137366846274,287.3012354570532,278.77309466681965,286.6251525878906,29850500,0.0,0.0
2021-08-20 00:00:00-04:00,289.47437850845176,295.3851678311773,287.8711203793521,293.95574951171875,40817600,0.0,0.0
2021-08-23 00:00:00-04:00,292.88373370980867,294.96023243975304,291.53159705828915,294.2358703613281,22830200,0.0,0.0
2021-08-24 00:00:00-04:00,294.59319058056553,295.2016593865255,291.67643682310614,292.2752380371094,18175800,0.0,0.0
2021-08-25 00:00:00-04:00,293.89779358408,294.177888473637,290.1504523062321,291.68609619140625,20006100,0.0,0.0
2021-08-26 00:00:00-04:00,290.7009195672093,292.09169682717686,288.73067634422387,288.8658752441406,17666100,0.0,0.0
2021-08-27 00:00:00-04:00,288.76927851853645,290.58501707619024,286.68311269534024,289.4743347167969,22605700,0.0,0.0
2021-08-30 00:00:00-04:00,290.82650002669567,293.82053542708803,290.76855342647343,293.2120666503906,16348100,0.0,0.0
2021-08-31 00:00:00-04:00,294.01372783579956,294.09098014921955,291.19353206893163,291.560546875,26285300,0.0,0.0
2021-09-01 00:00:00-04:00,292.51663322112495,294.7573330014589,291.183802671196,291.5121765136719,18983800,0.0,0.0
2021-09-02 00:00:00-04:00,291.8695625626756,292.98988301470405,289.9185956760492,290.8554382324219,16285600,0.0,0.0
2021-09-03 00:00:00-04:00,290.70099023013097,292.2559695405092,289.9959633122955,290.84588623046875,14747900,0.0,0.0
2021-09-07 00:00:00-04:00,290.72028392327735,290.7975362346447,288.0063433181321,289.91864013671875,17180400,0.0,0.0
2021-09-08 00:00:00-04:00,289.53227705522465,290.33389124954,287.30124477870487,289.94757080078125,15046800,0.0,0.0
2021-09-09 00:00:00-04:00,290.5368381162167,291.81172258178157,286.84741313603865,287.0888671875,19927000,0.0,0.0
2021-09-10 00:00:00-04:00,288.2187922077664,289.6675160495283,285.28270363564104,285.6014099121094,19633400,0.0,0.0
2021-09-13 00:00:00-04:00,287.3785010149175,288.3346787710662,284.02711875904106,286.837646484375,23652900,0.0,0.0
2021-09-14 00:00:00-04:00,289.31984389266626,291.0873037106312,287.90976075970315,289.5419921875,21853400,0.0,0.0
2021-09-15 00:00:00-04:00,292.89335389276897,294.88293238817874,291.50257656936515,294.4000244140625,28356300,0.0,0.0
2021-09-16 00:00:00-04:00,293.37629376819706,294.87329686099383,290.4788456084354,294.786376953125,19550800,0.0,0.0
2021-09-17 00:00:00-04:00,293.77228951678643,294.0909958539162,289.2908887656017,289.6192626953125,41372500,0.0,0.0
2021-09-20 00:00:00-04:00,286.20019850680364,288.5085125411991,279.62299491142915,284.2395935058594,38278700,0.0,0.0
2021-09-21 00:00:00-04:00,285.58209392497275,287.3688591603671,284.0174769480889,284.7225036621094,22364100,0.0,0.0
2021-09-22 00:00:00-04:00,286.5866462116794,289.9573352540733,284.4425331092927,288.3733825683594,26626300,0.0,0.0
2021-09-23 00:00:00-04:00,288.6341031456623,290.6140140574866,287.3592190151945,289.31982421875,18604600,0.0,0.0
2021-09-24 00:00:00-04:00,288.035295269375,289.55160387819416,286.77971687639047,289.11700439453125,14999000,0.0,0.0
2021-09-27 00:00:00-04:00,286.01673319852733,286.3354394750528,282.9261105458033,284.11407470703125,23571700,0.0,0.0
2021-09-28 00:00:00-04:00,279.89347912445993,280.83998946296117,273.0844877708486,273.8281555175781,43186200,0.0,0.0
2021-09-29 00:00:00-04:00,275.35409028586133,276.9669861651131,273.33553880217,274.29168701171875,26353700,0.0,0.0
2021-09-30 00:00:00-04:00,275.9432580263495,277.99078305918914,271.9930744536801,272.2828369140625,32343600,0.0,0.0
2021-10-01 00:00:00-04:00,272.4760010388448,280.06733000946844,271.6743867398195,279.2174072265625,30086300,0.0,0.0
2021-10-04 00:00:00-04:00,277.57548742469766,277.91352888902685,270.6699095435266,273.43212890625,31350700,0.0,0.0
2021-10-05 00:00:00-04:00,274.33999347653463,280.47293031117425,274.33999347653463,278.8890075683594,24993000,0.0,0.0
2021-10-06 00:00:00-04:00,276.01088350495075,283.5925446758009,275.7501238068665,283.0903015136719,28002600,0.0,0.0
2021-10-07 00:00:00-04:00,285.0895192542269,286.4996316351916,283.8726113098916,284.77081298828125,20430500,0.0,0.0
2021-10-08 00:00:00-04:00,286.0939760041724,286.4996316351916,283.71807723494913,284.77081298828125,17685700,0.0,0.0
2021-10-11 00:00:00-04:00,282.90684147752927,287.78420058758314,282.74263978544866,284.17205810546875,19298600,0.0,0.0
2021-10-12 00:00:00-04:00,285.2440013637285,285.34058882726646,282.3562218923837,282.86810302734375,17974100,0.0,0.0
2021-10-13 00:00:00-04:00,284.82880220556603,287.11778142661336,283.4573305066921,286.1809387207031,23416300,0.0,0.0
2021-10-14 00:00:00-04:00,288.98170005618715,292.9029093413474,287.64886970790354,292.40069580078125,27262900,0.0,0.0
2021-10-15 00:00:00-04:00,292.0047810007027,294.0426679135802,290.2469889567608,293.81085205078125,25384800,0.0,0.0
2021-10-18 00:00:00-04:00,293.192747080356,297.6741176404027,292.3428243514602,296.78558349609375,22729300,0.0,0.0
2021-10-19 00:00:00-04:00,297.8094357103382,298.7269434297193,296.71805867178114,297.69354248046875,17682100,0.0,0.0
2021-10-20 00:00:00-04:00,298.63997690086853,299.11324681480494,295.6459412075524,296.9015197753906,16537100,0.0,0.0
2021-10-21 00:00:00-04:00,296.66968729600904,300.38805498571867,295.8873492891924,300.136962890625,16918100,0.0,0.0
2021-10-22 00:00:00-04:00,299.789277199686,300.4556925902874,297.27814973250037,298.5916748046875,17449300,0.0,0.0
2021-10-25 00:00:00-04:00,298.78473622678376,298.8233771083047,295.98387654082376,297.5968017578125,17554500,0.0,0.0
2021-10-26 00:00:00-04:00,300.36877617922386,301.7209126851576,298.0508236727138,299.5091857910156,28107300,0.0,0.0
2021-10-27 00:00:00-04:00,305.1978286314873,314.95257525160673,305.1978286314873,312.12274169921875,52588700,0.0,0.0
2021-10-28 00:00:00-04:00,313.2430854710019,313.7646343557651,310.3746108163514,313.2624206542969,26297900,0.0,0.0
2021-10-29 00:00:00-04:00,313.04989278774104,320.65085872906553,312.8277445338759,320.2838439941406,34766000,0.0,0.0
2021-11-01 00:00:00-04:00,320.0326816171505,320.15824237617113,315.2132706244318,318.1107177734375,27073200,0.0,0.0
2021-11-02 00:00:00-04:00,319.01870120060556,322.05137778411626,318.719300579223,321.7423095703125,26487100,0.0,0.0
2021-11-03 00:00:00-04:00,322.48590153526277,323.45171737063305,319.3470000703094,322.5824890136719,21500100,0.0,0.0
2021-11-04 00:00:00-04:00,321.5105128276318,325.03573544722815,318.2460499257313,324.93914794921875,23992200,0.0,0.0
2021-11-05 00:00:00-04:00,326.9383432170597,327.20877048468907,322.98815980180524,324.57208251953125,22570100,0.0,0.0
2021-11-08 00:00:00-05:00,325.76967643631485,326.10771788078415,323.0074572358713,325.47027587890625,20897000,0.0,0.0
2021-11-09 00:00:00-05:00,325.5861712932559,327.141150158709,323.09437933646785,324.4658508300781,21307400,0.0,0.0
2021-11-10 00:00:00-05:00,323.1330579322974,323.19100453286666,318.6420195419929,319.4919128417969,25500900,0.0,0.0
2021-11-11 00:00:00-05:00,319.92656727683465,322.36041311749693,319.2118728300362,321.06622314453125,16849800,0.0,0.0
2021-11-12 00:00:00-05:00,322.5053214666148,325.70217036384037,322.379760659123,325.2095947265625,23831000,0.0,0.0
2021-11-15 00:00:00-05:00,326.0015377948578,326.3299116948135,322.61151423527605,324.581787109375,16723000,0.0,0.0
2021-11-16 00:00:00-05:00,324.20517381859344,329.0246166824638,324.0410015708103,327.9042663574219,20886800,0.0,0.0
2021-11-17 00:00:00-05:00,327.95249014605207,331.09713399244765,327.04296002513973,328.12664794921875,19053400,0.62,0.0
2021-11-18 00:00:00-05:00,327.21714291810787,331.34874035580634,326.1915075164425,330.20697021484375,22463500,0.0,0.0
2021-11-19 00:00:00-05:00,331.5326605674157,333.9129065317172,331.10692167581175,331.9873962402344,21963400,0.0,0.0
2021-11-22 00:00:00-05:00,333.44838968512596,338.33470068678344,328.5427376570779,328.81365966796875,31031100,0.0,0.0
2021-11-23 00:00:00-05:00,326.12384692450337,328.44606980827206,322.7469916146541,326.7334289550781,30427600,0.0,0.0
2021-11-24 00:00:00-05:00,325.37873743709275,327.1977977956203,323.08557096343446,326.9559020996094,21661300,0.0,0.0
2021-11-26 00:00:00-05:00,323.51130024237216,326.97523351499575,317.4832490447679,318.99267578125,24217200,0.0,0.0
2021-11-29 00:00:00-05:00,324.08218990951724,328.0396000732596,323.8886615355074,325.7174072265625,28563500,0.0,0.0
2021-11-30 00:00:00-05:00,324.44987681081915,326.8301222692539,318.32506105228794,319.8731994628906,42885600,0.0,0.0
2021-12-01 00:00:00-05:00,324.2660412742455,328.2815041469173,318.7121252323069,319.3797302246094,33337600,0.0,0.0
2021-12-02 00:00:00-05:00,319.59263875837576,322.6792307522383,317.17368136684007,318.80889892578125,30766000,0.0,0.0
2021-12-03 00:00:00-05:00,321.2278467405146,321.9148518795967,307.7203973367994,312.5389709472656,41779300,0.0,0.0
2021-12-06 00:00:00-05:00,313.4484686429607,316.83500853773074,308.8814765180251,315.6158447265625,30032600,0.0,0.0
2021-12-07 00:00:00-05:00,320.88919559415706,324.91431432856854,319.3991097138028,324.0628662109375,31021900,0.0,0.0
2021-12-08 00:00:00-05:00,324.44021120612,324.6240543144924,320.0764029941524,324.1112365722656,24761000,0.0,0.0
2021-12-09 00:00:00-05:00,323.5694724340185,325.5820323170591,321.3536988368313,322.30194091796875,22214200,0.0,0.0
2021-12-10 00:00:00-05:00,324.1209277504692,331.8809319131235,323.93708463875004,331.43585205078125,38095700,0.0,0.0
2021-12-13 00:00:00-05:00,329.63611839279116,332.64531641229195,328.0879799264692,328.3976135253906,28899400,0.0,0.0
2021-12-14 00:00:00-05:00,322.4179762857992,323.79195700121716,313.6032806801942,317.6961669921875,44438700,0.0,0.0
2021-12-15 00:00:00-05:00,317.9574263221584,324.3241388150982,313.9806744799815,323.8016357421875,35381100,0.0,0.0
2021-12-16 00:00:00-05:00,324.82730754994316,325.8432875010157,312.5486759013055,314.36773681640625,35034800,0.0,0.0
2021-12-17 00:00:00-05:00,310.47798883012587,314.3870318019432,306.9656583691775,313.3033142089844,47750300,0.0,0.0
2021-12-20 00:00:00-05:00,309.6748749533144,312.33572775319794,307.2752884173399,309.5394287109375,28326500,0.0,0.0
2021-12-21 00:00:00-05:00,312.8098748126121,317.10594512457476,309.4329905116543,316.6802062988281,24740600,0.0,0.0
2021-12-22 00:00:00-05:00,317.6574710399496,322.7953341481106,315.19014632592007,322.3986511230469,24831500,0.0,0.0
2021-12-23 00:00:00-05:00,321.9632187915845,325.48523481760844,321.9438777632381,323.84033203125,19617800,0.0,0.0
2021-12-27 00:00:00-05:00,324.5854204458875,331.37787274759296,324.5563941338415,331.3488464355469,19947000,0.0,0.0
2021-12-28 00:00:00-05:00,332.02608481270596,332.664693105843,329.2878380448936,330.18768310546875,15661500,0.0,0.0
2021-12-29 00:00:00-05:00,330.2360986349134,333.13884792099213,328.66861874495766,330.86505126953125,15042000,0.0,0.0
2021-12-30 00:00:00-05:00,330.82625699451927,332.0067092569597,327.8364295204996,328.3202209472656,15994500,0.0,0.0
2021-12-31 00:00:00-05:00,327.536520049174,328.35894194960014,324.96274581009436,325.4175109863281,18000800,0.0,0.0
2022-01-03 00:00:00-05:00,324.4789321117376,327.0430208965413,319.08948826047026,323.89837646484375,28865100,0.0,0.0
2022-01-04 00:00:00-05:00,323.975761808593,324.33379227694843,315.5481232153685,318.3444519042969,32674300,0.0,0.0
2022-01-05 00:00:00-05:00,315.2965689226274,315.4997826044344,305.73687408915134,306.1239013671875,40054300,0.0,0.0
2022-01-06 00:00:00-05:00,302.9985793895527,308.3686822043641,301.392388231309,303.7049255371094,39646100,0.0,0.0
2022-01-07 00:00:00-05:00,303.9661916842853,306.24001762602904,300.0378070905874,303.8597717285156,32720000,0.0,0.0
2022-01-10 00:00:00-05:00,299.4572902943234,304.5177606410035,294.81290313065546,304.08233642578125,44289500,0.0,0.0
2022-01-11 00:00:00-05:00,303.221148489365,306.3464225083594,299.84429345523614,304.769287109375,29386800,0.0,0.0
2022-01-12 00:00:00-05:00,309.30721526386515,312.92596558737677,306.80114975733375,307.95257568359375,34372200,0.0,0.0
2022-01-13 00:00:00-05:00,310.0812872347779,310.477999759612,294.14519599434743,294.91925048828125,45366000,0.0,0.0
2022-01-14 00:00:00-05:00,294.3871558975955,300.7441839022073,293.90336435133815,300.144287109375,39846400,0.0,0.0
2022-01-18 00:00:00-05:00,294.21300077202613,299.7572330457423,291.95851560959414,292.8390197753906,42333200,0.0,0.0
2022-01-19 00:00:00-05:00,296.36098446324274,303.73396167938847,292.8873652813076,293.4969177246094,45933900,0.0,0.0
2022-01-20 00:00:00-05:00,299.0508119575389,301.54716249622516,291.3778877257741,291.8229675292969,35380700,0.0,0.0
2022-01-21 00:00:00-05:00,292.87766885666707,294.25162003175876,286.02716542406625,286.4335632324219,57984400,0.0,0.0
2022-01-24 00:00:00-05:00,282.72770843175715,287.4785140362115,267.1012224531404,286.76251220703125,85731500,0.0,0.0
2022-01-25 00:00:00-05:00,282.06977569492784,285.4272897689935,275.92564748178614,279.13800048828125,72848600,0.0,0.0
2022-01-26 00:00:00-05:00,298.00582478261947,298.49930147235415,283.5307939904859,287.09149169921875,90428900,0.0,0.0
2022-01-27 00:00:00-05:00,292.8486162403718,297.33818511520883,288.2719389279167,290.1200256347656,53481300,0.0,0.0
2022-01-28 00:00:00-05:00,290.497490140265,298.4800508635709,284.90486089949263,298.2671813964844,49743700,0.0,0.0
2022-01-31 00:00:00-05:00,298.9347640922584,302.2535665226197,296.4383835464321,300.8989562988281,46444500,0.0,0.0
2022-02-01 00:00:00-05:00,300.3474521401161,300.56032158802805,295.2386149185201,298.7509460449219,40950400,0.0,0.0
2022-02-02 00:00:00-05:00,299.59272363577713,304.90474476135483,298.8670363988058,303.2985534667969,36636000,0.0,0.0
2022-02-03 00:00:00-05:00,299.4572493683748,301.1408638459518,290.2361846781371,291.484375,43730000,0.0,0.0
2022-02-04 00:00:00-05:00,290.47807776902533,298.78961201270425,290.24586730318873,296.0223388671875,35096500,0.0,0.0
2022-02-07 00:00:00-05:00,296.24490687098387,297.8607539820601,290.17814242426635,291.1941223144531,28533300,0.0,0.0
2022-02-08 00:00:00-05:00,291.48431505090974,295.6545945073007,290.2264692371071,294.68701171875,32421200,0.0,0.0
2022-02-09 00:00:00-05:00,299.82490244451157,301.81812081600225,297.4253157990667,301.1214599609375,31284700,0.0,0.0
2022-02-10 00:00:00-05:00,294.18391946316234,299.0992277076315,290.95219605157683,292.5777282714844,45386200,0.0,0.0
2022-02-11 00:00:00-05:00,293.36153522818614,294.4258825902008,284.6823132620439,285.4757385253906,39175600,0.0,0.0
2022-02-14 00:00:00-05:00,284.24684349682684,287.13993670756025,281.9053092038322,285.4369812011719,36359500,0.0,0.0
2022-02-15 00:00:00-05:00,290.28459536542493,291.04896470161543,287.39150201566304,290.72967529296875,27058300,0.0,0.0
2022-02-16 00:00:00-05:00,289.29465510017036,291.7186141094078,284.74730563169356,290.3902893066406,29982100,0.62,0.0
2022-02-17 00:00:00-05:00,287.34578532918516,287.772404486028,281.17924775374655,281.8870544433594,32461600,0.0,0.0
2022-02-18 00:00:00-05:00,284.13644314148104,284.9218034378094,277.6014595831245,279.17218017578125,34264000,0.0,0.0
2022-02-22 00:00:00-05:00,276.331359038796,282.6724448259665,275.8465671808332,278.9686279296875,41736100,0.0,0.0
2022-02-23 00:00:00-05:00,281.35375501257334,282.8275409854315,271.5803655847503,271.74517822265625,37811200,0.0,0.0
2022-02-24 00:00:00-05:00,264.2212168610139,286.1822778670693,263.2613090468984,285.6296081542969,56989700,0.0,0.0
2022-02-25 00:00:00-05:00,286.16295712554097,288.5772111518248,282.7790897770282,288.2669372558594,32546700,0.0,0.0
2022-02-28 00:00:00-05:00,285.35821905427304,290.0413255956508,284.08806658447344,289.70196533203125,34627500,0.0,0.0
2022-03-01 00:00:00-05:00,287.3845772168943,290.84599781965625,283.26384685818056,285.97869873046875,31217800,0.0,0.0
2022-03-02 00:00:00-05:00,286.37622044505133,292.3003920940344,284.7667375809277,291.059326171875,31873000,0.0,0.0
2022-03-03 00:00:00-05:00,293.6771882703284,293.90987886372875,285.10604328173724,286.919189453125,27314500,0.0,0.0
2022-03-04 00:00:00-05:00,285.33873439242245,286.6670590433166,278.43530465770755,281.04345703125,32356500,0.0,0.0
2022-03-07 00:00:00-05:00,279.75399609499914,280.8787167872422,270.05815866809127,270.4266052246094,43157200,0.0,0.0
2022-03-08 00:00:00-05:00,269.3502646589374,275.32290213049015,261.78752575076174,267.4595947265625,48159500,0.0,0.0
2022-03-09 00:00:00-05:00,274.8187631313371,280.79140133597923,272.2396673436956,279.724853515625,35204500,0.0,0.0
2022-03-10 00:00:00-05:00,274.41157459600157,277.8827008939295,272.0457879450381,276.9034118652344,30628000,0.0,0.0
2022-03-11 00:00:00-05:00,279.2012996634574,280.7041720750728,270.93075230973267,271.5513000488281,27209300,0.0,0.0
2022-03-14 00:00:00-04:00,271.81307809759875,276.7191690212427,267.43057063229696,268.0317077636719,30660700,0.0,0.0
2022-03-15 00:00:00-04:00,271.82276744576046,279.065558101827,270.2520467522859,278.4159240722656,34245100,0.0,0.0
2022-03-16 00:00:00-04:00,280.3162702005297,285.6102173906511,274.58605778034723,285.4356994628906,37826300,0.0,0.0
2022-03-17 00:00:00-04:00,284.3691285875564,286.6185396265509,280.5683485745352,286.24041748046875,30816600,0.0,0.0
2022-03-18 00:00:00-04:00,286.38593157017544,291.8446925132739,283.826245999044,291.2920227050781,43390600,0.0,0.0
2022-03-21 00:00:00-04:00,289.79886150329435,291.0108410246082,285.93020275050657,290.0606384277344,28351200,0.0,0.0
2022-03-22 00:00:00-04:00,290.6811188141461,295.72296480391606,289.6824490018245,294.8115539550781,27599700,0.0,0.0
2022-03-23 00:00:00-04:00,291.36957893217993,294.0068475242957,288.66443238619604,290.3805847167969,25715400,0.0,0.0
2022-03-24 00:00:00-04:00,290.0412160274347,294.947306062615,289.2461504734421,294.850341796875,24484500,0.0,0.0
2022-03-25 00:00:00-04:00,295.946018112128,296.20779503659236,290.18668905916263,294.4431457519531,22566500,0.0,0.0
2022-03-28 00:00:00-04:00,295.07342123843944,301.3466295315579,295.07342123843944,301.24969482421875,29578200,0.0,0.0
2022-03-29 00:00:00-04:00,304.3620002900689,306.21390857071964,299.64980847038635,305.8163757324219,30393400,0.0,0.0
2022-03-30 00:00:00-04:00,304.21657238754335,306.3399629265181,302.10285756421536,304.3135070800781,28163600,0.0,0.0
2022-03-31 00:00:00-04:00,304.3522806882295,305.55458445151703,298.5251034770213,298.93231201171875,33422100,0.0,0.0
2022-04-01 00:00:00-04:00,299.9600479924089,300.6969409340958,296.2465561407123,300.008544921875,27110500,0.0,0.0
2022-04-04 00:00:00-04:00,300.6581674070127,305.52546630436024,300.28972091399,305.3897399902344,24289600,0.0,0.0
2022-04-05 00:00:00-04:00,303.7414225568673,305.29276212664746,300.44484446442266,301.42413330078125,23156700,0.0,0.0
2022-04-06 00:00:00-04:00,295.90722237881243,297.66216633435283,287.68514276731554,290.3902893066406,40110400,0.0,0.0
2022-04-07 00:00:00-04:00,287.63666926754246,294.41404904374673,287.33610072397653,292.2033996582031,31411200,0.0,0.0
2022-04-08 00:00:00-04:00,291.3017431608268,291.96105300699253,287.2682712247313,287.9372863769531,24361900,0.0,0.0
2022-04-11 00:00:00-04:00,282.91478374664115,283.7098197455941,276.33130335708324,276.5834045410156,34569300,0.0,0.0
2022-04-12 00:00:00-04:00,280.44231514730166,281.8966903613932,271.95845973176773,273.480712890625,30966700,0.0,0.0
2022-04-13 00:00:00-04:00,274.1303944317771,279.80243508000837,272.7438673323913,278.87164306640625,21907200,0.0,0.0
2022-04-14 00:00:00-04:00,279.3273746344273,279.54068423967755,270.8241359315861,271.318603515625,28221600,0.0,0.0
2022-04-18 00:00:00-04:00,270.4265639610484,273.8685738866559,269.8738942106014,271.9875793457031,20778000,0.0,0.0
2022-04-19 00:00:00-04:00,270.8822739757197,277.4657549794319,269.94177668947515,276.6221923828125,22297700,0.0,0.0
2022-04-20 00:00:00-04:00,280.59750599779863,280.88839885014346,276.6900850216622,277.64996337890625,22906700,0.0,0.0
2022-04-21 00:00:00-04:00,279.80245359132033,284.3788898792056,271.5416110467196,272.268798828125,29454600,0.0,0.0
2022-04-22 00:00:00-04:00,273.1123163539271,274.5861024440905,265.064783867457,265.69500732421875,29405800,0.0,0.0
2022-04-25 00:00:00-04:00,264.97754897503074,272.5596713449549,262.5341790094944,272.1815490722656,35678900,0.0,0.0
2022-04-26 00:00:00-04:00,269.0594525267125,269.89328023075717,261.7875754313959,262.0008850097656,46518400,0.0,0.0
2022-04-27 00:00:00-04:00,273.5196006446066,282.1198043655611,270.66902185598894,274.60552978515625,63477700,0.0,0.0
2022-04-28 00:00:00-04:00,276.5156022641407,282.12950066944165,272.89904409061813,280.820556640625,33646600,0.0,0.0
2022-04-29 00:00:00-04:00,279.83153709016864,281.0629273247488,268.0898927013259,269.078857421875,37073900,0.0,0.0
2022-05-02 00:00:00-04:00,269.26307913115687,276.27317988457435,267.81840889699976,275.8174743652344,35151100,0.0,0.0
2022-05-03 00:00:00-04:00,275.3229441287677,275.4877863561019,271.62883306903626,273.2092590332031,25978600,0.0,0.0
2022-05-04 00:00:00-04:00,273.99461437075183,282.0324703593983,268.31286891823476,281.15985107421875,33599300,0.0,0.0
2022-05-05 00:00:00-04:00,276.8549558835807,277.6403163642119,265.99560590571105,268.9140625,43260400,0.0,0.0
2022-05-06 00:00:00-04:00,266.4512414054531,270.7561945471367,263.018907502902,266.3736877441406,37780300,0.0,0.0
2022-05-09 00:00:00-04:00,261.84573831970226,264.0757687100623,255.31075448225116,256.53240966796875,47726000,0.0,0.0
2022-05-10 00:00:00-04:00,263.42615521933493,265.42349495118094,257.00751689764115,261.3027648925781,39336400,0.0,0.0
2022-05-11 00:00:00-04:00,257.5989842571217,263.1062124421762,251.41303566228873,252.62501525878906,48975900,0.0,0.0
2022-05-12 00:00:00-04:00,249.85198231075879,251.97537260943818,242.41527840810497,247.58316040039062,51033800,0.0,0.0
2022-05-13 00:00:00-04:00,249.52241385206676,255.03934841717708,247.58324611991836,253.177734375,34925100,0.0,0.0
2022-05-16 00:00:00-04:00,252.0529298587127,257.7347048140357,248.00007774550323,253.5460968017578,32550900,0.0,0.0
2022-05-17 00:00:00-04:00,258.0158894934678,260.16836636831925,254.4769151081099,258.7043151855469,28828800,0.0,0.0
2022-05-18 00:00:00-04:00,255.59442633817832,256.17753742497484,245.6524875951275,246.92559814453125,31356000,0.62,0.0
2022-05-19 00:00:00-04:00,246.75064893827593,250.4145118299985,244.7875390054142,246.01205444335938,32692300,0.0,0.0
2022-05-20 00:00:00-04:00,249.99659233543315,251.260004557282,239.5007120368587,245.44837951660156,39199300,0.0,0.0
2022-05-23 00:00:00-04:00,248.2958696586072,254.136633604883,246.29386307125506,253.31056213378906,33175400,0.0,0.0
2022-05-24 00:00:00-04:00,250.6282877764163,253.97139617261885,246.36188817908726,252.30955505371094,29043900,0.0,0.0
2022-05-25 00:00:00-04:00,250.87124198612855,257.12987553074527,249.88967233422647,255.1278839111328,28547900,0.0,0.0
2022-05-26 00:00:00-04:00,254.88489926862619,259.58860930301927,254.06855584033516,258.4126892089844,25002100,0.0,0.0
2022-05-27 00:00:00-04:00,260.9200741156522,265.6432106108874,260.0259666889206,265.5460205078125,26910800,0.0,0.0
2022-05-31 00:00:00-04:00,264.8560186937053,267.03293462239833,261.35738262383785,264.214599609375,37827700,0.0,0.0
2022-06-01 00:00:00-04:00,267.4508952453175,269.8707720178327,262.4361876229135,264.7491760253906,25292200,0.0,0.0
2022-06-02 00:00:00-04:00,257.00359440575477,266.9163636856067,254.23383914437693,266.84832763671875,44008200,0.0,0.0
2022-06-03 00:00:00-04:00,262.69852941102215,265.7501266065524,260.85203609962264,262.41668701171875,28059000,0.0,0.0
2022-06-06 00:00:00-04:00,264.3992274556465,266.4595269345267,259.69551759712226,261.18243408203125,22400300,0.0,0.0
2022-06-07 00:00:00-04:00,259.13189542683165,265.4391388199608,258.45159434648144,264.8268737792969,22860700,0.0,0.0
2022-06-08 00:00:00-04:00,264.0591589961378,265.3128433735348,262.01828503853517,262.7957763671875,17372300,0.0,0.0
2022-06-09 00:00:00-04:00,260.23984343092275,265.03101725984766,257.17854713483496,257.33404541015625,26439700,0.0,0.0
2022-06-10 00:00:00-04:00,253.24254885268172,253.24254885268172,245.41923343333343,245.8662872314453,31422800,0.0,0.0
2022-06-13 00:00:00-04:00,238.20815546124874,242.00806063802048,234.72895987314584,235.4384002685547,46135800,0.0,0.0
2022-06-14 00:00:00-04:00,236.99335622167607,238.82042366109098,234.70952192240742,237.60562133789062,28651500,0.0,0.0
2022-06-15 00:00:00-04:00,241.31804702603347,248.11122688546928,239.4812665255515,244.6708984375,33111700,0.0,0.0
2022-06-16 00:00:00-04:00,239.05366802425112,240.453122742363,236.17702428513732,238.07211303710938,33169200,0.0,0.0
2022-06-17 00:00:00-04:00,237.80970516091955,243.44639103289649,237.1585728805667,240.6766357421875,43084800,0.0,0.0
2022-06-21 00:00:00-04:00,243.2131485780948,247.57672404798697,242.48426715302713,246.5951690673828,29928300,0.0,0.0
2022-06-22 00:00:00-04:00,244.7972301666433,249.9285685083653,243.32002647994867,246.0023193359375,25939900,0.0,0.0
2022-06-23 00:00:00-04:00,248.37363027538592,252.0666174651717,246.48825470193722,251.5709686279297,25861400,0.0,0.0
2022-06-24 00:00:00-04:00,254.43794588858944,260.4342239425106,254.35048366956067,260.162109375,33923200,0.0,0.0
2022-06-27 00:00:00-04:00,260.6577368247863,260.7451990465694,255.8665628403259,257.4312438964844,24615100,0.0,0.0
2022-06-28 00:00:00-04:00,256.5467934023675,259.394282584808,249.1024821091676,249.2579803466797,27295500,0.0,0.0
2022-06-29 00:00:00-04:00,250.33673359363198,254.59340555712373,248.558261264079,252.9315643310547,20069800,0.0,0.0
2022-06-30 00:00:00-04:00,249.8119509376396,252.2221295498261,245.7788129454486,249.59814453125,31730900,0.0,0.0
2022-07-01 00:00:00-04:00,249.17054274453085,252.4553432396003,247.4406506324261,252.27069091796875,22837700,0.0,0.0
2022-07-05 00:00:00-04:00,248.94702936825868,255.57499836951445,247.56701562367115,255.4486541748047,22941000,0.0,0.0
2022-07-06 00:00:00-04:00,256.3232668081978,260.4438664218845,255.01127448719635,258.7139892578125,23824400,0.0,0.0
2022-07-07 00:00:00-04:00,257.65470611483187,261.4837653703721,257.5575159983353,260.84234619140625,20859900,0.0,0.0
2022-07-08 00:00:00-04:00,257.3339878404552,260.55078169221645,255.87622520098918,260.1231689453125,19658800,0.0,0.0
2022-07-11 00:00:00-04:00,258.16977390244966,259.02499945053415,254.79748159613314,257.0618896484375,19455200,0.0,0.0
2022-07-12 00:00:00-04:00,258.3933261127936,258.45163425345476,244.9430231030509,246.52713012695312,35868500,0.0,0.0
2022-07-13 00:00:00-04:00,243.14509284643532,246.41048176044416,241.12366020165572,245.60385131835938,29497400,0.0,0.0
2022-07-14 00:00:00-04:00,243.5144383254252,247.95574821262494,239.01480546624109,246.92559814453125,25102800,0.0,0.0
2022-07-15 00:00:00-04:00,248.51939960298733,253.0384582835576,247.59615280932707,249.49124145507812,29774100,0.0,0.0
2022-07-18 00:00:00-04:00,252.43595113538595,253.49525532129357,246.16757340891874,247.0908203125,20975000,0.0,0.0
2022-07-19 00:00:00-04:00,250.32704894938806,252.4068050623558,246.53687108650638,252.22215270996094,25012600,0.0,0.0
2022-07-20 00:00:00-04:00,252.58170343561682,257.411758856481,251.61958944694678,254.8849639892578,22788300,0.0,0.0
2022-07-21 00:00:00-04:00,252.47480926653154,257.4312087657086,249.7925161981688,257.3825988769531,22404700,0.0,0.0
2022-07-22 00:00:00-04:00,257.77135640899604,257.85881862790734,251.7751080213908,253.0287628173828,21881300,0.0,0.0
2022-07-25 00:00:00-04:00,253.65071891343598,254.13663983089467,249.5786992524714,251.54180908203125,21056000,0.0,0.0
2022-07-26 00:00:00-04:00,252.54282977946914,252.56228559936346,242.54259767032684,244.80697631835938,39348000,0.0,0.0
2022-07-27 00:00:00-04:00,253.80621209782652,262.4458704154243,251.56125987665692,261.1727600097656,45994000,0.0,0.0
2022-07-28 00:00:00-04:00,262.1542709041433,270.01646586828383,260.3272039556727,268.6267395019531,33459300,0.0,0.0
2022-07-29 00:00:00-04:00,269.88049153738285,274.05939959701226,268.84061364788005,272.8348693847656,32152800,0.0,0.0
2022-08-01 00:00:00-04:00,269.9971103708195,273.3596748735574,268.0728528273835,270.1817626953125,21539600,0.0,0.0
2022-08-02 00:00:00-04:00,268.22833970476506,270.0651349626204,264.71027709598764,267.0815734863281,22754200,0.0,0.0
2022-08-03 00:00:00-04:00,268.96696554077175,275.5171702565812,268.8211655336045,274.51617431640625,23518900,0.0,0.0
2022-08-04 00:00:00-04:00,273.864989686515,275.8086731609637,272.2809125677745,275.66290283203125,18098700,0.0,0.0
2022-08-05 00:00:00-04:00,271.28962159231065,275.66290951585654,270.83285477841,274.9437561035156,16774600,0.0,0.0
2022-08-08 00:00:00-04:00,276.0516785842541,277.86904784198094,271.4548853993135,272.4267272949219,18739200,0.0,0.0
2022-08-09 00:00:00-04:00,271.765878834773,275.1089876320651,269.7930113371827,274.3509521484375,23405200,0.0,0.0
2022-08-10 00:00:00-04:00,280.05564739805516,281.64945243011664,278.8602713803168,281.01776123046875,24687800,0.0,0.0
2022-08-11 00:00:00-04:00,282.6602203734145,283.0100692187593,278.44243011883435,278.93804931640625,20065900,0.0,0.0
2022-08-12 00:00:00-04:00,280.3569279405796,283.6903381347656,278.8602832920289,283.6903381347656,22619700,0.0,0.0
2022-08-15 00:00:00-04:00,282.8060309314532,285.89648147107107,281.9410772881699,285.20648193359375,18085700,0.0,0.0
2022-08-16 00:00:00-04:00,283.76804623274165,285.7603394968302,282.24227731616503,284.4677734375,18102900,0.0,0.0
2022-08-17 00:00:00-04:00,282.1791399463547,285.69495138930665,281.91619637542664,283.7179260253906,18253400,0.62,0.0
2022-08-18 00:00:00-04:00,282.61739830194875,284.2925155216381,281.53634866422476,282.5979309082031,17186200,0.0,0.0
2022-08-19 00:00:00-04:00,281.3610379905131,281.7019105508063,278.10820013531355,278.68280029296875,20570000,0.0,0.0
2022-08-22 00:00:00-04:00,274.7190391735939,275.0891277344879,269.985876348386,270.5020446777344,25061100,0.0,0.0
2022-08-23 00:00:00-04:00,269.2261962890625,271.5830288322253,268.21332715946977,269.2261962890625,17527400,0.0,0.0
2022-08-24 00:00:00-04:00,268.22305117026946,269.995564554544,267.9308619774594,268.5931396484375,18137000,0.0,0.0
2022-08-25 00:00:00-04:00,270.0930099138864,271.7389114328781,267.35633975487536,271.5733642578125,16583400,0.0,0.0
2022-08-26 00:00:00-04:00,271.79731971202773,273.02444918596143,260.98700095652805,261.0941162109375,27549300,0.0,0.0
2022-08-29 00:00:00-04:00,258.91256247792984,260.4221028280278,256.9647531378231,258.3087463378906,20338500,0.0,0.0
2022-08-30 00:00:00-04:00,259.71112453246474,260.0811832744285,253.85794901183368,256.107666015625,22767100,0.0,0.0
2022-08-31 00:00:00-04:00,258.4646318498981,260.13971972072363,254.5105506709279,254.64691162109375,24791800,0.0,0.0
2022-09-01 00:00:00-04:00,252.11470907784698,254.08201562576158,248.7450070823957,253.6047821044922,23263400,0.0,0.0
2022-09-02 00:00:00-04:00,254.87088889880724,257.8315379852467,247.8295467479486,249.3780517578125,22855400,0.0,0.0
2022-09-06 00:00:00-04:00,249.5144035204149,251.10184326326072,245.36555986305348,246.64137268066406,21328200,0.0,0.0
2022-09-07 00:00:00-04:00,248.05352047263693,252.07573671931658,246.61214569878825,251.3550567626953,24126700,0.0,0.0
2022-09-08 00:00:00-04:00,250.79019548540293,253.63398041445726,248.1411587926692,251.77381896972656,20319900,0.0,0.0
2022-09-09 00:00:00-04:00,253.70218346204774,258.30876355813575,253.49767178964203,257.558837890625,22084700,0.0,0.0
2022-09-12 00:00:00-04:00,258.84432774315553,260.4707612784454,258.2405117297252,259.6916198730469,18747700,0.0,0.0
2022-09-13 00:00:00-04:00,252.08549941911832,253.60478843632785,245.0246900517637,245.4142608642578,33353300,0.0,0.0
2022-09-14 00:00:00-04:00,246.9140727462819,247.5958031065258,243.3398440584392,245.6382598876953,23913000,0.0,0.0
2022-09-15 00:00:00-04:00,243.25218674358922,244.83964133633745,237.65223458820603,238.97674560546875,31530900,0.0,0.0
2022-09-16 00:00:00-04:00,237.8859391510609,238.89880828639917,235.74335194099112,238.35342407226562,39791800,0.0,0.0
2022-09-19 00:00:00-04:00,236.14265272727343,238.74297626097857,234.5649320094446,238.13916015625,26826900,0.0,0.0
2022-09-20 00:00:00-04:00,235.75312576969003,237.1555361018201,233.38652954179466,236.12319946289062,26660300,0.0,0.0
2022-09-21 00:00:00-04:00,237.89571901145976,241.19725554129616,232.66584036427636,232.71453857421875,28625600,0.0,0.0
2022-09-22 00:00:00-04:00,231.66272958001582,237.4964246707398,231.37057002905777,234.6915740966797,31061200,0.0,0.0
2022-09-23 00:00:00-04:00,233.28911605979133,234.83763576552224,229.06237339573931,231.71139526367188,34176000,0.0,0.0
2022-09-26 00:00:00-04:00,230.86413664978284,235.1493118410879,230.71804201288802,231.25369262695312,27694200,0.0,0.0
2022-09-27 00:00:00-04:00,233.71766175746237,235.49017556599165,228.38066779678476,230.24082946777344,27018700,0.0,0.0
2022-09-28 00:00:00-04:00,230.63034693887,236.0063045149293,228.60462357889685,234.77919006347656,29029700,0.0,0.0
2022-09-29 00:00:00-04:00,232.65609511384054,233.68843172668625,228.29300618270508,231.3023681640625,27484200,0.0,0.0
2022-09-30 00:00:00-04:00,232.07173317953664,234.26301864836014,226.6568256876074,226.8223876953125,35694800,0.0,0.0
2022-10-03 00:00:00-04:00,229.26689591019425,235.30510173349654,228.5364674268769,234.4578094482422,28880400,0.0,0.0
2022-10-04 00:00:00-04:00,238.69429935915923,243.82678128918718,238.58716924773375,242.38540649414062,34888400,0.0,0.0
2022-10-05 00:00:00-04:00,239.57084125103117,244.04106060731377,237.73016181840845,242.6970672607422,20347100,0.0,0.0
2022-10-06 00:00:00-04:00,241.46018055206,243.8072944010288,239.65846580764227,240.3499298095703,20239900,0.0,0.0
2022-10-07 00:00:00-04:00,234.61361969677648,235.02267271918691,227.08534105905326,228.12742614746094,37769600,0.0,0.0
2022-10-10 00:00:00-04:00,226.96849528328906,228.43908604327487,220.81341039260693,223.2676544189453,29743600,0.0,0.0
2022-10-11 00:00:00-04:00,221.6801990277238,223.08262427444694,218.2617986342917,219.5278778076172,30474000,0.0,0.0
2022-10-12 00:00:00-04:00,219.51813616452623,221.91394851325393,218.1157257342309,219.8590087890625,21903900,0.0,0.0
2022-10-13 00:00:00-04:00,214.11293909981683,229.93888935580085,213.41172657654943,228.12742614746094,42551800,0.0,0.0
2022-10-14 00:00:00-04:00,229.39350803929838,231.04915792889818,222.38139712434594,222.5956573486328,30198600,0.0,0.0
2022-10-17 00:00:00-04:00,229.66621998295358,232.72428023302328,229.00395704070687,231.3315887451172,28142300,0.0,0.0
2022-10-18 00:00:00-04:00,236.89258935569006,237.56457112933387,229.22794910689007,232.27627563476562,26329600,0.0,0.0
2022-10-19 00:00:00-04:00,230.8543900542244,233.3573325536837,228.1761518217301,230.3090057373047,19985700,0.0,0.0
2022-10-20 00:00:00-04:00,229.61750568038707,235.01293095415457,228.7409825706679,229.98757934570312,21811000,0.0,0.0
2022-10-21 00:00:00-04:00,228.61439693552748,236.65884448891248,228.3806544553497,235.8018035888672,26299700,0.0,0.0
2022-10-24 00:00:00-04:00,237.3989952337496,241.37252804090215,235.00319808540834,240.7979278564453,24911200,0.0,0.0
2022-10-25 00:00:00-04:00,240.8076725980602,244.4890312031249,239.41499599959158,244.11895751953125,34775500,0.0,0.0
2022-10-26 00:00:00-04:00,225.13755100638363,232.0814963742718,224.05651617915876,225.2836456298828,82543200,0.0,0.0
2022-10-27 00:00:00-04:00,225.01093027224846,227.59178658537854,219.8881970156547,220.8328857421875,40424600,0.0,0.0
2022-10-28 00:00:00-04:00,220.33619766891604,230.4258506343881,220.1511534041053,229.7148895263672,40647700,0.0,0.0
2022-10-31 00:00:00-04:00,227.65997973649493,228.7897128662686,225.1180876248081,226.07252502441406,28357300,0.0,0.0
2022-11-01 00:00:00-04:00,228.47803488612004,229.58828558322924,221.3977439800207,222.2158203125,30592300,0.0,0.0
2022-11-02 00:00:00-04:00,223.47217862480318,225.26415970324368,214.2979832888999,214.35643005371094,38407000,0.0,0.0
2022-11-03 00:00:00-04:00,214.34665683470016,214.65831343540998,208.39609921791416,208.6590576171875,36633900,0.0,0.0
2022-11-04 00:00:00-04:00,211.87295694935526,215.80752514784365,207.860459735956,215.6127471923828,36789100,0.0,0.0
2022-11-07 00:00:00-05:00,216.1970958555256,222.44956184578618,215.50561702414757,221.92364501953125,33498000,0.0,0.0
2022-11-08 00:00:00-05:00,222.73200573046222,225.6050216725194,219.94663764635982,222.89756774902344,28192500,0.0,0.0
2022-11-09 00:00:00-05:00,221.43673558494748,222.663865176789,218.47607145187024,218.6513671875,27852900,0.0,0.0
2022-11-10 00:00:00-05:00,229.2863898892027,236.98024638861136,228.8676179766348,236.63937377929688,46268000,0.0,0.0
2022-11-11 00:00:00-05:00,236.64910797482275,241.5186314660159,235.61675651178047,240.66159057617188,34620200,0.0,0.0
2022-11-14 00:00:00-05:00,235.675194012061,237.5450891758998,232.96774024623764,235.24667358398438,31123300,0.0,0.0
2022-11-15 00:00:00-05:00,239.2494265791224,240.55445528008838,233.76633849082606,235.6557159423828,31390100,0.0,0.0
2022-11-16 00:00:00-05:00,237.1206951717324,238.10712057795988,234.80604092204587,236.08544921875,24093300,0.68,0.0
2022-11-17 00:00:00-05:00,232.22766434937833,237.5699370972691,232.0811729185345,236.03659057617188,23123500,0.0,0.0
2022-11-18 00:00:00-05:00,237.82387701389203,238.0485170933891,233.44849211403692,235.5873565673828,27613500,0.0,0.0
2022-11-21 00:00:00-05:00,235.79243178186513,238.95678085777178,235.55804548901057,236.39796447753906,26394700,0.0,0.0
2022-11-22 00:00:00-05:00,237.90200273092586,239.5818407425711,235.08926284135723,239.30838012695312,19665700,0.0,0.0
2022-11-23 00:00:00-05:00,239.38650323520181,242.48247963370116,238.5661214247604,241.798828125,19508500,0.0,0.0
2022-11-25 00:00:00-05:00,241.53514812666896,242.89269012573502,240.9686897159274,241.71095275878906,9200800,0.0,0.0
2022-11-28 00:00:00-05:00,240.33387852118813,240.89056091224674,235.17717104486601,236.11474609375,24778200,0.0,0.0
2022-11-29 00:00:00-05:00,235.76311604830295,237.12065786973847,232.6476175506084,234.71810913085938,17956300,0.0,0.0
2022-11-30 00:00:00-05:00,234.95253887719915,249.36787777071672,234.2591112887046,249.18231201171875,47594200,0.0,0.0
2022-12-01 00:00:00-05:00,247.9419535295198,250.13941445901602,245.06084106912186,248.74281311035156,26041500,0.0,0.0
2022-12-02 00:00:00-05:00,243.98655080896413,250.08083329127504,243.8595816230871,249.06512451171875,21528500,0.0,0.0
2022-12-05 00:00:00-05:00,246.12539896649085,247.89314681984325,242.26763698881598,244.357666015625,23435300,0.0,0.0
2022-12-06 00:00:00-05:00,244.9631836631235,245.97889237423144,238.08756427144374,239.39627075195312,22463700,0.0,0.0
2022-12-07 00:00:00-05:00,239.11305308285705,240.41199845740607,236.5542366516699,238.66378784179688,20481500,0.0,0.0
2022-12-08 00:00:00-05:00,239.1228268856705,242.93176834963776,237.38439220863714,241.623046875,22611800,0.0,0.0
2022-12-09 00:00:00-05:00,238.98609654359035,242.51180134599122,238.4587124437862,239.6892852783203,20609700,0.0,0.0
2022-12-12 00:00:00-05:00,241.6718654401659,246.6430067827901,241.39840482934278,246.61370849609375,30665100,0.0,0.0
2022-12-13 00:00:00-05:00,255.57936772226543,257.75730647644866,247.16065519497627,250.92076110839844,42196900,0.0,0.0
2022-12-14 00:00:00-05:00,251.125865506393,256.45836289594854,248.37170703954448,251.21376037597656,35410900,0.0,0.0
2022-12-15 00:00:00-05:00,247.7954748351082,248.26426235147312,241.564447199208,243.19544982910156,35560400,0.0,0.0
2022-12-16 00:00:00-05:00,242.74616973438398,244.00604068729888,237.82384925686793,238.97630310058594,86102000,0.0,0.0
2022-12-19 00:00:00-05:00,239.14236978569437,239.48420303255193,233.13598200938617,234.83534240722656,29696400,0.0,0.0
2022-12-20 00:00:00-05:00,233.8098412838887,237.23788993522047,232.85272912283375,236.15380859375,25150800,0.0,0.0
2022-12-21 00:00:00-05:00,236.04638713125163,239.8846119779552,234.50327934808365,238.72239685058594,23690600,0.0,0.0
2022-12-22 00:00:00-05:00,235.6264185705002,236.3393833310989,228.408980416361,232.62811279296875,28651700,0.0,0.0
2022-12-23 00:00:00-05:00,230.596700803809,233.29224790417652,228.47737329876662,233.155517578125,21207000,0.0,0.0
2022-12-27 00:00:00-05:00,233.1262097908691,233.3508349811279,230.32323076974535,231.42684936523438,16688600,0.0,0.0
2022-12-28 00:00:00-05:00,231.35843587345414,234.12235498713048,228.70194877135125,229.0535430908203,17457100,0.0,0.0
2022-12-29 00:00:00-05:00,230.14742187789756,236.27101770155872,230.14742187789756,235.38226318359375,19770700,0.0,0.0
2022-12-30 00:00:00-05:00,232.64762583994687,234.35676203802836,231.13381651257768,234.22003173828125,21938500,0.0,0.0
2023-01-03 00:00:00-05:00,237.40389855359157,240.01155023066832,231.85652313264055,233.98562622070312,25740000,0.0,0.0
2023-01-04 00:00:00-05:00,226.85613485092463,227.43235445439225,220.68371802732133,223.75039672851562,50623400,0.0,0.0
2023-01-05 00:00:00-05:00,221.89471081098847,222.23654401593947,216.58173640623133,217.118896484375,39585600,0.0,0.0
2023-01-06 00:00:00-05:00,217.79282338281794,220.48837045082183,214.2280589162467,219.67774963378906,43613600,0.0,0.0
2023-01-09 00:00:00-05:00,221.1622360976978,225.8403946978241,221.12317668189198,221.81658935546875,27369800,0.0,0.0
2023-01-10 00:00:00-05:00,222.44166639292362,225.90877481221747,222.02171429578453,223.5062255859375,27033900,0.0,0.0
2023-01-11 00:00:00-05:00,225.8891882309857,230.44037710617866,225.71339852715076,230.26458740234375,28669300,0.0,0.0
2023-01-12 00:00:00-05:00,229.76653275671188,234.2981853820876,228.1062317552033,232.94064331054688,27269500,0.0,0.0
2023-01-13 00:00:00-05:00,231.4659053791777,233.78055966417364,229.43447286012528,233.64382934570312,21333300,0.0,0.0
2023-01-17 00:00:00-05:00,232.41322563168038,235.28457684093857,231.5537695139473,234.73765563964844,29831300,0.0,0.0
2023-01-18 00:00:00-05:00,235.92915894025876,236.72024242309445,230.02042818598304,230.30364990234375,30028700,0.0,0.0
2023-01-19 00:00:00-05:00,228.3210895299991,230.02046480616403,225.29347050869634,226.5142822265625,28623000,0.0,0.0
2023-01-20 00:00:00-05:00,229.37586152604075,235.11856433736398,229.03402830061015,234.61070251464844,35389800,0.0,0.0
2023-01-23 00:00:00-05:00,235.47013642558932,239.44509106116212,234.05398311341634,236.9155731201172,31934000,0.0,0.0
2023-01-24 00:00:00-05:00,236.83746410442902,238.2536026618758,234.82556885560982,236.38819885253906,40234400,0.0,0.0
2023-01-25 00:00:00-05:00,229.00471246415324,237.61876602103504,225.50830635326923,234.9915771484375,66526600,0.0,0.0
2023-01-26 00:00:00-05:00,237.96059966957264,242.51178905465864,236.3491342606083,242.2090301513672,33454500,0.0,0.0
2023-01-27 00:00:00-05:00,243.1759314324478,243.99631332473226,241.0663652215849,242.3653106689453,26498900,0.0,0.0
2023-01-30 00:00:00-05:00,238.80048282644057,239.86504174599938,236.54442563158975,237.0425262451172,25867400,0.0,0.0
2023-01-31 00:00:00-05:00,237.765276343828,242.16019832764178,237.2769516789598,242.02346801757812,26541100,0.0,0.0
2023-02-01 00:00:00-05:00,242.20904474607445,249.22138009802924,239.73812302211383,246.84812927246094,31259900,0.0,0.0
2023-02-02 00:00:00-05:00,252.77638533264104,258.50931209894077,251.24303873990777,258.4214172363281,39940400,0.0,0.0
2023-02-03 00:00:00-05:00,253.4795673448407,258.0307566536459,251.09654067147537,252.31735229492188,29077300,0.0,0.0
2023-02-06 00:00:00-05:00,251.42858380602922,252.26848784963838,248.83069323991478,250.7742156982422,22518000,0.0,0.0
2023-02-07 00:00:00-05:00,254.44644293620124,262.49402369384705,254.00693882575916,261.3122863769531,50841400,0.0,0.0
2023-02-08 00:00:00-05:00,266.82056937089936,270.2974380864951,259.9937712976358,260.50164794921875,54686000,0.0,0.0
2023-02-09 00:00:00-05:00,267.4066092650487,267.5824288189988,256.6634652436556,257.4643249511719,42375100,0.0,0.0
2023-02-10 00:00:00-05:00,255.4230744390807,257.9232941080463,254.57339436942814,256.9564208984375,25818500,0.0,0.0
2023-02-13 00:00:00-05:00,261.3904046708747,268.18787471786464,260.9118262982857,264.9844665527344,44630900,0.0,0.0
2023-02-14 00:00:00-05:00,266.3029914231284,268.5492730065141,262.9921358196889,265.8146667480469,37047900,0.0,0.0
2023-02-15 00:00:00-05:00,262.71093736345534,265.07056133423544,260.6156584468026,263.6900329589844,28922400,0.68,0.0
2023-02-16 00:00:00-05:00,258.5007952473413,261.16393632712175,256.42511747097006,256.6698913574219,29603600,0.0,0.0
2023-02-17 00:00:00-05:00,253.96761913922532,254.65296812365867,250.64847075073527,252.6654052734375,30000100,0.0,0.0
2023-02-21 00:00:00-05:00,249.16023738002588,250.14913347081608,246.33065176998883,247.38807678222656,28397400,0.0,0.0
2023-02-22 00:00:00-05:00,248.77837226249528,249.02314613774428,245.10676413376063,246.25230407714844,22491100,0.0,0.0
2023-02-23 00:00:00-05:00,250.21766227886485,251.47090341728688,245.24385497458428,249.44418334960938,29219100,0.0,0.0
2023-02-24 00:00:00-05:00,244.73472895258075,245.75298174565887,242.9136106416539,244.01019287109375,24990900,0.0,0.0
2023-02-27 00:00:00-05:00,247.18248010394746,247.53495511519347,244.17664946084787,244.93055725097656,21190000,0.0,0.0
2023-02-28 00:00:00-05:00,243.86331919707501,246.23272847388787,243.53041537849572,244.20599365234375,22491000,0.0,0.0
2023-03-01 00:00:00-05:00,245.51800152780746,245.68444598313184,240.6518953145832,241.1218719482422,27565300,0.0,0.0
2023-03-02 00:00:00-05:00,241.39602886367507,246.14463367182992,240.47567658758933,245.86070251464844,24808200,0.0,0.0
2023-03-03 00:00:00-05:00,246.9181207220463,250.27641144489547,246.1348412573584,249.95330810546875,30760100,0.0,0.0
2023-03-06 00:00:00-05:00,251.0694397510907,254.68230436172686,250.62884978536187,251.500244140625,24109800,0.0,0.0
2023-03-07 00:00:00-05:00,250.94217713898314,252.30313429367388,248.09302044698885,248.83712768554688,21473200,0.0,0.0
2023-03-08 00:00:00-05:00,248.72943432146894,249.21898211098042,245.56695978437247,248.39654541015625,17340200,0.0,0.0
2023-03-09 00:00:00-05:00,250.47222930235247,254.1340370763852,246.32085881638,247.04539489746094,26653400,0.0,0.0
2023-03-10 00:00:00-05:00,245.83132500399927,247.5055701134534,242.42407649965673,243.39337158203125,28333900,0.0,0.0
2023-03-13 00:00:00-04:00,242.2282313532918,252.51853507132006,240.5931435893199,248.6119384765625,33339700,0.0,0.0
2023-03-14 00:00:00-04:00,251.38279382163873,255.61249395987457,250.51139934035587,255.33834838867188,33620300,0.0,0.0
2023-03-15 00:00:00-04:00,254.54529007919024,260.9094116100634,253.79136732872547,259.8911437988281,46028000,0.0,0.0
2023-03-16 00:00:00-04:00,259.6659278592618,270.7786685592172,257.7762805795016,270.42620849609375,54768800,0.0,0.0
2023-03-17 00:00:00-04:00,272.44312854039293,277.4071201106938,270.54368084412533,273.5886535644531,69527400,0.0,0.0
2023-03-20 00:00:00-04:00,271.18988829736253,271.6794360581046,264.20893244844024,266.5391845703125,43466600,0.0,0.0
2023-03-21 00:00:00-04:00,269.1338043529948,269.2512910447104,263.8858363792266,268.0567932128906,34558700,0.0,0.0
2023-03-22 00:00:00-04:00,267.68474324903065,275.1650483157533,266.49024536747226,266.59796142578125,34873300,0.0,0.0
2023-03-23 00:00:00-04:00,272.1297973919541,275.1845704783979,269.4470853649454,271.85565185546875,36610900,0.0,0.0
2023-03-24 00:00:00-04:00,271.44442920855886,274.76357732451373,269.5254103782394,274.704833984375,28172000,0.0,0.0
2023-03-27 00:00:00-04:00,274.6362856404628,275.5762089469485,269.7603793312512,270.6024169921875,26840200,0.0,0.0
2023-03-28 00:00:00-04:00,270.02476204854537,270.3674514567512,266.3629244825979,269.4764709472656,21878600,0.0,0.0
2023-03-29 00:00:00-04:00,273.12850204608293,275.26295317695,272.590011414313,274.6461181640625,25087000,0.0,0.0
2023-03-30 00:00:00-04:00,278.28832044267864,278.51349328125735,275.59580785907895,278.112060546875,25053400,0.0,0.0
2023-03-31 00:00:00-04:00,277.7988401677379,283.2230089583457,277.0840895334759,282.2732849121094,32766000,0.0,0.0
2023-04-03 00:00:00-04:00,280.5304371238125,282.243854280698,278.01418435050056,281.2256164550781,24883300,0.0,0.0
2023-04-04 00:00:00-04:00,281.2256389673713,284.3783279836004,279.6982522270493,281.1766662597656,25824300,0.0,0.0
2023-04-05 00:00:00-04:00,279.87450114097055,281.1473135505485,277.0057580205523,278.39605712890625,22064800,0.0,0.0
2023-04-06 00:00:00-04:00,277.2896759756227,285.97424977654526,276.1343502576284,285.5043029785156,29770300,0.0,0.0
2023-04-10 00:00:00-04:00,283.16419420739436,283.5460557851989,278.75826456602096,283.3404541015625,23103000,0.0,0.0
2023-04-11 00:00:00-04:00,279.77654407914395,280.00174680479614,275.75247584510697,276.9175720214844,27276600,0.0,0.0
2023-04-12 00:00:00-04:00,278.83659319523866,281.01018622412647,276.06573642239,277.5637512207031,27403400,0.0,0.0
2023-04-13 00:00:00-04:00,277.6616894967238,283.8397797166335,277.2504861189615,283.7810363769531,24222700,0.0,0.0
2023-04-14 00:00:00-04:00,281.0004245840228,282.4494967636299,277.7596206838942,280.1584167480469,20987900,0.0,0.0
2023-04-17 00:00:00-04:00,283.86916963303577,285.5042723715686,280.17799011428394,282.7627868652344,23836200,0.0,0.0
2023-04-18 00:00:00-04:00,285.47488392928074,285.6609144658387,281.0102108111372,282.3417663574219,20161800,0.0,0.0
2023-04-19 00:00:00-04:00,280.01156908541924,283.0075995306708,278.5918982512192,282.420166015625,17150300,0.0,0.0
2023-04-20 00:00:00-04:00,279.2870204448904,282.988000624926,279.12056104553,280.1290283203125,23244400,0.0,0.0
2023-04-21 00:00:00-04:00,279.0520247927153,280.28566483452795,277.14277656950355,279.7863464355469,21676400,0.0,0.0
2023-04-24 00:00:00-04:00,276.19307851016646,278.9933075070845,272.89353106763554,275.8797607421875,26611000,0.0,0.0
2023-04-25 00:00:00-04:00,273.6670342373716,275.7133405569095,269.6135639108985,269.66253662109375,45772200,0.0,0.0
2023-04-26 00:00:00-04:00,290.49761766973296,293.3076166921967,286.610607729351,289.1954040527344,64599200,0.0,0.0
2023-04-27 00:00:00-04:00,289.78292984563893,298.8199931125039,289.0779798089215,298.45770263671875,46462600,0.0,0.0
2023-04-28 00:00:00-04:00,297.65485346356644,302.4719869299771,296.9694746134844,300.8369140625,36469600,0.0,0.0
2023-05-01 00:00:00-04:00,300.5529525833872,302.14888305967634,298.7709915681672,299.17242431640625,21294100,0.0,0.0
2023-05-02 00:00:00-04:00,301.32645423519284,302.7167531753242,297.556930414214,299.02557373046875,26404400,0.0,0.0
2023-05-03 00:00:00-04:00,300.2102447245278,302.1586351255935,297.7331344095427,298.0366516113281,22360800,0.0,0.0
2023-05-04 00:00:00-04:00,299.83820988509484,301.32645423519284,297.05758212520743,299.02557373046875,22519900,0.0,0.0
2023-05-05 00:00:00-04:00,299.32910233190466,305.448449715473,297.9094017870665,304.1560363769531,28197100,0.0,0.0
2023-05-08 00:00:00-04:00,303.6469176772524,303.7154615391141,299.6913631590147,302.1978454589844,21318600,0.0,0.0
2023-05-09 00:00:00-04:00,301.5614013671875,303.55876446980983,299.90672765113413,300.5823059082031,21340800,0.0,0.0
2023-05-10 00:00:00-04:00,302.16847643254437,306.4569199007131,301.23835354911984,305.7813415527344,30078000,0.0,0.0
2023-05-11 00:00:00-04:00,303.61751818157876,304.6161848272032,299.85779507616377,303.6272888183594,31680200,0.0,0.0
2023-05-12 00:00:00-04:00,304.0581273381705,304.1560428743244,300.1907176369154,302.51116943359375,19774700,0.0,0.0
2023-05-15 00:00:00-04:00,302.63841521778266,303.4216796405487,301.15997149921776,302.9908752441406,16336500,0.0,0.0
2023-05-16 00:00:00-04:00,303.35319033533926,307.15208621607525,303.35319033533926,305.2232666015625,26730300,0.0,0.0
2023-05-17 00:00:00-04:00,306.4301577933981,308.5299869808576,304.90922423008425,308.1080627441406,24315000,0.68,0.0
2023-05-18 00:00:00-04:00,308.6281820787948,313.05356636812974,307.83338325207785,312.5433044433594,27276000,0.0,0.0
2023-05-19 00:00:00-04:00,310.79668509180397,312.76897905978745,310.4336325582829,312.3666687011719,27546700,0.0,0.0
2023-05-22 00:00:00-04:00,312.6218358351023,316.5369583967421,312.04291011396646,315.1534118652344,24115700,0.0,0.0
2023-05-23 00:00:00-04:00,314.02499851470213,316.664526108644,309.3346909957369,309.3445129394531,30797200,0.0,0.0
2023-05-24 00:00:00-04:00,308.8243994042462,310.5611762447715,306.7441540494219,307.9609069824219,23384900,0.0,0.0
2023-05-25 00:00:00-04:00,317.1746779116198,320.76600484441417,313.99548322633484,319.8044128417969,43301700,0.0,0.0
2023-05-26 00:00:00-04:00,317.940028599587,327.14402564243557,317.80267115227514,326.64361572265625,36630600,0.0,0.0
2023-05-30 00:00:00-04:00,328.939735353525,329.44014532098214,324.31809251004455,324.9951477050781,29503100,0.0,0.0
2023-05-31 00:00:00-04:00,326.0549334794957,329.63643905148126,321.1879811403836,322.2281188964844,45950600,0.0,0.0
2023-06-01 00:00:00-04:00,319.81420387671255,327.27160256990936,318.626916843916,326.33941650390625,26773900,0.0,0.0
2023-06-02 00:00:00-04:00,327.9780910808691,331.16710767327845,326.30997811609336,329.10650634765625,25873800,0.0,0.0
2023-06-05 00:00:00-04:00,328.9298920270993,332.20721626429463,328.38040233133853,329.6363830566406,21307100,0.0,0.0
2023-06-06 00:00:00-04:00,329.0378566628356,329.0771144876542,325.9371772359314,327.4188232421875,20396200,0.0,0.0
2023-06-07 00:00:00-04:00,325.42694552979236,328.21365245143943,316.44864123264665,317.3121337890625,40717100,0.0,0.0
2023-06-08 00:00:00-04:00,317.8615303442391,320.51087900635844,317.28260481035625,319.1567687988281,23277700,0.0,0.0
2023-06-09 00:00:00-04:00,318.8918992057431,323.7980795311089,318.3227954637779,320.65814208984375,22529000,0.0,0.0
2023-06-12 00:00:00-04:00,322.4144778795906,325.8684474019989,319.05866788081994,325.6231384277344,24260300,0.0,0.0
2023-06-13 00:00:00-04:00,328.19397978099306,330.65689152573293,324.1905503980353,328.0173645019531,22951300,0.0,0.0
2023-06-14 00:00:00-04:00,328.06636349307234,332.67818358645866,326.56507396393835,331.01007080078125,26003800,0.0,0.0
2023-06-15 00:00:00-04:00,331.1474868081879,343.2755475907916,330.87274196684893,341.5682067871094,38899100,0.0,0.0
2023-06-16 00:00:00-04:00,344.7278571322609,344.8750365511383,335.5336801120297,335.9065246582031,46552000,0.0,0.0
2023-06-20 00:00:00-04:00,332.9431539372829,335.66116662544215,329.55787807274623,331.706787109375,26375400,0.0,0.0
2023-06-21 00:00:00-04:00,330.0582649391525,331.3927611325537,325.83896318569987,327.3009948730469,25117800,0.0,0.0
2023-06-22 00:00:00-04:00,327.85052734982696,333.7379426283081,327.0851645614221,333.33563232421875,23556800,0.0,0.0
2023-06-23 00:00:00-04:00,328.0859928290581,331.61844775311465,327.1930945886858,328.7336120605469,23146900,0.0,0.0
2023-06-26 00:00:00-04:00,327.4580354070177,329.8031735626045,322.326161031866,322.4341125488281,21520600,0.0,0.0
2023-06-27 00:00:00-04:00,325.6328827704176,329.8423925373536,323.1209216371493,328.29205322265625,24354100,0.0,0.0
2023-06-28 00:00:00-04:00,328.3804225415333,331.6381330418555,327.54636600540425,329.548095703125,20259500,0.0,0.0
2023-06-29 00:00:00-04:00,328.4294449258427,329.8031691350396,326.37866558051627,328.7630615234375,16997000,0.0,0.0
2023-06-30 00:00:00-04:00,331.41242887349597,336.2989944894714,330.8727611005321,334.15008544921875,26832800,0.0,0.0
2023-07-03 00:00:00-04:00,332.8254444079519,334.50334959936004,330.25461085463917,331.64794921875,12508700,0.0,0.0
2023-07-05 00:00:00-04:00,328.8022915360956,335.2391958104979,328.4490610314349,331.80487060546875,18172400,0.0,0.0
2023-07-06 00:00:00-04:00,330.97085581956964,336.5540904646997,329.20464318433727,334.8663635253906,28161200,0.0,0.0
2023-07-07 00:00:00-04:00,332.952965838011,335.3766196583141,330.6764914106529,330.8923645019531,21214800,0.0,0.0
2023-07-10 00:00:00-04:00,328.321589172914,328.9397726772135,321.44311486214065,325.6035461425781,32791400,0.0,0.0
2023-07-11 00:00:00-04:00,324.8479601120357,326.61417278371005,320.86414468674985,326.23150634765625,26698200,0.0,0.0
2023-07-12 00:00:00-04:00,330.2840246615467,335.239254199601,329.3714824206285,330.8727722167969,29995300,0.0,0.0
2023-07-13 00:00:00-04:00,333.18844846906484,337.2900072046909,332.6585727165139,336.23028564453125,20567200,0.0,0.0
2023-07-14 00:00:00-04:00,341.06778168374007,344.8357239330472,337.84932914089796,338.7618713378906,28352700,0.0,0.0
2023-07-17 00:00:00-04:00,339.19365704889503,340.479073827532,335.778974895852,339.24273681640625,20363900,0.0,0.0
2023-07-18 00:00:00-04:00,339.3408199849451,359.8977253924033,335.74952271110794,352.7445068359375,64738600,0.0,0.0
2023-07-19 00:00:00-04:00,354.96209307208494,355.6587621887617,345.82678907790546,348.417236328125,39732900,0.0,0.0
2023-07-20 00:00:00-04:00,346.93562133380993,351.25305376506816,338.88947411809744,340.361328125,33778400,0.0,0.0
2023-07-21 00:00:00-04:00,342.5985119949176,343.72692730245325,333.45338612673345,337.3194580078125,69405400,0.0,0.0
2023-07-24 00:00:00-04:00,339.3604427915747,340.4103723937978,335.8868593129291,338.6343078613281,26678100,0.0,0.0
2023-07-25 00:00:00-04:00,340.59681755620375,345.28715443801974,338.5951176532345,344.39422607421875,41637700,0.0,0.0
2023-07-26 00:00:00-04:00,335.0331862626318,338.20258898250944,326.8594744910843,331.4320373535156,58383700,0.0,0.0
2023-07-27 00:00:00-04:00,334.09124680022427,334.92527345110744,322.8756964700809,324.5143737792969,39635300,0.0,0.0
2023-07-28 00:00:00-04:00,327.40902185998743,333.63005436530796,326.91840387112984,332.02081298828125,28484900,0.0,0.0
2023-07-31 00:00:00-04:00,330.59799610493667,331.3633588709427,327.10476892592203,329.61676025390625,25446000,0.0,0.0
2023-08-01 00:00:00-04:00,328.9004543649791,332.1876005255044,327.43842249793084,330.02886962890625,18311900,0.0,0.0
2023-08-02 00:00:00-04:00,327.3697167947092,327.3697167947092,320.23611310138045,321.354736328125,27761300,0.0,0.0
2023-08-03 00:00:00-04:00,319.88289830105487,323.6900983235589,319.83384848481404,320.530517578125,18253700,0.0,0.0
2023-08-04 00:00:00-04:00,325.65258996189004,328.85142872245865,321.0996408070944,321.6295166015625,23741500,0.0,0.0
2023-08-07 00:00:00-04:00,322.20843058542397,324.89700739318704,321.374374073945,323.915771484375,17741500,0.0,0.0
2023-08-08 00:00:00-04:00,320.82487404247576,322.5812946473448,316.9391883531327,319.93194580078125,22327600,0.0,0.0
2023-08-09 00:00:00-04:00,320.34411633722664,320.97209180236405,315.02580407101107,316.1836853027344,22373300,0.0,0.0
2023-08-10 00:00:00-04:00,319.9025293676403,322.1005182288563,315.15335102644235,316.8705139160156,20113700,0.0,0.0
2023-08-11 00:00:00-04:00,314.25061483261044,316.3602660012063,313.22029918403376,314.9865417480469,24355500,0.0,0.0
2023-08-14 00:00:00-04:00,315.35938689096906,317.9792696974629,314.0739404486972,317.95965576171875,18836100,0.0,0.0
2023-08-15 00:00:00-04:00,316.9391798843772,318.9899592196478,314.87857860821487,315.820556640625,16966300,0.0,0.0
2023-08-16 00:00:00-04:00,315.44696931378786,319.00658950947815,314.4636557810038,315.05364990234375,20698900,0.68,0.0
2023-08-17 00:00:00-04:00,315.1912458646841,316.4990393179839,310.9334825752944,311.5923156738281,21257200,0.0,0.0
2023-08-18 00:00:00-04:00,309.24222157279775,313.0673251029197,306.35127777604174,311.19903564453125,24755000,0.0,0.0
2023-08-21 00:00:00-04:00,312.6248113327521,317.384044424445,311.7496780411196,316.5089111328125,24040000,0.0,0.0
2023-08-22 00:00:00-04:00,320.0685355111108,320.63884412186707,316.0959406772382,317.0792541503906,16084600,0.0,0.0
2023-08-23 00:00:00-04:00,318.4165278621223,323.70675834794656,318.0625194610532,321.54345703125,21166400,0.0,0.0
2023-08-24 00:00:00-04:00,327.2959118230331,327.42374738223793,314.6209861195301,314.6308288574219,23281400,0.0,0.0
2023-08-25 00:00:00-04:00,316.1057329442358,319.9308061397361,313.4802731864356,317.5905456542969,21684100,0.0,0.0
2023-08-28 00:00:00-04:00,320.2258392914253,320.70765324549666,316.35158216920695,318.2985534667969,14808500,0.0,0.0
2023-08-29 00:00:00-04:00,316.5088669382857,323.49039686555403,316.5088669382857,322.9299011230469,19284600,0.0,0.0
2023-08-30 00:00:00-04:00,323.1855960723184,324.30655763191555,321.0026393422181,323.3035888671875,15222100,0.0,0.0
2023-08-31 00:00:00-04:00,323.7067756652974,325.3882331373902,321.32714408962795,322.2908020019531,26411000,0.0,0.0
2023-09-01 00:00:00-04:00,325.78155572289427,326.45020162379865,321.32714728180537,323.17578125,14942000,0.0,0.0
2023-09-05 00:00:00-04:00,323.51012766421536,329.26251739486815,323.17580468951513,327.98419189453125,18553900,0.0,0.0
2023-09-06 00:00:00-04:00,327.817065694941,328.87903109155945,324.67045043147994,327.3254089355469,17535800,0.0,0.0
2023-09-07 00:00:00-04:00,325.76188443553343,327.52199370609907,323.539586687025,324.4049072265625,18381000,0.0,0.0
2023-09-08 00:00:00-04:00,324.5818961212668,330.55061528459504,323.96240391702685,328.692138671875,19530100,0.0,0.0
2023-09-11 00:00:00-04:00,331.61266336112385,332.772996196224,329.83286817531194,332.3009948730469,16583300,0.0,0.0
2023-09-12 00:00:00-04:00,330.21629323552526,331.1701083762214,325.94871693840975,326.2338562011719,17565500,0.0,0.0
2023-09-13 00:00:00-04:00,325.78153225775213,331.2290964296317,325.64388399787714,330.4522705078125,16544400,0.0,0.0
2023-09-14 00:00:00-04:00,333.4907212996785,335.1721787492822,330.9537860249842,333.0482482910156,20267000,0.0,0.0
2023-09-15 00:00:00-04:00,331.2979901364791,331.76996140047095,324.14928194769504,324.70977783203125,37679800,0.0,0.0
2023-09-18 00:00:00-04:00,322.33013776149687,324.8867587399462,320.91416398907404,323.5691223144531,16834200,0.0,0.0
2023-09-19 00:00:00-04:00,320.7273564750353,323.8936269378206,319.0950525710311,323.16595458984375,16505900,0.0,0.0
2023-09-20 00:00:00-04:00,324.0115673587357,324.0902192171902,315.1617478697836,315.4173889160156,21436500,0.0,0.0
2023-09-21 00:00:00-04:00,313.93263631012064,319.92101113625847,309.74371174856566,314.1981201171875,35560400,0.0,0.0
2023-09-22 00:00:00-04:00,315.9582935275562,316.0861290808594,310.87454964946875,311.72021484375,21447900,0.0,0.0
2023-09-25 00:00:00-04:00,311.3071733116646,312.36916854605823,309.7437086689083,312.2413330078125,17836000,0.0,0.0
2023-09-26 00:00:00-04:00,309.87152415800745,310.6090091309313,304.84677760481566,306.9314270019531,26297600,0.0,0.0
2023-09-27 00:00:00-04:00,307.08877368705123,309.0554005566663,304.522340026209,307.57061767578125,19410100,0.0,0.0
2023-09-28 00:00:00-04:00,305.80065881535404,310.21575688010876,304.28637761624543,308.4064636230469,19683600,0.0,0.0
2023-09-29 00:00:00-04:00,312.4478279409763,314.1391281627372,309.7240606687745,310.481201171875,24147300,0.0,0.0
2023-10-02 00:00:00-04:00,311.0023577080208,316.51876142882526,309.9207069776333,316.43023681640625,20570000,0.0,0.0
2023-10-03 00:00:00-04:00,315.47643841498,316.02712155021527,306.0169679036218,308.1606140136719,21033500,0.0,0.0
2023-10-04 00:00:00-04:00,308.78990640782996,314.69962955610083,308.7604082061058,313.63763427734375,20720100,0.0,0.0
2023-10-05 00:00:00-04:00,313.7654305243728,314.6405937464886,309.6453454856245,314.0309143066406,16965600,0.0,0.0
2023-10-06 00:00:00-04:00,311.26785534059786,323.6969515428258,311.022026982247,321.7991638183594,25673600,0.0,0.0
2023-10-09 00:00:00-04:00,319.3310305664322,324.7884080000268,317.78722130749577,324.3164367675781,19891200,0.0,0.0
2023-10-10 00:00:00-04:00,325.43743228080154,325.5751105768061,322.2023524248597,322.91033935546875,20557100,0.0,0.0
2023-10-11 00:00:00-04:00,325.6832160795872,327.2663662252011,323.64778019000204,326.873046875,20063200,0.0,0.0
2023-10-12 00:00:00-04:00,325.05388196216046,328.06281823338145,323.23474637127896,325.634033203125,19313100,0.0,0.0
2023-10-13 00:00:00-04:00,326.8337234807313,328.25950995278436,320.91415741201166,322.2613220214844,21072400,0.0,0.0
2023-10-16 00:00:00-04:00,325.52589126243953,330.5309829095428,325.083418234461,327.0893859863281,22158000,0.0,0.0
2023-10-17 00:00:00-04:00,324.09025768703805,327.8956757176601,321.9466416917106,326.51904296875,18338500,0.0,0.0
2023-10-18 00:00:00-04:00,326.94185312433785,329.9901305761364,322.8217676991399,324.6015625,23153600,0.0,0.0
2023-10-19 00:00:00-04:00,326.60751870152404,331.25860158595435,325.3882197669904,325.7913818359375,25052100,0.0,0.0
2023-10-20 00:00:00-04:00,326.18480766030353,326.3814823951405,320.01944183089716,321.2190856933594,25027700,0.0,0.0
2023-10-23 00:00:00-04:00,320.0390357293436,327.1779011119036,318.97707038724695,323.8247985839844,24374700,0.0,0.0
2023-10-24 00:00:00-04:00,325.77169735313146,326.3026949587647,322.13345600220845,325.0145568847656,31153600,0.0,0.0
2023-10-25 00:00:00-04:00,339.2628021799774,340.4231348794275,331.98628851300685,334.98541259765625,55053800,0.0,0.0
2023-10-26 00:00:00-04:00,334.8575484524091,335.9293564408089,321.48448041784866,322.41864013671875,37828500,0.0,0.0
2023-10-27 00:00:00-04:00,324.91622907683893,331.1012785656195,322.92010413957604,324.30657958984375,29856500,0.0,0.0
2023-10-30 00:00:00-04:00,327.84651090030354,333.78573199598327,326.2928589871081,331.6814270019531,22828100,0.0,0.0
2023-10-31 00:00:00-04:00,333.1957815178894,333.3432725394677,329.105193805489,332.4681091308594,20265300,0.0,0.0
2023-11-01 00:00:00-04:00,334.120080906605,341.6227672265474,333.9824026215242,340.2952880859375,28158800,0.0,0.0
2023-11-02 00:00:00-04:00,341.4457561237559,343.00922092358684,339.016970678104,342.50775146484375,24348100,0.0,0.0
2023-11-03 00:00:00-04:00,343.7958771188286,348.4764586181646,341.5342382393827,346.9129638671875,23637700,0.0,0.0
2023-11-06 00:00:00-05:00,347.5521874881877,351.57393632100406,347.453850131168,350.5807800292969,23828300,0.0,0.0
2023-11-07 00:00:00-05:00,353.4028281132475,356.41176470087066,351.6623742073379,354.51397705078125,25833900,0.0,0.0
2023-11-08 00:00:00-05:00,355.64477925814185,357.798237980275,354.5336303274662,357.1394348144531,26767800,0.0,0.0
2023-11-09 00:00:00-05:00,356.25447656557805,358.7029476379298,354.34684593464885,354.6713562011719,24847300,0.0,0.0
2023-11-10 00:00:00-05:00,355.45790886941,363.9242518356229,355.0449340954523,363.5014343261719,28042100,0.0,0.0
2023-11-13 00:00:00-05:00,362.07571261995724,362.3215410047677,359.7944180069128,360.5614013671875,19986500,0.0,0.0
2023-11-14 00:00:00-05:00,364.8191335420203,365.7434505878538,361.22020270558585,364.0914611816406,27683900,0.0,0.0
2023-11-15 00:00:00-05:00,365.8255911591098,367.64841915601704,361.71683864791095,364.2392578125,26860100,0.75,0.0
2023-11-16 00:00:00-05:00,365.51028582126,370.8211167467286,364.74174586188934,370.6437683105469,27182300,0.0,0.0
2023-11-17 00:00:00-05:00,368.12136824695096,368.87021288647435,361.6084886476014,364.4166259765625,40157000,0.0,0.0
2023-11-20 00:00:00-05:00,365.76645657283353,373.30406540619305,365.5496873613857,371.89508056640625,52465100,0.0,0.0
2023-11-21 00:00:00-05:00,370.15113498600977,370.69304303967186,365.66795990773056,367.5893249511719,28423100,0.0,0.0
2023-11-22 00:00:00-05:00,372.44686262583303,374.2105744423134,369.46137707263404,372.299072265625,23345300,0.0,0.0
2023-11-24 00:00:00-05:00,371.78668646032,372.4172987463729,369.62888709643283,371.8852233886719,10176600,0.0,0.0
2023-11-27 00:00:00-05:00,371.24480993983406,375.0481191981454,370.67334381773094,373.04791259765625,22179200,0.0,0.0
2023-11-28 00:00:00-05:00,372.7917190522952,377.3734005384554,372.60450791019576,377.07781982421875,20453100,0.0,0.0
2023-11-29 00:00:00-05:00,378.12223413728344,378.65427940747446,371.89507333786327,373.28436279296875,28963400,0.0,0.0
2023-11-30 00:00:00-05:00,372.9296627723548,374.5061634778247,369.9540398668522,373.343505859375,30554400,0.0,0.0
2023-12-01 00:00:00-05:00,371.22506313283355,372.60448984781664,365.855116553608,369.00811767578125,33040500,0.0,0.0
2023-12-04 00:00:00-05:00,363.6776202294819,364.0914332416113,357.568691355028,363.717041015625,32063300,0.0,0.0
2023-12-05 00:00:00-05:00,361.0665594377977,367.59913401406357,360.2487359832438,367.04736328125,23065000,0.0,0.0
2023-12-06 00:00:00-05:00,368.0524359835832,368.683018285252,362.62337224170636,363.3820495605469,21182100,0.0,0.0
2023-12-07 00:00:00-05:00,362.82038525778927,365.9930818022582,360.9384412449314,365.50042724609375,23118900,0.0,0.0
2023-12-08 00:00:00-05:00,363.7761351529084,368.95884062033406,362.820384114192,368.73223876953125,20154400,0.0,0.0
2023-12-11 00:00:00-05:00,363.06672692464986,366.140886665869,360.7216863332907,365.84527587890625,27708800,0.0,0.0
2023-12-12 00:00:00-05:00,365.4019256182351,368.91948670565927,365.0176405940666,368.88006591796875,24838300,0.0,0.0
2023-12-13 00:00:00-05:00,370.4959629431741,372.0921891414662,365.32308952611504,368.8702087402344,30955500,0.0,0.0
2023-12-14 00:00:00-05:00,367.8257861452431,368.2691873263225,358.78065463293524,360.55419921875,43277500,0.0,0.0
2023-12-15 00:00:00-05:00,361.4606566919279,366.92911028032063,360.89902327689896,365.2836608886719,78502300,0.0,0.0
2023-12-18 00:00:00-05:00,364.02244408995057,367.52027922376516,363.2637368697555,367.1754150390625,21802900,0.0,0.0
2023-12-19 00:00:00-05:00,366.03250325578983,367.7765197753906,364.4067490977682,367.7765197753906,20603700,0.0,0.0
2023-12-20 00:00:00-05:00,369.4909829785987,370.50585034240976,365.08664925872364,365.1753234863281,26316700,0.0,0.0
2023-12-21 00:00:00-05:00,367.0867544249883,368.9095822665608,364.6037863278298,368.0523681640625,17708000,0.0,0.0
2023-12-22 00:00:00-05:00,368.19031518305366,369.66827890495347,367.2345641067885,369.07708740234375,17107500,0.0,0.0
2023-12-26 00:00:00-05:00,369.4909463405908,371.4024485751995,368.01298255522846,369.15594482421875,12673100,0.0,0.0
2023-12-27 00:00:00-05:00,368.20019317568403,369.55006195328735,367.3331162784424,368.5746154785156,14905400,0.0,0.0
2023-12-28 00:00:00-05:00,369.8555199252922,370.92950337498513,368.66330417937627,369.766845703125,14327000,0.0,0.0
2023-12-29 00:00:00-05:00,370.47623473279145,371.61919693761735,367.9932665377033,370.5156555175781,18730800,0.0,0.0
2024-01-02 00:00:00-05:00,368.36769584733304,370.3777351043963,361.3818569854959,365.421630859375,25258600,0.0,0.0
2024-01-03 00:00:00-05:00,363.58897105283376,367.7765353087628,363.09631643448915,365.1556091308594,23083500,0.0,0.0
2024-01-04 00:00:00-05:00,365.2246036426734,367.618897973795,361.77602116650127,362.5346984863281,20901500,0.0,0.0
2024-01-05 00:00:00-05:00,363.5495516205476,366.5941535649678,361.115836594074,362.34747314453125,21004600,0.0,0.0
2024-01-08 00:00:00-05:00,363.8746250380008,369.6879725666923,363.5889070595098,369.1854553222656,23134000,0.0,0.0
2024-01-09 00:00:00-05:00,366.54488061699703,370.4663919405634,365.73691986628984,370.26934814453125,20830000,0.0,0.0
2024-01-10 00:00:00-05:00,370.84081671988235,378.52624647847034,370.7915632878579,377.14678955078125,25514200,0.0,0.0
2024-01-11 00:00:00-05:00,380.3293303889791,384.9405699760392,374.79189779905875,378.9794616699219,27850800,0.0,0.0
2024-01-12 00:00:00-05:00,379.82685960129345,382.9699985676337,378.9992034255686,382.7630920410156,21661200,0.0,0.0
2024-01-16 00:00:00-05:00,387.8768338056293,388.24139340844187,381.925557656747,384.53662109375,27202300,0.0,0.0
2024-01-17 00:00:00-05:00,382.2803118556429,384.3789953999738,379.15686815383947,383.7484130859375,22234100,0.0,0.0
2024-01-18 00:00:00-05:00,385.96536176222264,388.2020030573515,384.3888608619859,388.0837707519531,23392100,0.0,0.0
2024-01-19 00:00:00-05:00,389.94597903844516,392.813232421875,387.71917062186213,392.813232421875,29331100,0.0,0.0
2024-01-22 00:00:00-05:00,394.14338194370225,394.73457348742886,387.8078508984798,390.6849670410156,27016900,0.0,0.0
2024-01-23 00:00:00-05:00,389.9361075398463,393.51278467024315,388.1428376176736,393.0398254394531,20525900,0.0,0.0
2024-01-24 00:00:00-05:00,395.641022160032,399.6709327475664,394.56703885551275,396.6460266113281,24867000,0.0,0.0
2024-01-25 00:00:00-05:00,398.38024160054783,401.03072587810215,396.6165296306349,398.9221496582031,21021200,0.0,0.0
2024-01-26 00:00:00-05:00,398.42947961915996,400.2030542350716,396.51797735014173,397.9959411621094,17803300,0.0,0.0
2024-01-29 00:00:00-05:00,400.0946315969203,403.9570567007328,398.39003594013263,403.70086669921875,24510200,0.0,0.0
2024-01-30 00:00:00-05:00,406.2035612023494,406.9819337836752,400.47891742664234,402.58746337890625,33477600,0.0,0.0
2024-01-31 00:00:00-05:00,400.98143260936786,409.21863334219495,391.3746676938224,391.7392272949219,47871100,0.0,0.0
2024-02-01 00:00:00-05:00,395.92674920804393,402.0061196897029,395.8971911373073,397.8481140136719,30657700,0.0,0.0
2024-02-02 00:00:00-05:00,397.8776585737196,406.58778726291786,397.63133130286246,405.1788024902344,28256700,0.0,0.0
2024-02-05 00:00:00-05:00,403.87823795810993,405.11973718115985,398.05505693610314,399.690673828125,25352300,0.0,0.0
2024-02-06 00:00:00-05:00,399.9173050428237,401.97659767351126,396.99093550042556,399.53302001953125,18382600,0.0,0.0
2024-02-07 00:00:00-05:00,401.45440541152726,408.21361247009133,401.41498462192203,407.96728515625,22340500,0.0,0.0
2024-02-08 00:00:00-05:00,407.9672815558181,409.4551081404497,406.4696223258111,408.0263977050781,21225300,0.0,0.0
2024-02-09 00:00:00-05:00,409.1496384913206,414.6378178606117,408.9919854136341,414.37176513671875,22032800,0.0,0.0
2024-02-12 00:00:00-05:00,414.381611300105,414.5589597294503,408.6569675775543,409.15948486328125,21202900,0.0,0.0
2024-02-13 00:00:00-05:00,398.9910986093642,404.04573947399683,397.4638814201037,400.350830078125,27824900,0.0,0.0
2024-02-14 00:00:00-05:00,402.81865792132635,404.5658693954015,399.3636985334278,404.2203674316406,20401200,0.75,0.0
2024-02-15 00:00:00-05:00,402.8878094252823,403.8650598358389,399.08734764832207,401.328125,21825500,0.0,0.0
2024-02-16 00:00:00-05:00,402.71006595192074,403.0358361421353,398.24824344009687,398.8602600097656,22296500,0.0,0.0
2024-02-20 00:00:00-05:00,398.0508194321391,399.284733568485,392.8881419655763,397.60662841796875,24307900,0.0,0.0
2024-02-21 00:00:00-05:00,395.0203117904289,397.1130251474651,392.10826265454955,397.0044250488281,18518900,0.0,0.0
2024-02-22 00:00:00-05:00,404.91139681164196,407.51740782025877,403.3122489001272,406.35260009765625,27009900,0.0,0.0
2024-02-23 00:00:00-05:00,410.3208130380081,410.5083402392049,403.70702236909904,405.05938720703125,16295900,0.0,0.0
2024-02-26 00:00:00-05:00,406.1650087554213,406.8560126685655,402.1177646745505,402.29547119140625,16193500,0.0,0.0
2024-02-27 00:00:00-05:00,402.73968356058333,403.0654537547415,398.65297570324026,402.23626708984375,14835800,0.0,0.0
2024-02-28 00:00:00-05:00,402.9272164600946,404.03279861285756,400.10403561463596,402.47314453125,13183100,0.0,0.0
2024-02-29 00:00:00-05:00,403.38135996606263,408.8698077347499,400.69636155135646,408.3170166015625,31947300,0.0,0.0
2024-03-01 00:00:00-05:00,405.9774997139128,410.51830995161754,405.59253415210725,410.153076171875,17823400,0.0,0.0
2024-03-04 00:00:00-05:00,408.11957070674777,411.9792577390108,407.01398846090547,409.5805358886719,17596000,0.0,0.0
2024-03-05 00:00:00-05:00,408.632835591906,408.9191120836045,395.4842705013913,397.4683837890625,26919200,0.0,0.0
2024-03-06 00:00:00-05:00,397.784299256291,399.94611920290095,393.26325117893276,396.9156188964844,22344100,0.0,0.0
2024-03-07 00:00:00-05:00,400.8937829786607,404.5066873701211,397.06370848307336,403.87493896484375,18718500,0.0,0.0
2024-03-08 00:00:00-05:00,402.7100915611558,405.13845633858756,399.1267999900611,400.99249267578125,18002200,0.0,0.0
2024-03-11 00:00:00-04:00,398.56416223358286,400.4594375495643,396.0963338665231,399.3143615722656,16120800,0.0,0.0
2024-03-12 00:00:00-04:00,402.3744232866482,410.22212853968995,401.55511762855593,409.93585205078125,22457000,0.0,0.0
2024-03-13 00:00:00-04:00,412.7195723945268,412.7985296378199,406.1551557542081,409.7581787109375,17115900,0.0,0.0
2024-03-14 00:00:00-04:00,414.8320308055619,422.31450262164736,412.6109854719372,419.7479553222656,34157300,0.0,0.0
2024-03-15 00:00:00-04:00,413.8942494694405,417.16165133292435,407.4778966665496,411.0611877441406,45079900,0.0,0.0
2024-03-18 00:00:00-04:00,408.9191153478435,415.3157366151304,408.45516246098214,411.9496154785156,20106000,0.0,0.0
2024-03-19 00:00:00-04:00,412.4530526322829,416.2436632864421,410.20239450160744,415.98699951171875,19837900,0.0,0.0
2024-03-20 00:00:00-04:00,416.5693981535872,420.4784295685996,415.24664585974097,419.7578430175781,17860100,0.0,0.0
2024-03-21 00:00:00-04:00,424.29861540078343,425.27589583117316,421.6629918116586,423.84454345703125,21296200,0.0,0.0
2024-03-22 00:00:00-04:00,424.1703545566299,424.32826906328035,420.58706292422704,423.2226867675781,17648500,0.0,0.0
2024-03-25 00:00:00-04:00,419.7676816300529,421.90976968993664,416.18439038520984,417.4183044433594,18060500,0.0,0.0
2024-03-26 00:00:00-04:00,420.1329081875438,420.5080228747841,415.9277496341745,416.223876953125,16725600,0.0,0.0
2024-03-27 00:00:00-04:00,418.9779885582823,418.9878695106981,413.61787312123863,416.0067138671875,16705000,0.0,0.0
2024-03-28 00:00:00-04:00,415.54274902029323,416.4410420434957,413.7264311944793,415.30584716796875,21871200,0.0,0.0
2024-04-01 00:00:00-04:00,418.494337158426,422.3836369877504,416.78658912173853,419.1063537597656,16316000,0.0,0.0
2024-04-02 00:00:00-04:00,414.7037305350885,416.944537944627,412.4629532504076,416.0166320800781,17912000,0.0,0.0
2024-04-03 00:00:00-04:00,414.3286014685427,417.8131735008708,413.6968230222425,415.0393371582031,16502300,0.0,0.0
2024-04-04 00:00:00-04:00,419.52089960464946,423.1535654935394,412.1964026116657,412.5024108886719,19370900,0.0,0.0
2024-04-05 00:00:00-04:00,414.6050550709994,421.0214089561493,412.93680065087176,420.04412841796875,16554800,0.0,0.0
2024-04-08 00:00:00-04:00,419.69865168894506,421.78148438919783,417.8526907492084,419.1260986328125,14272400,0.0,0.0
2024-04-09 00:00:00-04:00,420.9522866687586,422.23554534749115,416.19430642939574,420.7943420410156,12496900,0.0,0.0
2024-04-10 00:00:00-04:00,416.7569337473859,418.5732515840266,414.29898664030566,417.81317138671875,16216600,0.0,0.0
2024-04-11 00:00:00-04:00,420.3402327247268,423.8445365841043,416.92473693729744,422.4230651855469,17966400,0.0,0.0
2024-04-12 00:00:00-04:00,418.59299879164644,419.70846193552615,414.36807820345115,416.4706726074219,19253800,0.0,0.0
2024-04-15 00:00:00-04:00,421.110230165818,421.3274002627743,408.1096973329742,408.3170166015625,20273500,0.0,0.0
2024-04-16 00:00:00-04:00,409.23502221897127,413.0157217686464,408.4058355582689,409.244873046875,16765600,0.0,0.0
2024-04-17 00:00:00-04:00,411.8805452142036,413.4895740933759,405.0495831926222,406.5401611328125,15855500,0.0,0.0
2024-04-18 00:00:00-04:00,405.34573674704745,406.5895318440509,398.7517067920222,399.06756591796875,21029900,0.0,0.0
2024-04-19 00:00:00-04:00,398.8306438099327,400.2619961941858,392.6511924508159,393.98382568359375,30565800,0.0,0.0
2024-04-22 00:00:00-04:00,394.93142960410273,397.66580225513326,390.6571648456916,395.80010986328125,20286900,0.0,0.0
2024-04-23 00:00:00-04:00,399.0379699896353,402.9470318520377,397.87316221870356,402.32513427734375,15734500,0.0,0.0
2024-04-24 00:00:00-04:00,404.28946405238224,407.16201954597966,401.54524043863097,403.7958984375,15065300,0.0,0.0
2024-04-25 00:00:00-04:00,388.9593393273181,394.74394432686086,383.0365516126927,393.9048767089844,40586500,0.0,0.0
2024-04-26 00:00:00-04:00,406.86594145886636,407.6852472237732,400.5384258954466,401.0912170410156,29694700,0.0,0.0
2024-04-29 00:00:00-04:00,400.03497187375575,401.09120962785465,394.0529584180936,397.0735778808594,19582100,0.0,0.0
2024-04-30 00:00:00-04:00,396.323344705487,396.9847359459567,384.16190971715395,384.31982421875,28781400,0.0,0.0
2024-05-01 00:00:00-04:00,387.5576027140766,396.55038446355206,385.287212788776,389.8576354980469,23562500,0.0,0.0
2024-05-02 00:00:00-04:00,392.5426299953367,394.7834071649824,389.5713551906569,392.7203063964844,17709400,0.0,0.0
2024-05-03 00:00:00-04:00,397.10317892533544,401.9105035456356,396.68857052359846,401.42681884765625,17446700,0.0,0.0
2024-05-06 00:00:00-04:00,403.49971526347656,408.6031661449882,401.14045749099284,408.21820068359375,16996600,0.0,0.0
2024-05-07 00:00:00-04:00,409.3238724572391,409.3337534102894,403.82554383275414,404.07232666015625,20018200,0.0,0.0
2024-05-08 00:00:00-04:00,402.91740058487204,406.92515129872777,401.47616718048914,405.25689697265625,11792300,0.0,0.0
2024-05-09 00:00:00-04:00,405.2865276969193,407.4088540854312,403.8354433999152,407.0140075683594,14689700,0.0,0.0
2024-05-10 00:00:00-04:00,407.6259773286798,410.0345799682454,406.5006332532913,409.4028015136719,13402300,0.0,0.0
2024-05-13 00:00:00-04:00,412.6307673185676,412.96638834799694,405.53329081056893,408.3959655761719,15440200,0.0,0.0
2024-05-14 00:00:00-04:00,406.71781742817865,412.117426712038,406.25386452353786,411.19940185546875,15109300,0.0,0.0
2024-05-15 00:00:00-04:00,413.26623802905556,419.1107104287916,412.64321876209584,418.3887939453125,22239500,0.75,0.0
2024-05-16 00:00:00-04:00,417.1229765763839,420.7028625691673,415.6890726034355,416.32196044921875,17530100,0.0,0.0
2024-05-17 00:00:00-04:00,417.8548407966732,418.2306321456543,413.3948384903914,415.5506591796875,15352200,0.0,0.0
2024-05-20 00:00:00-04:00,415.55056602849584,422.0378241947753,415.3330042530759,420.6236877441406,16272100,0.0,0.0
2024-05-21 00:00:00-04:00,422.09719809997813,428.1691308622737,420.1391721073256,424.28271484375,21453300,0.0,0.0
2024-05-22 00:00:00-04:00,425.32108253196407,427.61536520540614,422.393911984686,425.7463073730469,18073700,0.0,0.0
2024-05-23 00:00:00-04:00,428.16918610338234,428.79220542840363,420.70291333785167,422.265380859375,17211700,0.0,0.0
2024-05-24 00:00:00-04:00,422.4532504584075,426.2803344425143,419.70407675613797,425.39031982421875,11855300,0.0,0.0
2024-05-28 00:00:00-04:00,424.86614094038555,426.0429482844811,421.8697396793398,425.5484924316406,15718000,0.0,0.0
2024-05-29 00:00:00-04:00,420.96986151310944,426.1616484009117,420.96986151310944,424.4112854003906,15517100,0.0,0.0
2024-05-30 00:00:00-04:00,419.59521565544946,419.59521565544946,409.64676652386225,410.072021484375,28394500,0.0,0.0
2024-05-31 00:00:00-04:00,412.12894862008176,412.12894862008176,400.02467913858675,410.52691650390625,47995300,0.0,0.0
2024-06-03 00:00:00-04:00,410.92253691489856,411.81255153776027,404.3858441186775,408.934814453125,17484700,0.0,0.0
2024-06-04 00:00:00-04:00,407.85685925302585,411.82240496411936,405.1373519842431,411.4565124511719,14348900,0.0,0.0
2024-06-05 00:00:00-04:00,413.1772670336835,419.3777336097301,411.6840004488704,419.30853271484375,16988000,0.0,0.0
2024-06-06 00:00:00-04:00,419.3084807052153,420.5940539083252,415.9164904670929,419.81280517578125,14861300,0.0,0.0
2024-06-07 00:00:00-04:00,421.47421729884104,421.55331696325794,418.30968749669245,419.1502685546875,13621700,0.0,0.0
2024-06-10 00:00:00-04:00,419.99086828849937,423.33336493941925,419.18985211669025,423.1257019042969,13982900,0.0,0.0
2024-06-11 00:00:00-04:00,420.76217780161693,428.02078634829667,420.5347172370151,427.88232421875,14551100,0.0,0.0
2024-06-12 00:00:00-04:00,430.493059431206,438.48345289149796,428.4460049171592,436.1694030761719,22366200,0.0,0.0
2024-06-13 00:00:00-04:00,435.96176849341106,438.47361288924054,434.498168180252,436.68365478515625,15960600,0.0,0.0
2024-06-14 00:00:00-04:00,433.42024926631433,438.2263761607837,431.877549319742,437.6626892089844,13582000,0.0,0.0
2024-06-17 00:00:00-04:00,437.68243737571277,445.9398563271766,435.83317727597375,443.3983459472656,20790000,0.0,0.0
2024-06-18 00:00:00-04:00,444.7235276745664,445.1487826948382,439.95699562171353,441.3908996582031,17112500,0.0,0.0
2024-06-20 00:00:00-04:00,441.35128797574686,441.57874853555217,436.377063237948,440.7579650878906,19877400,0.0,0.0
2024-06-21 00:00:00-04:00,442.4194031605516,445.5839030794592,441.55905465078865,444.79278564453125,34187100,0.0,0.0
2024-06-24 00:00:00-04:00,444.812502964026,447.72980476303803,441.4601077502006,442.7061462402344,15913700,0.0,0.0
2024-06-25 00:00:00-04:00,443.27966392090804,446.41452724911966,441.7962963896613,445.9497375488281,16413400,0.0,0.0
2024-06-26 00:00:00-04:00,444.02139740080895,448.57039770845984,443.22038125858614,447.1463623046875,16507000,0.0,0.0
2024-06-27 00:00:00-04:00,447.16615113611203,451.1119299222234,446.76069365788027,447.8287353515625,14806300,0.0,0.0
2024-06-28 00:00:00-04:00,448.04624507062687,450.33062875420535,441.46008932267114,441.9941101074219,28362300,0.0,0.0
2024-07-01 00:00:00-04:00,443.6851547691378,452.2985677661532,440.7184194830795,451.6656799316406,17662800,0.0,0.0
2024-07-02 00:00:00-04:00,448.17483800659534,454.4939686896818,448.08580938726794,454.1874084472656,13979800,0.0,0.0
2024-07-03 00:00:00-04:00,453.1095094538045,455.90811662700247,452.8029492037819,455.660888671875,9932800,0.0,0.0
2024-07-05 00:00:00-04:00,454.5137192746822,463.15682857412344,453.88083144181417,462.3755798339844,16000300,0.0,0.0
2024-07-08 00:00:00-04:00,461.37678118625774,462.5140538822785,459.30995917726233,461.0702209472656,12962300,0.0,0.0
2024-07-09 00:00:00-04:00,461.8218233419158,462.14815096607435,452.92161689635424,454.4445495605469,17207200,0.0,0.0
2024-07-10 00:00:00-04:00,456.1059138794407,461.2878021935715,453.7720662754438,461.08013916015625,18196100,0.0,0.0
2024-07-11 00:00:00-04:00,457.84639154158754,459.6264206924659,446.54310684217364,449.658203125,23111200,0.0,0.0
2024-07-12 00:00:00-04:00,449.2922544857781,451.2997440970952,445.653066550447,448.5209045410156,16324300,0.0,0.0
2024-07-15 00:00:00-04:00,448.2737061930426,452.18981864416236,446.4244459584992,448.9263916015625,14429400,0.0,0.0
2024-07-16 00:00:00-04:00,449.1835423040314,449.26264197328965,441.7073711225493,444.53564453125,17175700,0.0,0.0
2024-07-17 00:00:00-04:00,437.6824311668857,439.9173812942367,434.3102386061198,438.60211181640625,21778000,0.0,0.0
2024-07-18 00:00:00-04:00,439.41307217646386,439.71963242472316,429.5832863227986,435.4870910644531,20794800,0.0,0.0
2024-07-19 00:00:00-04:00,428.2976681537138,436.2485267618823,427.209859235563,432.26318359375,20940400,0.0,0.0
2024-07-22 00:00:00-04:00,436.89132199854777,439.6701615477493,434.04325138518465,438.028564453125,15808800,0.0,0.0
2024-07-23 00:00:00-04:00,438.9779107012884,443.4181448887154,438.186793389343,439.9173889160156,13107100,0.0,0.0
2024-07-24 00:00:00-04:00,435.5662057633114,436.58478368998954,422.8487845737653,424.1442565917969,26805800,0.0,0.0
2024-07-25 00:00:00-04:00,424.0453575896341,425.0342693658965,412.88056536465024,413.76068115234375,29943800,0.0,0.0
2024-07-26 00:00:00-04:00,413.5629210032518,424.1640565570156,412.64321010602674,420.55450439453125,23583800,0.0,0.0
2024-07-29 00:00:00-04:00,426.7945193727036,427.3582063126635,419.9908318898155,421.9983215332031,15125800,0.0,0.0
2024-07-30 00:00:00-04:00,422.97729365037264,424.2925328707101,412.7321532267363,418.23052978515625,32687600,0.0,0.0
2024-07-31 00:00:00-04:00,415.8373969334193,417.10320278469345,407.6393099563061,413.71124267578125,42891400,0.0,0.0
2024-08-01 00:00:00-04:00,416.12417291556886,422.7201972162586,408.50954056683383,412.4849548339844,30296400,0.0,0.0
2024-08-02 00:00:00-04:00,407.91618767034436,410.39836575672,399.85656314975535,403.9605407714844,29437900,0.0,0.0
2024-08-05 00:00:00-04:00,384.8548203739987,396.59319866894845,381.30460043688157,390.76849365234375,40709200,0.0,0.0
2024-08-06 00:00:00-04:00,395.5647061878266,401.1718491768835,394.0813385396222,395.17901611328125,24946500,0.0,0.0
2024-08-07 00:00:00-04:00,404.1088952385133,405.5329003345715,393.062738170502,394.0120849609375,20650900,0.0,0.0
2024-08-08 00:00:00-04:00,397.97765609010867,401.3597174512935,395.50537665916386,398.2248840332031,20203000,0.0,0.0
2024-08-09 00:00:00-04:00,399.5500195790903,403.5254340135955,397.799656617914,401.5179443359375,19276700,0.0,0.0
2024-08-12 00:00:00-04:00,402.5464528145219,404.2276150210423,399.75771417136446,402.2992248535156,16762900,0.0,0.0
2024-08-13 00:00:00-04:00,405.0483994374045,410.3489826258754,405.02863206499177,409.4194030761719,19414300,0.0,0.0
2024-08-14 00:00:00-04:00,410.200606537794,413.0882423005823,407.87668792866015,412.2377624511719,18267000,0.0,0.0
2024-08-15 00:00:00-04:00,415.8934346982465,417.19124174906176,413.7733647214418,417.11199951171875,20752100,0.75,0.0
2024-08-16 00:00:00-04:00,416.6859891605723,417.4190931983878,413.4166801400684,414.5758056640625,22775600,0.0,0.0
2024-08-19 00:00:00-04:00,415.06120860773046,417.8252537249248,412.58447325666395,417.6072998046875,15234000,0.0,0.0
2024-08-20 00:00:00-04:00,417.7757654099591,421.8970267669262,417.7163261753405,420.8468933105469,16387600,0.0,0.0
2024-08-21 00:00:00-04:00,420.1335847320776,422.4320025414326,417.79556092274566,420.19305419921875,16067300,0.0,0.0
2024-08-22 00:00:00-04:00,420.4109661556474,422.8183759816575,410.7516979364214,411.6829528808594,19361900,0.0,0.0
2024-08-23 00:00:00-04:00,413.0996723021897,415.3584538355035,408.255163223579,412.91143798828125,18493800,0.0,0.0
2024-08-26 00:00:00-04:00,412.4953551222988,413.3968905070922,407.5121643134923,409.64215087890625,13152800,0.0,0.0
2024-08-27 00:00:00-04:00,409.01800038370646,410.5040417108967,406.43230298651787,409.9888916015625,13492900,0.0,0.0
2024-08-28 00:00:00-04:00,411.0192227861693,411.13810125518216,403.5196602855256,406.779052734375,14882700,0.0,0.0
2024-08-29 00:00:00-04:00,411.078675041423,418.12249665584295,406.77906561893394,409.2756042480469,17045200,0.0,0.0
2024-08-30 00:00:00-04:00,411.73253163556785,413.604928025177,408.2948214180594,413.2582092285156,24308300,0.0,0.0
2024-09-03 00:00:00-04:00,414.0210025733613,415.97267128987687,403.2422452090673,405.62982177734375,20313600,0.0,0.0
2024-09-04 00:00:00-04:00,402.1326826766194,407.4130694116055,400.60700515715166,405.0948486328125,15135800,0.0,0.0
2024-09-05 00:00:00-04:00,403.82677622219455,409.2557914736051,402.3506514977997,404.5896301269531,14195500,0.0,0.0
2024-09-06 00:00:00-04:00,405.2533785520499,406.8285787467922,397.070234552708,397.9618835449219,19609500,0.0,0.0
2024-09-09 00:00:00-04:00,403.45027169819457,404.8471540629301,398.4076421561328,401.9444274902344,15295100,0.0,0.0
2024-09-10 00:00:00-04:00,404.4013853254675,412.45570379102855,403.90603822449737,410.3455505371094,19594300,0.0,0.0
2024-09-11 00:00:00-04:00,411.6334289532487,420.044412808737,405.7685061452882,419.103271484375,19266900,0.0,0.0
2024-09-12 00:00:00-04:00,419.37079441814797,423.39301078748264,415.84392519019525,423.0264587402344,17395700,0.0,0.0
2024-09-13 00:00:00-04:00,421.8672937914901,427.8114589338371,421.5007417784194,426.5830078125,15874600,0.0,0.0
2024-09-16 00:00:00-04:00,426.5929152766965,429.49564193620427,424.2350583167788,427.3260192871094,13834700,0.0,0.0
2024-09-17 00:00:00-04:00,436.13332953102315,437.73824933805764,428.24738173228826,431.1005859375,18874200,0.0,0.0
2024-09-18 00:00:00-04:00,430.95197545729616,431.9723892702998,426.40469272360485,426.80096435546875,18898000,0.0,0.0
2024-09-19 00:00:00-04:00,437.1240071994986,437.3914837460106,432.8342844371603,434.6076354980469,21706600,0.0,0.0
2024-09-20 00:00:00-04:00,433.15131768035957,435.1525090726311,430.17923509170157,431.2194519042969,55167100,0.0,0.0
2024-09-23 00:00:00-04:00,430.23871483209905,432.3984211271342,426.3849297674345,429.47589111328125,15128900,0.0,0.0
2024-09-24 00:00:00-04:00,428.9705844602765,429.31733347364775,422.1348005929618,425.1762390136719,17015800,0.0,0.0
2024-09-25 00:00:00-04:00,425.8300855631319,429.08947802981356,424.58183139807875,428.0888671875,13396400,0.0,0.0
2024-09-26 00:00:00-04:00,431.0411178765214,431.2491551844422,425.1365891561316,427.2962951660156,14492000,0.0,0.0
2024-09-27 00:00:00-04:00,427.5043252487667,427.8312712464172,423.4920260673168,424.0368957519531,14896100,0.0,0.0
2024-09-30 00:00:00-04:00,424.2251072794119,426.4145629837361,421.4115396953842,426.295654296875,16807300,0.0,0.0
2024-10-01 00:00:00-04:00,424.4629120903149,424.49263170487137,414.9126061650303,416.7751159667969,19092900,0.0,0.0
2024-10-02 00:00:00-04:00,418.6475255390392,418.8853126966806,412.8321556473641,413.2482604980469,16582300,0.0,0.0
2024-10-03 00:00:00-04:00,413.7436103396226,415.64572621192764,410.43469544557,412.66375732421875,13686400,0.0,0.0
2024-10-04 00:00:00-04:00,414.34796923067006,415.84392727991013,411.10840979384466,412.1882629394531,19169700,0.0,0.0
2024-10-07 00:00:00-04:00,412.12881943831235,413.2284755742096,405.1939594958407,405.72894287109375,20919800,0.0,0.0
2024-10-08 00:00:00-04:00,407.0762569270798,411.79197118142247,404.37168100298584,410.8507995605469,19229300,0.0,0.0
2024-10-09 00:00:00-04:00,411.99007853410836,416.46803570058375,410.4445979894132,413.5751953125,14974300,0.0,0.0
2024-10-10 00:00:00-04:00,411.3659364512592,413.46620317952954,409.3052757201966,411.9702453613281,13848400,0.0,0.0
2024-10-11 00:00:00-04:00,412.26751359253427,413.24829121073924,409.4043927403761,412.4458312988281,14144900,0.0,0.0
2024-10-14 00:00:00-04:00,413.8822865985765,420.0939583051494,413.63461305961806,415.23956298828125,16653100,0.0,0.0
2024-10-15 00:00:00-04:00,418.2512520382671,418.54847842558434,411.39566540112634,414.84326171875,18900200,0.0,0.0
2024-10-16 00:00:00-04:00,411.3065088320687,412.48540707078536,406.660150790306,412.2476501464844,15508900,0.0,0.0
2024-10-17 00:00:00-04:00,418.429601804324,418.5683135090887,411.722612729939,412.84210205078125,14820000,0.0,0.0
2024-10-18 00:00:00-04:00,413.25817959093666,415.74480139281076,412.3863638860618,414.2686767578125,17145300,0.0,0.0
2024-10-21 00:00:00-04:00,412.2476842514802,415.06125227829034,409.89974372900497,414.8829345703125,14206100,0.0,0.0
2024-10-22 00:00:00-04:00,414.595626294547,426.57311612841215,414.1498320229674,423.5317077636719,25482200,0.0,0.0
2024-10-23 00:00:00-04:00,426.8504984713963,427.06845240983137,418.59802889539156,420.6487731933594,19654400,0.0,0.0
2024-10-24 00:00:00-04:00,421.3719191439679,422.0158945124843,418.4691926119839,420.77752685546875,13581600,0.0,0.0
2024-10-25 00:00:00-04:00,422.78866124967664,428.4950392124222,422.6004269353124,424.16571044921875,16899100,0.0,0.0
2024-10-28 00:00:00-04:00,427.6430970369736,427.920490226357,422.3329599684467,422.6202697753906,14882400,0.0,0.0
2024-10-29 00:00:00-04:00,424.017135059726,429.13903758740884,421.83759563654417,427.9303894042969,17644100,0.0,0.0
2024-10-30 00:00:00-04:00,433.3692866656604,434.4194201314416,428.0789831021246,428.5049743652344,29749100,0.0,0.0
2024-10-31 00:00:00-04:00,411.49476909921253,412.2873426777555,402.51908117814946,402.5686340332031,53971000,0.0,0.0
2024-11-01 00:00:00-04:00,405.20384836550784,411.63344411141696,403.7078904341815,406.5511779785156,24230400,0.0,0.0
2024-11-04 00:00:00-05:00,405.9864621175824,406.6007179042562,401.79584509345045,404.658935546875,19672300,0.0,0.0
2024-11-05 00:00:00-05:00,404.5698009147436,411.0390330760231,404.28249112047496,407.63104248046875,17626000,0.0,0.0
2024-11-06 00:00:00-05:00,408.58207082875424,416.53734318018286,406.69972786661066,416.26983642578125,26681800,0.0,0.0
2024-11-07 00:00:00-05:00,417.35969403235873,422.87786854652984,415.97272805729,421.4710693359375,19901800,0.0,0.0
2024-11-08 00:00:00-05:00,421.3620693729889,422.5310812867246,417.8550033981939,418.6079406738281,16891400,0.0,0.0
2024-11-11 00:00:00-05:00,418.58809689323664,420.8567950462537,412.1287816798458,414.1200866699219,24503300,0.0,0.0
2024-11-12 00:00:00-05:00,414.3578665238478,420.4902662976637,413.317649663667,419.0933837890625,19401200,0.0,0.0
2024-11-13 00:00:00-05:00,417.7163255743709,425.3347363138495,414.31822142109314,421.2431945800781,21502200,0.0,0.0
2024-11-14 00:00:00-05:00,421.04505383486753,424.1855678921326,416.0915826132808,422.91748046875,30246900,0.0,0.0
2024-11-15 00:00:00-05:00,415.91324532993855,418.86549468955633,409.79076244428035,411.1380920410156,28247600,0.0,0.0
2024-11-18 00:00:00-05:00,411.0093198489206,414.50646935219214,408.2651076525754,411.89105224609375,24727000,0.0,0.0
2024-11-19 00:00:00-05:00,409.2656885605185,414.0507587358417,407.7202079437107,413.90216064453125,18133500,0.0,0.0
2024-11-20 00:00:00-05:00,412.9906674094557,413.4067722571845,406.75919271133495,411.6235046386719,19191700,0.0,0.0
2024-11-21 00:00:00-05:00,416.4281041493026,416.70605256605285,407.28555520801666,409.8466491699219,20780200,0.83,0.0
2024-11-22 00:00:00-05:00,408.35760329128635,414.3434454251094,408.04987579157546,413.9463806152344,24814600,0.0,0.0
2024-11-25 00:00:00-05:00,415.3162958278843,417.99650611752486,411.812146489521,415.7232971191406,27691100,0.0,0.0
2024-11-26 00:00:00-05:00,416.5174436728799,425.89825580258685,415.78287220202776,424.8559265136719,23458900,0.0,0.0
2024-11-27 00:00:00-05:00,421.99701856707253,424.10151982082925,418.92964944636213,419.8925476074219,18332400,0.0,0.0
2024-11-29 00:00:00-05:00,417.0137828520631,421.76871536801127,414.7405434642979,420.3591003417969,16271900,0.0,0.0
2024-12-02 00:00:00-05:00,418.48293944626425,429.82923270647603,418.22483367708463,427.82403564453125,20207200,0.0,0.0
2024-12-03 00:00:00-05:00,426.69236269283573,429.30310856781665,424.6077345204632,428.04241943359375,18302000,0.0,0.0
2024-12-04 00:00:00-05:00,429.8590208353051,436.45041220115866,429.4619560010729,434.2168884277344,26009400,0.0,0.0
2024-12-05 00:00:00-05:00,434.7131892508136,441.40382352297394,432.9760042447338,439.3787536621094,21697800,0.0,0.0
2024-12-06 00:00:00-05:00,439.0611189309198,442.8333105145372,438.5350012201072,440.32183837890625,18821000,0.0,0.0
2024-12-09 00:00:00-05:00,439.35893665859504,445.0469576507044,437.2743084708553,442.7538757324219,19144400,0.0,0.0
2024-12-10 00:00:00-05:00,441.1358533918597,446.32753597079886,438.3662754088612,440.0835876464844,18469500,0.0,0.0
2024-12-11 00:00:00-05:00,440.79832040277716,447.05220524938716,440.79832040277716,445.7021484375,19200200,0.0,0.0
2024-12-12 00:00:00-05:00,445.8212274935838,452.8196196905417,445.8212274935838,446.2679443359375,20834800,0.0,0.0
2024-12-13 00:00:00-05:00,445.15616611270633,448.124261247401,442.3170935669994,443.9947204589844,20177800,0.0,0.0
2024-12-16 00:00:00-05:00,443.99473862109255,448.86878750909034,442.01932060586137,448.2831115722656,23598800,0.0,0.0
2024-12-17 00:00:00-05:00,447.70736185197006,451.9560191338881,446.2779042343056,451.132080078125,22733500,0.0,0.0
2024-12-18 00:00:00-05:00,448.0150896587636,449.3353370303597,433.8197872534811,434.1871032714844,24444500,0.0,0.0
2024-12-19 00:00:00-05:00,438.38612742715867,439.9347015317489,433.12495005824394,433.8297424316406,22963700,0.0,0.0
2024-12-20 00:00:00-05:00,429.93842886665163,440.4905928728717,425.4912541783927,433.40289306640625,64263700,0.0,0.0
2024-12-23 00:00:00-05:00,433.54185407205193,434.44519400818086,429.6604823749245,432.0627746582031,19152500,0.0,0.0
2024-12-24 00:00:00-05:00,431.4671320524487,436.38089623186573,431.010509030067,436.11285400390625,7164500,0.0,0.0
2024-12-26 00:00:00-05:00,435.86472311645826,437.7111185947039,433.4326819773249,434.9018249511719,8194200,0.0,0.0
2024-12-27 00:00:00-05:00,431.4175228637617,432.0329778888151,423.2279358558446,427.3773193359375,18117700,0.0,0.0
2024-12-30 00:00:00-05:00,422.9400590771193,424.41913845880714,418.8105181563676,421.71905517578125,13158700,0.0,0.0
2024-12-31 00:00:00-05:00,422.97977346202197,423.6051649635355,417.5796069111211,418.4134521484375,13246500,0.0,0.0
2025-01-02 00:00:00-05:00,422.4139505741353,422.9500047735069,411.81216477472935,415.51483154296875,16896500,0.0,0.0
2025-01-03 00:00:00-05:00,417.996542116602,420.92495225496697,416.4678408938124,420.24993896484375,16662900,0.0,0.0
2025-01-06 00:00:00-05:00,424.8658449852562,431.1395722098291,422.36430932720185,424.7169494628906,20573600,0.0,0.0
2025-01-07 00:00:00-05:00,425.85852385294453,427.49643519355806,417.7185585987197,419.2770690917969,18139100,0.0,0.0
2025-01-08 00:00:00-05:00,420.35912921204886,423.84343629743364,418.45320572340466,421.4510803222656,15054600,0.0,0.0
2025-01-10 00:00:00-05:00,421.52050962504774,421.59991046888086,411.98086631184646,415.8821105957031,20201100,0.0,0.0
2025-01-13 00:00:00-05:00,412.19930745359136,415.4354451072025,409.27092762989713,414.1350402832031,17604800,0.0,0.0
2025-01-14 00:00:00-05:00,414.7505038729655,416.66636380793307,407.7124253904485,412.6261901855469,16935900,0.0,0.0
2025-01-15 00:00:00-05:00,416.06081709812753,425.01475491103537,415.20709891745935,423.188232421875,19637800,0.0,0.0
2025-01-16 00:00:00-05:00,425.56074187721237,426.34493507947604,421.28230542678756,421.47088623046875,15300000,0.0,0.0
2025-01-17 00:00:00-05:00,430.9112808415576,431.29843952552403,425.03464825408395,425.8883361816406,26197500,0.0,0.0
2025-01-21 00:00:00-05:00,427.04974598441896,427.74460185190514,422.4834247796493,425.3621826171875,26085700,0.0,0.0
2025-01-22 00:00:00-05:00,434.3558409675422,443.9947282693763,432.8072669314077,442.9325866699219,27803800,0.0,0.0
2025-01-23 00:00:00-05:00,438.76331124507635,443.4785278251988,438.266972657695,443.4388122558594,18389300,0.0,0.0
2025-01-24 00:00:00-05:00,441.9001784993804,443.37925780820444,438.1677025965132,440.8082275390625,15549500,0.0,0.0
2025-01-27 00:00:00-05:00,420.9051049056437,432.01316613773105,420.3988297966623,431.3778381347656,35647800,0.0,0.0
2025-01-28 00:00:00-05:00,431.4175531471292,445.0966448918235,428.2211310848717,443.92529296875,23491700,0.0,0.0
2025-01-29 00:00:00-05:00,443.41900040059096,443.60761150041753,437.17505205552743,439.0909118652344,23581400,0.0,0.0
2025-01-30 00:00:00-05:00,415.7033987332922,419.7634446369454,410.1344944692085,411.9510803222656,54586300,0.0,0.0
2025-01-31 00:00:00-05:00,415.9119381542539,417.60940782263856,411.87173434946413,412.0206298828125,34161900,0.0,0.0
2025-02-03 00:00:00-05:00,408.5859323997036,412.3680300232083,405.6674590737405,407.9109191894531,25679100,0.0,0.0
2025-02-04 00:00:00-05:00,409.6679752687522,410.8889791877868,406.739565274027,409.3503112792969,20532100,0.0,0.0
2025-02-05 00:00:00-05:00,409.33046130378085,410.7996042139957,407.39472859021873,410.2635803222656,16316700,0.0,0.0
2025-02-06 00:00:00-05:00,410.9684054782215,415.1376622891217,410.9684054782215,412.77508544921875,16309800,0.0,0.0
2025-02-07 00:00:00-05:00,413.4302096384315,415.58430218979566,405.1115698860282,406.7494812011719,22886800,0.0,0.0
2025-02-10 00:00:00-05:00,410.6805260475913,412.41771135959095,407.9109781333607,409.2014465332031,20817900,0.0,0.0
2025-02-11 00:00:00-05:00,406.64031711794166,409.4694230026259,406.30278019920314,408.4271240234375,18140600,0.0,0.0
2025-02-12 00:00:00-05:00,404.2280919312538,407.742177856358,401.40889219439293,406.0447082519531,19121700,0.0,0.0
2025-02-13 00:00:00-05:00,404.01963601763975,407.99034497113007,403.38430804391083,407.5337219238281,23891700,0.0,0.0
2025-02-14 00:00:00-05:00,404.80385028408716,405.91564391864586,402.9078331667541,405.43914794921875,22758500,0.0,0.0
2025-02-18 00:00:00-05:00,405.012314606688,407.593281493885,403.5232987441634,406.64031982421875,21423100,0.0,0.0
2025-02-19 00:00:00-05:00,404.89319663470326,412.44745587382107,404.66486996411237,411.73272705078125,24114200,0.0,0.0
2025-02-20 00:00:00-05:00,413.0755545581438,417.07410775463984,410.3402184035009,413.91107177734375,23508700,0.83,0.0
2025-02-21 00:00:00-05:00,415.11458446579724,415.8207899827264,405.71499358869687,406.03326416015625,27524800,0.0,0.0
2025-02-24 00:00:00-05:00,406.3316944915949,407.1870941067446,397.1906962904959,401.8457336425781,26443700,0.0,0.0
2025-02-25 00:00:00-05:00,398.9612079589026,399.77684273234365,394.58467628789543,395.77825927734375,29387400,0.0,0.0
2025-02-26 00:00:00-05:00,395.8877115559134,401.44790050472056,392.1477511905504,397.5985412597656,19619000,0.0,0.0
2025-02-27 00:00:00-05:00,399.1302439589128,403.57640920067746,390.078793376817,390.4368591308594,21127400,0.0,0.0
2025-02-28 00:00:00-05:00,390.5662102627109,395.50970978817173,384.50868780557136,394.87310791015625,32845700,0.0,0.0
2025-03-03 00:00:00-05:00,396.693360360252,396.693360360252,384.1008642400347,386.4184265136719,23007700,0.0,0.0
2025-03-04 00:00:00-05:00,381.3555708063787,390.48661254503907,378.9683745181786,386.53778076171875,29342900,0.0,0.0
2025-03-05 00:00:00-05:00,387.2639110911412,399.52818059067016,386.73673843465946,398.8816223144531,23433100,0.0,0.0
2025-03-06 00:00:00-05:00,392.1775528184261,400.00558222724027,390.5860785359009,394.7736511230469,23304600,0.0,0.0
2025-03-07 00:00:00-05:00,390.2280572001935,392.6948137819321,383.4842110998894,391.2127685546875,22034100,0.0,0.0
2025-03-10 00:00:00-04:00,383.7825787420743,384.3395902213564,375.20854809150063,378.13287353515625,32840100,0.0,0.0
2025-03-11 00:00:00-04:00,376.9790454259089,383.9417190881288,374.900193646485,378.42132568359375,30380200,0.0,0.0
2025-03-12 00:00:00-04:00,380.9080172396425,383.1659020465141,376.92934634163805,381.2262878417969,24253600,0.0,0.0
2025-03-13 00:00:00-04:00,381.11688044146297,383.2653663209318,375.4373363609022,376.7502746582031,20473000,0.0,0.0
2025-03-14 00:00:00-04:00,377.7548866940246,388.1491759928466,377.48633735073093,386.4880676269531,19952800,0.0,0.0
2025-03-17 00:00:00-04:00,384.6380144395121,390.61594671729495,383.51403507382423,386.6273498535156,22474300,0.0,0.0
2025-03-18 00:00:00-04:00,385.0060336134189,385.3044217812384,379.06786623501773,381.4749450683594,19486900,0.0,0.0
2025-03-19 00:00:00-04:00,383.47421674907764,387.6020814133235,381.9523764633006,385.75201416015625,19185500,0.0,0.0
2025-03-20 00:00:00-04:00,383.68311164841384,389.70086948967395,381.2362375881449,384.7772521972656,18470500,0.0,0.0
2025-03-21 00:00:00-04:00,381.1765391094654,389.65109658333733,380.7587653391681,389.1736755371094,39675900,0.0,0.0
2025-03-24 00:00:00-04:00,393.2916146921325,393.2916146921325,387.7314257194749,390.9839782714844,21004500,0.0,0.0
2025-03-25 00:00:00-04:00,391.8194783223531,394.2464393645113,390.5463049956332,393.0528564453125,15775000,0.0,0.0
2025-03-26 00:00:00-04:00,392.89374127883343,393.2020858372719,386.49803525659746,387.89056396484375,16108400,0.0,0.0
2025-03-27 00:00:00-04:00,388.04970169840396,390.1484359049866,385.33424804034394,388.4972839355469,13766800,0.0,0.0
2025-03-28 00:00:00-04:00,386.01060482786494,387.05502406399853,374.920066699825,376.78009033203125,21632000,0.0,0.0
2025-03-31 00:00:00-04:00,370.5535270615956,375.05937069382594,365.2817698451425,373.3883361816406,35184700,0.0,0.0
2025-04-01 00:00:00-04:00,372.6522059403994,380.8084923075966,371.2397949635195,380.1520080566406,19689500,0.0,0.0
2025-04-02 00:00:00-04:00,375.95451763350314,383.02658976778645,374.61171028950673,380.102294921875,16092600,0.0,0.0
2025-04-03 00:00:00-04:00,372.79148704012755,375.4671453752222,367.38049274092737,371.12042236328125,30198000,0.0,0.0
2025-04-04 00:00:00-04:00,362.1883054506824,372.59251968554776,357.56310734248,357.9211730957031,49209900,0.0,0.0
2025-04-07 00:00:00-04:00,349.00899091860083,369.0216992388769,342.95146855480857,355.9517517089844,50425000,0.0,0.0
2025-04-08 00:00:00-04:00,366.2963320079612,371.65757505461033,348.38235725741856,352.66937255859375,35868900,0.0,0.0
2025-04-09 00:00:00-04:00,351.65482301024804,391.13318598606264,351.2171667990214,388.40777587890625,50199700,0.0,0.0
2025-04-10 00:00:00-04:00,380.02273387837465,381.85291877896515,365.838762955237,379.3165283203125,38024400,0.0,0.0
2025-04-11 00:00:00-04:00,378.61031016462425,387.97010607095405,376.86964177115533,386.378662109375,23839200,0.0,0.0
2025-04-14 00:00:00-04:00,391.1232211496066,392.54558862795363,382.1612557582716,385.7420654296875,19251200,0.0,0.0
2025-04-15 00:00:00-04:00,386.4383315419063,389.80031299588615,382.11152127039287,383.67315673828125,17199900,0.0,0.0
2025-04-16 00:00:00-04:00,378.6401344902522,379.5750941222194,366.03768244767394,369.62841796875,21967800,0.0,0.0
2025-04-17 00:00:00-04:00,371.757014425277,372.32398224080106,364.9336092793292,365.81884765625,21120200,0.0,0.0
2025-04-21 00:00:00-04:00,360.88536094814043,362.53651305850417,353.7734925946294,357.205078125,20807300,0.0,0.0
2025-04-22 00:00:00-04:00,361.44235434917846,365.80892977570767,357.94110461161955,364.864013671875,19485000,0.0,0.0
2025-04-23 00:00:00-04:00,374.05472426245655,378.3616523034824,371.0309260243866,372.3936462402344,20545500,0.0,0.0
2025-04-24 00:00:00-04:00,373.696621578229,386.37863321068227,373.18933139938025,385.2347412109375,22232300,0.0,0.0
2025-04-25 00:00:00-04:00,384.93638434344297,390.068873110604,382.54918803088736,389.7605285644531,18973200,0.0,0.0
2025-04-28 00:00:00-04:00,389.86991018310994,390.6457497092271,384.5783015368256,389.0741882324219,16579400,0.0,0.0
2025-04-29 00:00:00-04:00,389.2134328165618,392.99318803647833,388.2983555925269,391.9388427734375,14974000,0.0,0.0
2025-04-30 00:00:00-04:00,388.21877036685504,394.54487238441686,382.39003252749313,393.15234375,36461100,0.0,0.0
2025-05-01 00:00:00-04:00,428.81116623183453,434.65981700987567,422.6342884776108,423.1316223144531,58938100,0.0,0.0
2025-05-02 00:00:00-04:00,429.43779144193553,437.0967443095362,427.69712309519423,432.95892333984375,30757400,0.0,0.0
2025-05-05 00:00:00-04:00,430.5617862640975,437.15643772408293,429.80582912695047,433.8442077636719,20136100,0.0,0.0
2025-05-06 00:00:00-04:00,429.89535368794753,435.3958643635025,428.87084726264027,430.9994201660156,15104200,0.0,0.0
2025-05-07 00:00:00-04:00,431.5266230555768,435.7837995157977,428.8111693588705,431.03924560546875,23295300,0.0,0.0
2025-05-08 00:00:00-04:00,435.5948162408885,441.30422944958144,433.3369315017373,435.83355712890625,23491300,0.0,0.0
2025-05-09 00:00:00-04:00,437.6537503899646,438.38979471116045,433.55572467490674,436.3905334472656,15324200,0.0,0.0
2025-05-12 00:00:00-04:00,443.5621064267163,446.9738092745622,437.43494989219903,446.8644104003906,22821900,0.0,0.0
2025-05-13 00:00:00-04:00,445.392292323668,448.2668964878236,442.9851831830833,446.74505615234375,23618800,0.0,0.0
2025-05-14 00:00:00-04:00,445.75038756339603,451.4796527444761,445.75038756339603,450.5247802734375,19902800,0.0,0.0
2025-05-15 00:00:00-04:00,449.1894881249397,454.5904977674882,448.85068389062144,451.5412292480469,21992300,0.83,0.0
2025-05-16 00:00:00-04:00,450.4649678139624,452.7668658429008,447.15663182075053,452.67718505859375,23849800,0.0,0.0
2025-05-19 00:00:00-04:00,449.29907263869796,457.9785240250479,449.2193361148497,457.26104736328125,21336500,0.0,0.0
2025-05-20 00:00:00-04:00,453.9925667897047,456.73292449884485,452.72703072274504,456.56353759765625,15441800,0.0,0.0
2025-05-21 00:00:00-04:00,452.97617231921885,456.1749087494066,450.2258398312579,450.9831848144531,19216900,0.0,0.0
2025-05-22 00:00:00-04:00,453.3548479183862,458.63625267798704,452.30851122486644,453.26513671875,18025600,0.0,0.0
2025-05-23 00:00:00-04:00,448.402251486361,452.09923464302557,447.33599591595265,448.6015319824219,16883500,0.0,0.0
2025-05-27 00:00:00-04:00,454.87947686866386,459.33380513701957,454.5207233060155,459.07470703125,20974300,0.0,0.0
2025-05-28 00:00:00-04:00,459.60282918231184,460.8982588383752,455.3278626603832,455.75634765625,17086300,0.0,0.0
2025-05-29 00:00:00-04:00,459.93167902845283,460.10109634693043,453.71356774793736,457.0717468261719,13974800,0.0,0.0
2025-05-30 00:00:00-04:00,458.1080789456966,460.06119805700706,453.942742633105,458.7458190917969,34770500,0.0,0.0
2025-06-02 00:00:00-04:00,455.53716828611505,460.48971303831235,455.2880448481698,460.3502197265625,16626500,0.0,0.0
2025-06-03 00:00:00-04:00,459.85193916930956,462.51259067234093,459.2440622117471,461.3466796875,15743800,0.0,0.0
2025-06-04 00:00:00-04:00,462.3730793208357,464.05715611586317,461.3965045417047,462.2435302734375,14162700,0.0,0.0
2025-06-05 00:00:00-04:00,463.3296970825432,468.00325491639626,462.4029652503908,466.0401611328125,20131700,0.0,0.0
2025-06-06 00:00:00-04:00,468.4417517005521,471.6803564462113,467.13634729745564,468.7307434082031,15285600,0.0,0.0
2025-06-09 00:00:00-04:00,468.05311353771793,471.77001565920176,466.9768832876908,471.0924072265625,16469900,0.0,0.0
2025-06-10 00:00:00-04:00,469.53790223355384,471.14224260725143,465.3227226358238,469.26885986328125,15375900,0.0,0.0
2025-06-11 00:00:00-04:00,468.37197033665615,473.80287330978865,468.01324719222674,470.9628601074219,16399200,0.0,0.0
2025-06-12 00:00:00-04:00,473.3544415367432,478.73553201697933,471.8597009390277,477.1909484863281,18950600,0.0,0.0
2025-06-13 00:00:00-04:00,474.7395752703882,477.4998519181197,471.1023792861798,473.2946472167969,16814500,0.0,0.0
2025-06-16 00:00:00-04:00,473.5437784887318,479.00457509504827,473.3345233196989,477.46002197265625,15626100,0.0,0.0
2025-06-17 00:00:00-04:00,473.7331030955977,477.06138843382047,472.4177241014044,476.3638610839844,15414100,0.0,0.0
2025-06-18 00:00:00-04:00,476.3239856832242,479.313466764918,472.7963894918646,478.5561218261719,17526500,0.0,0.0
2025-06-20 00:00:00-04:00,480.53918652379775,481.76485435953526,475.1979642712812,475.7261047363281,37576200,0.0,0.0
2025-06-23 00:00:00-04:00,476.53326469371973,486.0398235242553,470.853268600571,484.29595947265625,24864000,0.0,0.0
2025-06-24 00:00:00-04:00,487.23560408546166,490.1254297173699,485.0931183138473,488.3915100097656,22305600,0.0,0.0
2025-06-25 00:00:00-04:00,490.3148017263918,492.8259550719198,487.67409932543603,490.5439758300781,17495100,0.0,0.0
2025-06-26 00:00:00-04:00,491.2514824256969,496.29373818928514,491.08206511354325,495.705810546875,21578900,0.0,0.0
2025-06-27 00:00:00-04:00,495.80545117387857,497.54931522943417,491.30131038962224,494.20111083984375,34539200,0.0,0.0
2025-06-30 00:00:00-04:00,495.2972567719388,499.0042146991214,493.5932305818623,495.66595458984375,28369000,0.0,0.0
2025-07-01 00:00:00-04:00,494.729222512998,496.30366915943387,489.2584818970934,490.32470703125,19945400,0.0,0.0
2025-07-02 00:00:00-04:00,488.2719538404123,491.76965656989233,486.98649882219644,489.36810302734375,16319600,0.0,0.0
2025-07-03 00:00:00-04:00,492.07857999859937,498.3764278450543,491.7098821739863,497.0909423828125,13984800,0.0,0.0
2025-07-07 00:00:00-04:00,495.6360493014733,497.0012408266234,493.4935938943106,495.974853515625,13981600,0.0,0.0
2025-07-08 00:00:00-04:00,495.4965138505155,496.4531696907806,492.3774837277821,494.8786926269531,11846600,0.0,0.0
2025-07-09 00:00:00-04:00,498.54580110123976,505.003091421344,497.98776704512187,501.74456787109375,18659500,0.0,0.0
2025-07-10 00:00:00-04:00,501.2861517097084,502.67129257213526,496.0047471787155,499.7216796875,16492100,0.0,0.0
2025-07-11 00:00:00-04:00,496.72220586888017,503.25920197660867,496.05454172265075,501.5552062988281,16459500,0.0,0.0
2025-07-14 00:00:00-04:00,499.7615155353931,502.2029372942231,499.273243347857,501.2562561035156,12058800,0.0,0.0
2025-07-15 00:00:00-04:00,501.2562471634966,506.51773265302506,501.027073076573,504.04644775390625,14927200,0.0,0.0
2025-07-16 00:00:00-04:00,503.40870828332856,504.9433171823036,500.1302657221866,503.84716796875,15154400,0.0,0.0
2025-07-17 00:00:00-04:00,503.9069415603956,511.5699807689203,503.84715436950415,509.9058532714844,17503100,0.0,0.0
2025-07-18 00:00:00-04:00,512.6760564474737,512.8355294984256,505.6507880659733,508.2615966796875,21209700,0.0,0.0
2025-07-21 00:00:00-04:00,504.93334625634344,510.29451797884275,503.777409841716,508.2716064453125,14066800,0.0,0.0
2025-07-22 00:00:00-04:00,509.1784090675831,509.40761357627605,503.4983825683594,503.4983825683594,13868600,0.0,0.0
2025-07-23 00:00:00-04:00,504.97317174446385,505.01304000657746,498.94439715180334,504.09625244140625,16396600,0.0,0.0
2025-07-24 00:00:00-04:00,506.98612743645725,511.86894085644093,505.5212803694045,509.0887451171875,16107000,0.0,0.0
2025-07-25 00:00:00-04:00,510.67314061143924,516.4727417364818,508.57055332296227,511.9088439941406,19125700,0.0,0.0
2025-07-28 00:00:00-04:00,512.2775105607909,513.1942677567645,508.3313735189307,510.7030334472656,14308000,0.0,0.0
2025-07-29 00:00:00-04:00,513.7224399565682,515.8050777848653,509.7663282358281,510.7727966308594,16469200,0.0,0.0
2025-07-30 00:00:00-04:00,513.3636552782116,514.1409495778635,507.6537656967309,511.4404296875,26380400,0.0,0.0
2025-07-31 00:00:00-04:00,553.2831833968122,553.5024436401114,530.0350289229713,531.62939453125,51617300,0.0,0.0
2025-08-01 00:00:00-04:00,533.1241083924594,533.9212911566675,519.0336734352546,522.2722778320312,28977600,0.0,0.0
2025-08-04 00:00:00-04:00,526.4177481275262,536.3627358241171,526.2782244119826,533.7619018554688,25349000,0.0,0.0
2025-08-05 00:00:00-04:00,535.2964641743647,535.41603854948,525.3913146279989,525.8995361328125,19171600,0.0,0.0
2025-08-06 00:00:00-04:00,529.0385508551038,529.8357336828143,522.1926437275052,523.0994262695312,21355700,0.0,0.0
2025-08-07 00:00:00-04:00,524.9528573399085,526.2383731099006,515.735290819572,519.0137939453125,16079100,0.0,0.0
2025-08-08 00:00:00-04:00,520.7676288144971,522.8204035830947,517.5888112007746,520.2095947265625,15531000,0.0,0.0
2025-08-11 00:00:00-04:00,520.4686618064882,525.7401525514866,517.8976909591346,519.9405517578125,20194400,0.0,0.0
2025-08-12 00:00:00-04:00,521.9135974657331,529.1182277589118,520.8672912006765,527.3843383789062,18667000,0.0,0.0
2025-08-13 00:00:00-04:00,530.244240271181,530.8321983067945,517.5489204522431,518.7546997070312,19619200,0.0,0.0
2025-08-14 00:00:00-04:00,520.7277467800332,524.1058750288076,518.3162490497452,520.6480102539062,20269100,0.0,0.0
2025-08-15 00:00:00-04:00,520.9370505811125,524.255330935539,517.2599862571353,518.3461303710938,25213300,0.0,0.0
2025-08-18 00:00:00-04:00,519.7611730136332,520.9868407954262,512.2177084457264,515.286865234375,23760600,0.0,0.0
2025-08-19 00:00:00-04:00,513.1942782099028,513.3536904476517,506.7668813962475,507.98260498046875,21481000,0.0,0.0
2025-08-20 00:00:00-04:00,508.0822507382742,509.2082935133009,502.6712971096552,503.9468078613281,27723000,0.0,0.0
2025-08-21 00:00:00-04:00,502.74904380636957,506.68168580920974,501.7808546744913,503.2980041503906,18443300,0.83,0.0
2025-08-22 00:00:00-04:00,503.3079962424447,509.77590173606455,501.471437254012,506.2824401855469,24324200,0.0,0.0
2025-08-25 00:00:00-04:00,505.6835608535286,507.2406441544574,503.1782400793436,503.3179931640625,21638600,0.0,0.0
2025-08-26 00:00:00-04:00,503.4177851675948,504.0366525259624,497.5787379824689,501.1021423339844,30835700,0.0,0.0
2025-08-27 00:00:00-04:00,501.06219963605827,506.34232576675964,498.96611661319633,505.7933349609375,17277900,0.0,0.0
2025-08-28 00:00:00-04:00,506.1426727693108,510.1352001425548,504.5556467937143,508.68792724609375,18015600,0.0,0.0
2025-08-29 00:00:00-04:00,507.7097597194238,508.64800611235046,503.5475364264987,505.7434387207031,20961600,0.0,0.0
2025-09-02 00:00:00-04:00,499.53505401941584,505.0547219959289,495.88188775050133,504.1763610839844,18128000,0.0,0.0
2025-09-03 00:00:00-04:00,502.8488615493355,506.8413890153064,501.3816064871684,504.40594482421875,16345100,0.0,0.0
2025-09-04 00:00:00-04:00,503.3578996917829,507.20071355848035,502.2100541109688,507.02105712890625,15509500,0.0,0.0
2025-09-05 00:00:00-04:00,508.11900990545524,511.0135863020471,491.4501951138555,494.0752868652344,31994800,0.0,0.0
2025-09-08 00:00:00-04:00,497.1794589519428,500.26371328397477,494.10522614671714,497.2693176269531,16771000,0.0,0.0
2025-09-09 00:00:00-04:00,500.4932596555404,501.3117351050236,496.77024724997165,497.4789123535156,14410500,0.0,0.0
2025-09-10 00:00:00-04:00,502.04038173392,502.2899147028095,495.7920664455459,499.43524169921875,21611800,0.0,0.0
2025-09-11 00:00:00-04:00,501.31173995388707,502.2300346920423,496.9499084839274,500.0740661621094,18881600,0.0,0.0
2025-09-12 00:00:00-04:00,505.70352006176233,511.59249216822343,502.9087629314118,508.94744873046875,23624900,0.0,0.0
2025-09-15 00:00:00-04:00,507.8395136770829,514.5069966795595,506.05284913244947,514.397216796875,17143800,0.0,0.0
2025-09-16 00:00:00-04:00,515.9144004162443,516.2637221986186,507.64986983793983,508.08905029296875,19711900,0.0,0.0
2025-09-17 00:00:00-04:00,509.6660849144807,510.33484666258875,504.9848440594251,509.06719970703125,15816600,0.0,0.0
2025-09-18 00:00:00-04:00,510.5344514878828,512.1115168727503,506.71161989545686,507.5001525878906,18913700,0.0,0.0
2025-09-19 00:00:00-04:00,509.6061757592278,518.3298380532008,509.35664280609984,516.96240234375,52474100,0.0,0.0
2025-09-22 00:00:00-04:00,514.6268375894382,516.772784556969,511.5824866494396,513.4889526367188,20009300,0.0,0.0
2025-09-23 00:00:00-04:00,512.8401566617626,513.6287198501773,506.3622903955001,508.2787170410156,19799600,0.0,0.0
2025-09-24 00:00:00-04:00,509.4265417419943,511.5225942719762,505.9730140478167,509.19696044921875,13533700,0.0,0.0
2025-09-25 00:00:00-04:00,507.3504106819217,509.0572380888419,504.09652154158834,506.0827941894531,15786500,0.0,0.0
2025-09-26 00:00:00-04:00,509.1071380786861,512.9798945996346,505.67356201643696,510.5045166015625,16213100,0.0,0.0
2025-09-29 00:00:00-04:00,510.5444265624633,515.8844074376258,507.9293260645142,513.6386108398438,17617800,0.0,0.0
2025-09-30 00:00:00-04:00,512.2811987663596,517.1919905812645,508.70790002171145,516.982421875,19728200,0.0,0.0
2025-10-01 00:00:00-04:00,513.8382741479315,519.5376290534263,510.7340986553811,518.7391357421875,22632300,0.0,0.0
2025-10-02 00:00:00-04:00,516.6730253227585,520.625588764222,509.7260051791023,514.7765502929688,21222900,0.0,0.0
2025-10-03 00:00:00-04:00,516.1339509263171,519.5176324904353,514.0378984273964,516.3834838867188,15112300,0.0,0.0
2025-10-06 00:00:00-04:00,517.6411650074094,530.0380069481532,517.2319577376861,527.5825805664062,21388600,0.0,0.0
2025-10-07 00:00:00-04:00,527.3030443984364,528.8102332144322,520.4658657072805,523.0010986328125,14615200,0.0,0.0
2025-10-08 00:00:00-04:00,522.3024933531,525.9656203925812,522.1128458539913,523.8695068359375,13363400,0.0,0.0
2025-10-09 00:00:00-04:00,521.3642478231245,523.3505205733983,516.4334737589328,521.4241333007812,18343600,0.0,0.0
2025-10-10 00:00:00-04:00,518.6692706129455,522.6019127014883,508.6779606337136,510.0054626464844,24133800,0.0,0.0
2025-10-13 00:00:00-04:00,515.4452371680482,515.4452371680482,510.7240930552238,513.0896606445312,14284200,0.0,0.0
2025-10-14 00:00:00-04:00,509.2768388871209,514.3174231454748,505.05473007895694,512.610595703125,14684300,0.0,0.0
2025-10-15 00:00:00-04:00,513.9979961583023,516.2238106749688,509.04724028199115,512.4708251953125,14694700,0.0,0.0
2025-10-16 00:00:00-04:00,511.62245544117155,515.884437136842,507.1807563967364,510.65423583984375,15559600,0.0,0.0
2025-10-17 00:00:00-04:00,508.0890780500653,514.5170195527368,506.3622988729776,512.62060546875,19867800,0.0,0.0
2025-10-20 00:00:00-04:00,513.6486038577511,517.730989827423,512.4708156147512,515.8245239257812,14665600,0.0,0.0
2025-10-21 00:00:00-04:00,516.533257830336,517.7210372272165,512.0815676283437,516.6929321289062,15586200,0.0,0.0
2025-10-22 00:00:00-04:00,520.1764726871388,524.2488070435115,516.7428964573043,519.5675659179688,18962700,0.0,0.0
2025-10-23 00:00:00-04:00,521.4839993377199,522.9712060783663,517.6411550810741,519.5875244140625,14023500,0.0,0.0
2025-10-24 00:00:00-04:00,521.8133604589415,524.3685757173844,519.7372899447384,522.6318359375,15532400,0.0,0.0
2025-10-27 00:00:00-04:00,530.7866236569336,533.5813808592218,528.0217787333662,530.527099609375,18734700,0.0,0.0
2025-10-28 00:00:00-04:00,548.9725518014023,552.6855732732587,539.7598137450263,541.057373046875,29986700,0.0,0.0
2025-10-29 00:00:00-04:00,543.9220119141725,545.2495444281135,535.7273269044096,540.538330078125,36023000,0.0,0.0
2025-10-30 00:00:00-04:00,529.4889853080866,533.9705877450752,521.1446173319796,524.77783203125,41023100,0.0,0.0
2025-10-31 00:00:00-04:00,527.8919782690999,528.3311587204174,514.137692119172,516.8426513671875,34006400,0.0,0.0
2025-11-03 00:00:00-05:00,518.8389228578652,523.9793263365088,513.628703759196,516.0641479492188,22374700,0.0,0.0
2025-11-04 00:00:00-05:00,510.80399534425794,514.5868933466259,506.8913048594995,513.3692016601562,20958700,0.0,0.0
2025-11-05 00:00:00-05:00,512.3410686781482,513.8682396575209,505.6336213981725,506.2125549316406,23024300,0.0,0.0
2025-11-06 00:00:00-05:00,504.7153625290288,504.75529633258907,494.88375756631746,496.1713562011719,27406500,0.0,0.0
2025-11-07 00:00:00-05:00,496.02163823572937,498.4470913363115,492.32853818272196,495.8918762207031,24019800,0.0,0.0
2025-11-10 00:00:00-05:00,499.10586069795033,505.9031361854127,497.8681564860657,505.0547180175781,26101500,0.0,0.0
2025-11-11 00:00:00-05:00,503.85694933091565,508.64800052182136,501.411544557113,507.7297058105469,17980000,0.0,0.0
2025-11-12 00:00:00-05:00,508.4084461357136,510.7141588310794,498.18758530403636,510.1851501464844,26574900,0.0,0.0
2025-11-13 00:00:00-05:00,509.3566671737073,512.54071024479,500.3535287599438,502.34979248046875,25273100,0.0,0.0
2025-11-14 00:00:00-05:00,497.2992409027003,510.644258818196,496.51070821491913,509.2268981933594,28505700,0.0,0.0
2025-11-17 00:00:00-05:00,507.5001596757347,511.16328656765256,503.9667643395777,506.54193115234375,19092800,0.0,0.0
2025-11-18 00:00:00-05:00,494.44458869198826,502.0403882023454,485.87063942574486,492.8675537109375,33815100,0.0,0.0
2025-11-19 00:00:00-05:00,489.18443539234676,494.264922953439,481.9279972054541,486.2099914550781,23245300,0.0,0.0
2025-11-20 00:00:00-05:00,492.7099914550781,493.57000732421875,475.5,478.42999267578125,26802500,0.91,0.0
2025-11-21 00:00:00-05:00,478.5,478.9200134277344,468.2699890136719,472.1199951171875,31769200,0.0,0.0
2025-11-24 00:00:00-05:00,475.0,476.8999938964844,468.0199890136719,474.0,34421000,0.0,0.0
2025-11-25 00:00:00-05:00,474.07000732421875,479.1499938964844,464.8900146484375,476.989990234375,28019800,0.0,0.0
2025-11-26 00:00:00-05:00,486.30999755859375,488.30999755859375,481.20001220703125,485.5,25709100,0.0,0.0
2025-11-28 00:00:00-05:00,487.6000061035156,492.6300048828125,486.6499938964844,492.010009765625,14386700,0.0,0.0
2025-12-01 00:00:00-05:00,488.44000244140625,489.8599853515625,484.6499938964844,486.739990234375,23964000,0.0,0.0
2025-12-02 00:00:00-05:00,486.7200012207031,493.5,486.32000732421875,490.0,19562700,0.0,0.0
2025-12-03 00:00:00-05:00,476.32000732421875,484.239990234375,475.20001220703125,477.7300109863281,34615100,0.0,0.0
2025-12-04 00:00:00-05:00,479.760009765625,481.32000732421875,476.489990234375,480.8399963378906,22318200,0.0,0.0
2025-12-05 00:00:00-05:00,482.5199890136719,483.3999938964844,478.8800048828125,483.1600036621094,22608700,0.0,0.0
2025-12-08 00:00:00-05:00,484.8900146484375,492.29998779296875,484.3800048828125,491.0199890136719,21965900,0.0,0.0
2025-12-09 00:00:00-05:00,489.1000061035156,492.1199951171875,488.5,492.0199890136719,14696100,0.0,0.0
2025-12-10 00:00:00-05:00,484.0299987792969,484.25,475.0799865722656,478.55999755859375,35756200,0.0,0.0
2025-12-11 00:00:00-05:00,476.6300048828125,486.0299987792969,475.8599853515625,483.4700012207031,24669200,0.0,0.0
2025-12-12 00:00:00-05:00,479.82000732421875,482.45001220703125,476.3399963378906,478.5299987792969,21248100,0.0,0.0
2025-12-15 00:00:00-05:00,480.1000061035156,480.7200012207031,472.5199890136719,474.82000732421875,23727700,0.0,0.0
2025-12-16 00:00:00-05:00,471.9100036621094,477.8900146484375,470.8800048828125,476.3900146484375,20705600,0.0,0.0
2025-12-17 00:00:00-05:00,476.9100036621094,480.0,475.0,476.1199951171875,24527200,0.0,0.0
2025-12-18 00:00:00-05:00,478.19000244140625,489.6000061035156,477.8900146484375,483.9800109863281,28573500,0.0,0.0
2025-12-19 00:00:00-05:00,487.3599853515625,487.8500061035156,482.489990234375,485.9200134277344,70836100,0.0,0.0
2025-12-22 00:00:00-05:00,486.1199951171875,488.7300109863281,482.69000244140625,484.9200134277344,16963000,0.0,0.0
2025-12-23 00:00:00-05:00,484.9800109863281,487.8299865722656,484.739990234375,486.8500061035156,14683600,0.0,0.0
2025-12-24 00:00:00-05:00,485.67999267578125,489.1600036621094,484.8299865722656,488.0199890136719,5855900,0.0,0.0
2025-12-26 00:00:00-05:00,486.7099914550781,488.1199951171875,485.9599914550781,487.7099914550781,8842200,0.0,0.0
2025-12-29 00:00:00-05:00,484.8599853515625,488.3500061035156,484.17999267578125,487.1000061035156,10893400,0.0,0.0
2025-12-30 00:00:00-05:00,485.92999267578125,489.67999267578125,485.5,487.4800109863281,13944500,0.0,0.0
2025-12-31 00:00:00-05:00,487.8399963378906,488.1400146484375,483.29998779296875,483.6199951171875,15601600,0.0,0.0
2026-01-02 00:00:00-05:00,484.3900146484375,484.6600036621094,470.1600036621094,472.94000244140625,25571600,0.0,0.0
2026-01-05 00:00:00-05:00,474.05999755859375,476.07000732421875,469.5,472.8500061035156,25250300,0.0,0.0
2026-01-06 00:00:00-05:00,473.79998779296875,478.739990234375,469.75,478.510009765625,23037700,0.0,0.0
2026-01-07 00:00:00-05:00,479.760009765625,489.70001220703125,477.95001220703125,483.4700012207031,25564200,0.0,0.0
2026-01-08 00:00:00-05:00,481.239990234375,482.6600036621094,475.8599853515625,478.1099853515625,18162600,0.0,0.0
2026-01-09 00:00:00-05:00,474.05999755859375,479.82000732421875,472.20001220703125,479.2799987792969,18491000,0.0,0.0
2026-01-12 00:00:00-05:00,476.6700134277344,480.989990234375,475.67999267578125,477.17999267578125,23519900,0.0,0.0
2026-01-13 00:00:00-05:00,474.67999267578125,475.7799987792969,465.95001220703125,470.6700134277344,28545800,0.0,0.0
2026-01-14 00:00:00-05:00,466.4599914550781,468.20001220703125,457.1700134277344,459.3800048828125,28184300,0.0,0.0
2026-01-15 00:00:00-05:00,464.1199951171875,464.25,455.8999938964844,456.6600036621094,23225800,0.0,0.0
2026-01-16 00:00:00-05:00,457.8299865722656,463.19000244140625,456.4800109863281,459.8599853515625,34246700,0.0,0.0
2026-01-20 00:00:00-05:00,451.2200012207031,456.79998779296875,449.2799987792969,454.5199890136719,26130000,0.0,0.0
2026-01-21 00:00:00-05:00,452.6000061035156,452.69000244140625,438.67999267578125,444.1099853515625,37980500,0.0,0.0
2026-01-22 00:00:00-05:00,447.6199951171875,452.8399963378906,444.70001220703125,451.1400146484375,25349400,0.0,0.0
2026-01-23 00:00:00-05:00,451.8699951171875,471.1000061035156,450.5299987792969,465.95001220703125,38000200,0.0,0.0
2026-01-26 00:00:00-05:00,465.30999755859375,474.25,462.0,470.2799987792969,29291200,0.0,0.0
2026-01-27 00:00:00-05:00,473.70001220703125,482.8699951171875,473.1600036621094,480.5799865722656,29213900,0.0,0.0
2026-01-28 00:00:00-05:00,483.2099914550781,483.739990234375,478.0,481.6300048828125,36875400,0.0,0.0
2026-01-29 00:00:00-05:00,439.989990234375,442.5,421.0199890136719,433.5,128855300,0.0,0.0
2026-01-30 00:00:00-05:00,439.1700134277344,439.6000061035156,426.45001220703125,430.2900085449219,58566800,0.0,0.0
2026-02-02 00:00:00-05:00,430.239990234375,430.739990234375,422.25,423.3699951171875,42219900,0.0,0.0
2026-02-03 00:00:00-05:00,422.010009765625,422.04998779296875,408.55999755859375,411.2099914550781,61424100,0.0,0.0
2026-02-04 00:00:00-05:00,411.0,419.79998779296875,409.239990234375,414.19000244140625,45012400,0.0,0.0
2026-02-05 00:00:00-05:00,407.44000244140625,408.29998779296875,392.32000732421875,393.6700134277344,66289200,0.0,0.0
2026-02-06 00:00:00-05:00,399.1700134277344,401.7900085449219,392.9200134277344,401.1400146484375,53515300,0.0,0.0
2026-02-09 00:00:00-05:00,404.8500061035156,414.8900146484375,400.8699951171875,413.6000061035156,45480500,0.0,0.0
2026-02-10 00:00:00-05:00,419.6199951171875,423.67999267578125,412.70001220703125,413.2699890136719,44857900,0.0,0.0
2026-02-11 00:00:00-05:00,416.17999267578125,416.4599914550781,401.010009765625,404.3699951171875,42440200,0.0,0.0
2026-02-12 00:00:00-05:00,405.0,405.3399963378906,398.010009765625,404.0299987792969,20081786,0.0,0.0
